-- phpMyAdmin SQL Dump
-- version 5.0.3
-- https://www.phpmyadmin.net/
--
-- Host: 127.0.0.1
-- Generation Time: Dec 01, 2020 at 08:35 AM
-- Server version: 10.4.14-MariaDB
-- PHP Version: 7.4.11

SET SQL_MODE = "NO_AUTO_VALUE_ON_ZERO";
START TRANSACTION;
SET time_zone = "+00:00";


/*!40101 SET @OLD_CHARACTER_SET_CLIENT=@@CHARACTER_SET_CLIENT */;
/*!40101 SET @OLD_CHARACTER_SET_RESULTS=@@CHARACTER_SET_RESULTS */;
/*!40101 SET @OLD_COLLATION_CONNECTION=@@COLLATION_CONNECTION */;
/*!40101 SET NAMES utf8mb4 */;

--
-- Database: `hospitallaravel`
--

-- --------------------------------------------------------

--
-- Table structure for table `db_category`
--

CREATE TABLE `db_category` (
  `id` bigint(20) UNSIGNED NOT NULL,
  `name` varchar(255) COLLATE utf8mb4_unicode_ci NOT NULL,
  `group_id` int(11) DEFAULT NULL,
  `slug` varchar(255) COLLATE utf8mb4_unicode_ci DEFAULT NULL,
  `created_at` timestamp NULL DEFAULT NULL,
  `updated_at` timestamp NULL DEFAULT NULL
) ENGINE=InnoDB DEFAULT CHARSET=utf8mb4 COLLATE=utf8mb4_unicode_ci;

--
-- Dumping data for table `db_category`
--

INSERT INTO `db_category` (`id`, `name`, `group_id`, `slug`, `created_at`, `updated_at`) VALUES
(2123, 'XQUANG', 21, 'XQUANG', '2020-12-01 00:16:59', '2020-12-01 00:16:59'),
(2124, 'CHỤP CT SCANNER', 21, 'CHỤP CT SCANNER', '2020-12-01 00:16:59', '2020-12-01 00:16:59'),
(2125, 'SIÊU ÂM', 21, 'SIÊU ÂM', '2020-12-01 00:16:59', '2020-12-01 00:16:59'),
(2126, 'XÉT NGHIỆM', 21, 'XÉT NGHIỆM', '2020-12-01 00:16:59', '2020-12-01 00:16:59'),
(2127, 'XÉT NGHIỆM GỬI MẪU', 21, 'XÉT NGHIỆM GỬI MẪU', '2020-12-01 00:16:59', '2020-12-01 00:16:59'),
(2128, 'KHÁM BỆNH', 22, 'KHÁM BỆNH', '2020-12-01 00:18:08', '2020-12-01 00:18:08'),
(2129, 'KHÁM SỨC KHỎE', 22, 'KHÁM SỨC KHỎE', '2020-12-01 00:18:09', '2020-12-01 00:18:09'),
(2130, 'DỊCH TRUYỀN SỰ NGHIỆP', 22, 'DỊCH TRUYỀN SỰ NGHIỆP', '2020-12-01 00:18:09', '2020-12-01 00:18:09'),
(2131, 'DỊCH TRUYỀN DỊCH VỤ', 22, 'DỊCH TRUYỀN DỊCH VỤ', '2020-12-01 00:18:09', '2020-12-01 00:18:09'),
(2132, 'KHOA KHÁM BỆNH', 23, 'KHOA KHÁM BỆNH', '2020-12-01 00:19:23', '2020-12-01 00:19:23'),
(2133, 'KHOA NHI', 23, 'KHOA NHI', '2020-12-01 00:19:23', '2020-12-01 00:19:23'),
(2134, 'NỘI SOI', 23, 'NỘI SOI', '2020-12-01 00:19:23', '2020-12-01 00:19:23'),
(2135, 'KHOA NỘI', 23, 'KHOA NỘI', '2020-12-01 00:19:23', '2020-12-01 00:19:23'),
(2136, 'KHOA SẢN', 23, 'KHOA SẢN', '2020-12-01 00:19:23', '2020-12-01 00:19:23'),
(2137, 'KHOA NHA', 23, 'KHOA NHA', '2020-12-01 00:19:24', '2020-12-01 00:19:24'),
(2138, 'KHOA TAI MŨI HỌNG', 23, 'KHOA TAI MŨI HỌNG', '2020-12-01 00:19:24', '2020-12-01 00:19:24'),
(2139, 'KHOA MẮT', 23, 'KHOA MẮT', '2020-12-01 00:19:24', '2020-12-01 00:19:24'),
(2140, 'NGOẠI KHOA', 23, 'NGOẠI KHOA', '2020-12-01 00:19:24', '2020-12-01 00:19:24'),
(2141, 'ĐÔNG Y', 23, 'ĐÔNG Y', '2020-12-01 00:19:25', '2020-12-01 00:19:25'),
(2142, 'VẬT LÝ TRỊ LIỆU', 23, 'VẬT LÝ TRỊ LIỆU', '2020-12-01 00:19:26', '2020-12-01 00:19:26'),
(2143, 'KHOA HỒI SỨC CẤP CỨU', 24, 'KHOA HỒI SỨC CẤP CỨU', '2020-12-01 00:31:34', '2020-12-01 00:31:34'),
(2144, 'KHOA NỘI NHIỄM', 24, 'KHOA NỘI NHIỄM', '2020-12-01 00:31:34', '2020-12-01 00:31:34'),
(2145, 'KHOA NHI', 24, 'KHOA NHI', '2020-12-01 00:31:34', '2020-12-01 00:31:34'),
(2146, 'KHOA SẢN', 24, 'KHOA SẢN', '2020-12-01 00:31:34', '2020-12-01 00:31:34'),
(2147, 'KHOA MẮT', 24, 'KHOA MẮT', '2020-12-01 00:31:34', '2020-12-01 00:31:34'),
(2148, 'KHOA TAI MŨI HỌNG', 24, 'KHOA TAI MŨI HỌNG', '2020-12-01 00:31:34', '2020-12-01 00:31:34'),
(2149, 'KHOA NGOẠI', 24, 'KHOA NGOẠI', '2020-12-01 00:31:34', '2020-12-01 00:31:34'),
(2150, 'KHOA BỎNG', 24, 'KHOA BỎNG', '2020-12-01 00:31:34', '2020-12-01 00:31:34'),
(2151, 'GIÁ NGÀY GIƯỜNG BỆNH (BN DỊCH VỤ)', 24, 'GIÁ NGÀY GIƯỜNG BỆNH (BN DỊCH VỤ)', '2020-12-01 00:31:34', '2020-12-01 00:31:34'),
(2152, 'PHỤ THU CHÊNH LỆCH PHÒNG DỊCH VỤ Đối với giường nội khoa khoa Nội/Nhi ', 24, 'PHỤ THU CHÊNH LỆCH PHÒNG DỊCH VỤ Đối với giường nội khoa khoa Nội/Nhi ', '2020-12-01 00:31:34', '2020-12-01 00:31:34'),
(2153, 'PHỤ THU CHÊNH LỆCH PHÒNG DỊCH VỤ  Đối với giường nội khoa khoa Ngoại, Sản, Mắt, TMH ', 24, 'PHỤ THU CHÊNH LỆCH PHÒNG DỊCH VỤ  Đối với giường nội khoa khoa Ngoại, Sản, Mắt, TMH ', '2020-12-01 00:31:34', '2020-12-01 00:31:34'),
(2154, 'PHỤ THU CHÊNH LỆCH PHÒNG DỊCH VỤ   Đối với giường ngoại khoa loại 1 ( Sau phẫu thuật loại Đặc Biệt, Bỏng 3-4 > 75%) ', 24, 'PHỤ THU CHÊNH LỆCH PHÒNG DỊCH VỤ   Đối với giường ngoại khoa loại 1 ( Sau phẫu thuật loại Đặc Biệt, Bỏng 3-4 > 75%) ', '2020-12-01 00:31:34', '2020-12-01 00:31:34'),
(2155, 'PHỤ THU CHÊNH LỆCH PHÒNG DỊCH VỤ Đối với giường ngoại khoa loại 2 ( sau phẫu thuật loại 1, Bỏng độ 3 -4 từ 25% - 70% )', 24, 'PHỤ THU CHÊNH LỆCH PHÒNG DỊCH VỤ Đối với giường ngoại khoa loại 2 ( sau phẫu thuật loại 1, Bỏng độ 3 -4 từ 25% - 70% )', '2020-12-01 00:31:34', '2020-12-01 00:31:34'),
(2156, 'PHỤ THU CHÊNH LỆCH PHÒNG DỊCH VỤ Đối với giường ngoại khoa loại 3 ( sau phẫu thuật loại II, Bỏng độ 2 > 30% Độ 3-4 < 25% ) ', 24, 'PHỤ THU CHÊNH LỆCH PHÒNG DỊCH VỤ Đối với giường ngoại khoa loại 3 ( sau phẫu thuật loại II, Bỏng độ 2 > 30% Độ 3-4 < 25% ) ', '2020-12-01 00:31:34', '2020-12-01 00:31:34'),
(2157, 'PHỤ THU CHÊNH LỆCH PHÒNG DỊCH VỤ Đối với giường ngoại khoa loại 4 ( sau phẫu thuật loại III, Bỏng độ 1,2 < 30% ) ', 24, 'PHỤ THU CHÊNH LỆCH PHÒNG DỊCH VỤ Đối với giường ngoại khoa loại 4 ( sau phẫu thuật loại III, Bỏng độ 1,2 < 30% ) ', '2020-12-01 00:31:34', '2020-12-01 00:31:34'),
(2158, 'PHỤ THU CHÊNH LỆCH PHÒNG DỊCH VỤ KHÁC', 24, 'PHỤ THU CHÊNH LỆCH PHÒNG DỊCH VỤ KHÁC', '2020-12-01 00:31:34', '2020-12-01 00:31:34'),
(2159, 'TIÊM NGỪA VACCIN', 24, 'TIÊM NGỪA VACCIN', '2020-12-01 00:31:34', '2020-12-01 00:31:34');

-- --------------------------------------------------------

--
-- Table structure for table `db_chidinh`
--

CREATE TABLE `db_chidinh` (
  `id` bigint(20) UNSIGNED NOT NULL,
  `name` varchar(255) COLLATE utf8mb4_unicode_ci NOT NULL,
  `slug` varchar(255) COLLATE utf8mb4_unicode_ci DEFAULT NULL,
  `price_bhyt` varchar(255) COLLATE utf8mb4_unicode_ci DEFAULT NULL,
  `price_dichvu` varchar(255) COLLATE utf8mb4_unicode_ci DEFAULT NULL,
  `price_dichvutyc` varchar(255) COLLATE utf8mb4_unicode_ci DEFAULT NULL,
  `group_id` int(11) DEFAULT NULL,
  `category_id` int(11) DEFAULT NULL,
  `created_at` timestamp NULL DEFAULT NULL,
  `updated_at` timestamp NULL DEFAULT NULL
) ENGINE=InnoDB DEFAULT CHARSET=utf8mb4 COLLATE=utf8mb4_unicode_ci;

--
-- Dumping data for table `db_chidinh`
--

INSERT INTO `db_chidinh` (`id`, `name`, `slug`, `price_bhyt`, `price_dichvu`, `price_dichvutyc`, `group_id`, `category_id`, `created_at`, `updated_at`) VALUES
(10603, 'Chụp Xquang sọ thẳng/nghiêng', 'Chụp Xquang sọ thẳng/nghiêng', ' 65,400', '-', ' 90,000', 21, 2123, '2020-12-01 00:16:59', '2020-12-01 00:16:59'),
(10604, 'Chụp Xquang Blondeau - Hirtz', 'Chụp Xquang Blondeau - Hirtz', ' 65,400', '-', ' 90,000', 21, 2123, '2020-12-01 00:16:59', '2020-12-01 00:16:59'),
(10605, 'Chụp Xquang Blondeau', 'Chụp Xquang Blondeau', ' 65,400', '-', ' 90,000', 21, 2123, '2020-12-01 00:16:59', '2020-12-01 00:16:59'),
(10606, 'Chụp Xquang Hirtz', 'Chụp Xquang Hirtz', ' 65,400', '-', ' 90,000', 21, 2123, '2020-12-01 00:16:59', '2020-12-01 00:16:59'),
(10607, 'Chụp Xquang Schuller', 'Chụp Xquang Schuller', ' 65,400', '-', ' 90,000', 21, 2123, '2020-12-01 00:16:59', '2020-12-01 00:16:59'),
(10608, 'Chụp Xquang xương chính mũi nghiêng hoặc tiếp tuyến [nghiêng]', 'Chụp Xquang xương chính mũi nghiêng hoặc tiếp tuyến [nghiêng]', ' 65,400', ' 65,400', ' 90,000', 21, 2123, '2020-12-01 00:16:59', '2020-12-01 00:16:59'),
(10609, 'Chụp Xquang ngực thẳng', 'Chụp Xquang ngực thẳng', ' 65,400', ' 65,400', ' 90,000', 21, 2123, '2020-12-01 00:16:59', '2020-12-01 00:16:59'),
(10610, 'Chụp Xquang ngực nghiêng hoặc chếch mỗi bên [Nghiêng]', 'Chụp Xquang ngực nghiêng hoặc chếch mỗi bên [Nghiêng]', ' 65,400', ' 65,400', ' 90,000', 21, 2123, '2020-12-01 00:16:59', '2020-12-01 00:16:59'),
(10611, 'Chụp Xquang đỉnh phổi ưỡn', 'Chụp Xquang đỉnh phổi ưỡn', ' 65,400', ' 65,400', ' 90,000', 21, 2123, '2020-12-01 00:16:59', '2020-12-01 00:16:59'),
(10612, 'Chụp Xquang ngực nghiêng hoặc chếch mỗi bên [chếch mỗi bên]', 'Chụp Xquang ngực nghiêng hoặc chếch mỗi bên [chếch mỗi bên]', ' 65,400', ' 65,400', ' 90,000', 21, 2123, '2020-12-01 00:16:59', '2020-12-01 00:16:59'),
(10613, 'Chụp Xquang cột sống cổ thẳng nghiêng', 'Chụp Xquang cột sống cổ thẳng nghiêng', ' 65,400', '-', ' 90,000', 21, 2123, '2020-12-01 00:16:59', '2020-12-01 00:16:59'),
(10614, 'Chụp Xquang cột sống ngực thẳng nghiêng hoặc chếch [ T-N]', 'Chụp Xquang cột sống ngực thẳng nghiêng hoặc chếch [ T-N]', ' 65,400', '-', ' 90,000', 21, 2123, '2020-12-01 00:16:59', '2020-12-01 00:16:59'),
(10615, 'Chụp Xquang cột sống thắt lưng thẳng nghiêng', 'Chụp Xquang cột sống thắt lưng thẳng nghiêng', ' 65,400', '-', ' 90,000', 21, 2123, '2020-12-01 00:16:59', '2020-12-01 00:16:59'),
(10616, 'Chụp Xquang cột sống cùng cụt thẳng nghiêng', 'Chụp Xquang cột sống cùng cụt thẳng nghiêng', ' 65,400', '-', ' 90,000', 21, 2123, '2020-12-01 00:16:59', '2020-12-01 00:16:59'),
(10617, 'Chụp Xquang xương bàn ngón tay thẳng, nghiêng hoặc chếch [bàn tay, ngón tay T-N]', 'Chụp Xquang xương bàn ngón tay thẳng, nghiêng hoặc chếch [bàn tay, ngón tay T-N]', ' 65,400', '-', ' 90,000', 21, 2123, '2020-12-01 00:16:59', '2020-12-01 00:16:59'),
(10618, 'Chụp Xquang xương cổ tay thẳng, nghiêng hoặc chếch [T-N]', 'Chụp Xquang xương cổ tay thẳng, nghiêng hoặc chếch [T-N]', ' 65,400', '-', ' 90,000', 21, 2123, '2020-12-01 00:16:59', '2020-12-01 00:16:59'),
(10619, 'Chụp Xquang xương cẳng tay thẳng nghiêng', 'Chụp Xquang xương cẳng tay thẳng nghiêng', ' 65,400', '-', ' 90,000', 21, 2123, '2020-12-01 00:16:59', '2020-12-01 00:16:59'),
(10620, 'Chụp Xquang khớp khuỷu thẳng, nghiêng hoặc chếch [khuỷu tay T-N]', 'Chụp Xquang khớp khuỷu thẳng, nghiêng hoặc chếch [khuỷu tay T-N]', ' 65,400', '-', ' 90,000', 21, 2123, '2020-12-01 00:16:59', '2020-12-01 00:16:59'),
(10621, 'Chụp Xquang xương cánh tay thẳng nghiêng', 'Chụp Xquang xương cánh tay thẳng nghiêng', ' 65,400', '-', ' 90,000', 21, 2123, '2020-12-01 00:16:59', '2020-12-01 00:16:59'),
(10622, 'Chụp Xquang khớp vai thẳng', 'Chụp Xquang khớp vai thẳng', ' 65,400', '-', ' 90,000', 21, 2123, '2020-12-01 00:16:59', '2020-12-01 00:16:59'),
(10623, 'Chụp Xquang xương bàn, ngón chân thẳng, nghiêng hoặc chếch [ bàn chân,ngón chân T-N]', 'Chụp Xquang xương bàn, ngón chân thẳng, nghiêng hoặc chếch [ bàn chân,ngón chân T-N]', ' 65,400', '-', ' 90,000', 21, 2123, '2020-12-01 00:16:59', '2020-12-01 00:16:59'),
(10624, 'Chụp Xquang xương cổ chân thẳng, nghiêng hoặc chếch [T-N]', 'Chụp Xquang xương cổ chân thẳng, nghiêng hoặc chếch [T-N]', ' 65,400', '-', ' 90,000', 21, 2123, '2020-12-01 00:16:59', '2020-12-01 00:16:59'),
(10625, 'Chụp Xquang xương cẳng chân thẳng nghiêng', 'Chụp Xquang xương cẳng chân thẳng nghiêng', ' 65,400', '-', ' 90,000', 21, 2123, '2020-12-01 00:16:59', '2020-12-01 00:16:59'),
(10626, 'Chụp Xquang khớp gối thẳng, nghiêng hoặc chếch [T-N]', 'Chụp Xquang khớp gối thẳng, nghiêng hoặc chếch [T-N]', ' 65,400', '-', ' 90,000', 21, 2123, '2020-12-01 00:16:59', '2020-12-01 00:16:59'),
(10627, 'Chụp Xquang xương đùi thẳng nghiêng', 'Chụp Xquang xương đùi thẳng nghiêng', ' 65,400', '-', ' 90,000', 21, 2123, '2020-12-01 00:16:59', '2020-12-01 00:16:59'),
(10628, 'Chụp Xquang khớp háng nghiêng', 'Chụp Xquang khớp háng nghiêng', ' 65,400', '-', ' 90,000', 21, 2123, '2020-12-01 00:16:59', '2020-12-01 00:16:59'),
(10629, 'Chụp Xquang khớp háng thẳng hai bên', 'Chụp Xquang khớp háng thẳng hai bên', ' 65,400', '-', ' 90,000', 21, 2123, '2020-12-01 00:16:59', '2020-12-01 00:16:59'),
(10630, 'Chụp Xquang khớp thái dương hàm', 'Chụp Xquang khớp thái dương hàm', ' 65,400', ' 65,400', ' 90,000', 21, 2123, '2020-12-01 00:16:59', '2020-12-01 00:16:59'),
(10631, 'Chụp Xquang mỏm trâm', 'Chụp Xquang mỏm trâm', ' 65,400', '-', ' 90,000', 21, 2123, '2020-12-01 00:16:59', '2020-12-01 00:16:59'),
(10632, 'Chụp Xquang cột sống ngực thẳng nghiêng hoặc chếch [XQ PHỔI THẲNG + NGHIÊNG (KTS)]', 'Chụp Xquang cột sống ngực thẳng nghiêng hoặc chếch [XQ PHỔI THẲNG + NGHIÊNG (KTS)]', ' 97,200', '-', ' 120,000', 21, 2123, '2020-12-01 00:16:59', '2020-12-01 00:16:59'),
(10633, 'Chụp Xquang bụng không chuẩn bị thẳng hoặc nghiêng', 'Chụp Xquang bụng không chuẩn bị thẳng hoặc nghiêng', ' 65,400', ' 65,400', ' 90,000', 21, 2123, '2020-12-01 00:16:59', '2020-12-01 00:16:59'),
(10634, ' Chụp Xquang khung chậu thẳng', ' Chụp Xquang khung chậu thẳng', ' 65,400', ' 90,000', ' 90,000', 21, 2123, '2020-12-01 00:16:59', '2020-12-01 00:16:59'),
(10635, 'Chụp Xquang xương gót thẳng nghiêng', 'Chụp Xquang xương gót thẳng nghiêng', ' 65,400', ' 90,000', ' 90,000', 21, 2123, '2020-12-01 00:16:59', '2020-12-01 00:16:59'),
(10636, 'Chụp Xquang răng cận chóp (Periapical)', 'Chụp Xquang răng cận chóp (Periapical)', ' 18,900', ' 18,900', ' 25,000', 21, 2123, '2020-12-01 00:16:59', '2020-12-01 00:16:59'),
(10637, 'In lại phim Xquang', 'In lại phim Xquang', '-', '-', ' 20,000', 21, 2123, '2020-12-01 00:16:59', '2020-12-01 00:16:59'),
(10638, 'XQ Nha KTS (In giấy)', 'XQ Nha KTS (In giấy)', '-', '-', ' 30,000', 21, 2123, '2020-12-01 00:16:59', '2020-12-01 00:16:59'),
(10639, 'Đo mật độ xương bằng phương pháp DEXA [2 vị trí ]', 'Đo mật độ xương bằng phương pháp DEXA [2 vị trí ]', ' 141,000', ' 141,000', ' 150,000', 21, 2123, '2020-12-01 00:16:59', '2020-12-01 00:16:59'),
(10640, 'Chụp CLVT sọ não không tiêm thuốc cản quang (từ 1-32 dãy)', 'Chụp CLVT sọ não không tiêm thuốc cản quang (từ 1-32 dãy)', ' 522,000', ' 522,000', ' 700,000', 21, 2124, '2020-12-01 00:16:59', '2020-12-01 00:16:59'),
(10641, 'Chụp CLVT sọ não không tiêm thuốc cản quang (từ 1-32 dãy) [lần 2]', 'Chụp CLVT sọ não không tiêm thuốc cản quang (từ 1-32 dãy) [lần 2]', ' 522,000', ' 522,000', ' 350,000', 21, 2124, '2020-12-01 00:16:59', '2020-12-01 00:16:59'),
(10642, 'Chụp CLVT sọ não không tiêm thuốc cản quang (từ 1-32 dãy) [lần 3 trở đi]', 'Chụp CLVT sọ não không tiêm thuốc cản quang (từ 1-32 dãy) [lần 3 trở đi]', ' 522,000', ' 522,000', ' 350,000', 21, 2124, '2020-12-01 00:16:59', '2020-12-01 00:16:59'),
(10643, 'Chụp CLVT sọ não có tiêm thuốc cản quang (từ 1-32 dãy)', 'Chụp CLVT sọ não có tiêm thuốc cản quang (từ 1-32 dãy)', ' 632,000', ' 632,000', ' 1,000,000', 21, 2124, '2020-12-01 00:16:59', '2020-12-01 00:16:59'),
(10644, 'Chụp CLVT hàm-mặt không tiêm thuốc cản quang (từ 1-32 dãy)', 'Chụp CLVT hàm-mặt không tiêm thuốc cản quang (từ 1-32 dãy)', ' 522,000', ' 522,000', ' 700,000', 21, 2124, '2020-12-01 00:16:59', '2020-12-01 00:16:59'),
(10645, 'Chụp CLVT hàm-mặt có tiêm thuốc cản quang (từ 1-32 dãy)', 'Chụp CLVT hàm-mặt có tiêm thuốc cản quang (từ 1-32 dãy)', ' 632,000', ' 632,000', ' 1,000,000', 21, 2124, '2020-12-01 00:16:59', '2020-12-01 00:16:59'),
(10646, 'Chụp CLVT tai-xương đá không tiêm thuốc cản quang (từ 1-32 dãy)', 'Chụp CLVT tai-xương đá không tiêm thuốc cản quang (từ 1-32 dãy)', ' 522,000', ' 522,000', ' 700,000', 21, 2124, '2020-12-01 00:16:59', '2020-12-01 00:16:59'),
(10647, 'Chụp CLVT tai-xương đá có tiêm thuốc cản quang (từ 1-32 dãy)', 'Chụp CLVT tai-xương đá có tiêm thuốc cản quang (từ 1-32 dãy)', ' 632,000', ' 632,000', ' 1,000,000', 21, 2124, '2020-12-01 00:16:59', '2020-12-01 00:16:59'),
(10648, 'Chụp cắt lớp vi tính lồng ngực không tiêm thuốc cản quang (từ 1-32 dãy)', 'Chụp cắt lớp vi tính lồng ngực không tiêm thuốc cản quang (từ 1-32 dãy)', ' 522,000', ' 522,000', ' 700,000', 21, 2124, '2020-12-01 00:16:59', '2020-12-01 00:16:59'),
(10649, 'Chụp cắt lớp vi tính lồng ngực có tiêm thuốc cản quang (từ 1-32 dãy)', 'Chụp cắt lớp vi tính lồng ngực có tiêm thuốc cản quang (từ 1-32 dãy)', ' 632,000', ' 632,000', ' 1,200,000', 21, 2124, '2020-12-01 00:16:59', '2020-12-01 00:16:59'),
(10650, 'Chụp cắt lớp vi tính tiểu khung thường quy (gồm: chụp cắt lớp vi tính tử cung-buồng trứng, tiền liệt tuyến, các khối u vùng tiểu khung.v.v.) [không thuốc cản quang]', 'Chụp cắt lớp vi tính tiểu khung thường quy (gồm: chụp cắt lớp vi tính tử cung-buồng trứng, tiền liệt tuyến, các khối u vùng tiểu khung.v.v.) [không thuốc cản quang]', ' 522,000', ' 522,000', ' 900,000', 21, 2124, '2020-12-01 00:16:59', '2020-12-01 00:16:59'),
(10651, 'Chụp cắt lớp vi tính tiểu khung thường quy (gồm chụp cắt lớp vi tính tử cung-buồng trứng, tiền liệt tuyến, các khối u vùng tiểu khung.v.v.) [có thuốc cản quang]', 'Chụp cắt lớp vi tính tiểu khung thường quy (gồm chụp cắt lớp vi tính tử cung-buồng trứng, tiền liệt tuyến, các khối u vùng tiểu khung.v.v.) [có thuốc cản quang]', ' 632,000', ' 632,000', ' 1,200,000', 21, 2124, '2020-12-01 00:16:59', '2020-12-01 00:16:59'),
(10652, 'Chụp cắt lớp vi tính tầng trên ổ bụng thường quy (gồm: chụp Cắt lớp vi tính gan-mật, tụy, lách, dạ dày-tá tràng.v.v.) (từ 1-32 dãy) [không thuốc cản quang]', 'Chụp cắt lớp vi tính tầng trên ổ bụng thường quy (gồm: chụp Cắt lớp vi tính gan-mật, tụy, lách, dạ dày-tá tràng.v.v.) (từ 1-32 dãy) [không thuốc cản quang]', ' 522,000', ' 522,000', ' 900,000', 21, 2124, '2020-12-01 00:16:59', '2020-12-01 00:16:59'),
(10653, 'Chụp cắt lớp vi tính tầng trên ổ bụng thường quy (gồm: chụp Cắt lớp vi tính gan-mật, tụy, lách, dạ dày-tá tràng.v.v.) (từ 1-32 dãy) [có thuốc cản quang]', 'Chụp cắt lớp vi tính tầng trên ổ bụng thường quy (gồm: chụp Cắt lớp vi tính gan-mật, tụy, lách, dạ dày-tá tràng.v.v.) (từ 1-32 dãy) [có thuốc cản quang]', ' 632,000', ' 632,000', ' 1,200,000', 21, 2124, '2020-12-01 00:16:59', '2020-12-01 00:16:59'),
(10654, 'Chụp cắt lớp vi tính hệ tiết niệu thường quy (từ 1-32 dãy)', 'Chụp cắt lớp vi tính hệ tiết niệu thường quy (từ 1-32 dãy)', ' 632,000', ' 632,000', ' 1,200,000', 21, 2124, '2020-12-01 00:16:59', '2020-12-01 00:16:59'),
(10655, 'Chụp CLVT sọ não có dựng hình 3D (từ 1-32 dãy)', 'Chụp CLVT sọ não có dựng hình 3D (từ 1-32 dãy)', ' 632,000', ' 632,000', ' 1,000,000', 21, 2124, '2020-12-01 00:16:59', '2020-12-01 00:16:59'),
(10656, 'Chụp CLVT hàm mặt có dựng hình 3D (từ 1-32 dãy)', 'Chụp CLVT hàm mặt có dựng hình 3D (từ 1-32 dãy)', ' 522,000', ' 522,000', ' 700,000', 21, 2124, '2020-12-01 00:16:59', '2020-12-01 00:16:59'),
(10657, 'Chụp cắt lớp vi tính cột sống cổ không tiêm thuốc cản quang (từ 1-32 dãy)', 'Chụp cắt lớp vi tính cột sống cổ không tiêm thuốc cản quang (từ 1-32 dãy)', ' 522,000', ' 522,000', ' 700,000', 21, 2124, '2020-12-01 00:16:59', '2020-12-01 00:16:59'),
(10658, 'Chụp cắt lớp vi tính cột sống cổ có tiêm thuốc cản quang (từ 1-32 dãy)', 'Chụp cắt lớp vi tính cột sống cổ có tiêm thuốc cản quang (từ 1-32 dãy)', ' 632,000', ' 632,000', ' 1,000,000', 21, 2124, '2020-12-01 00:16:59', '2020-12-01 00:16:59'),
(10659, 'Chụp cắt lớp vi tính cột sống ngực không tiêm thuốc cản quang (từ 1-32 dãy)', 'Chụp cắt lớp vi tính cột sống ngực không tiêm thuốc cản quang (từ 1-32 dãy)', ' 522,000', ' 522,000', ' 900,000', 21, 2124, '2020-12-01 00:16:59', '2020-12-01 00:16:59'),
(10660, 'Chụp cắt lớp vi tính cột sống ngực có tiêm thuốc cản quang (từ 1-32 dãy)', 'Chụp cắt lớp vi tính cột sống ngực có tiêm thuốc cản quang (từ 1-32 dãy)', ' 632,000', ' 632,000', ' 1,200,000', 21, 2124, '2020-12-01 00:16:59', '2020-12-01 00:16:59'),
(10661, 'Chụp cắt lớp vi tính cột sống thắt lưng không tiêm thuốc cản quang (từ 1-32 dãy)', 'Chụp cắt lớp vi tính cột sống thắt lưng không tiêm thuốc cản quang (từ 1-32 dãy)', ' 522,000', ' 522,000', ' 900,000', 21, 2124, '2020-12-01 00:16:59', '2020-12-01 00:16:59'),
(10662, 'Chụp cắt lớp vi tính cột sống thắt lưng có tiêm thuốc cản quang (từ 1-32 dãy)', 'Chụp cắt lớp vi tính cột sống thắt lưng có tiêm thuốc cản quang (từ 1-32 dãy)', ' 632,000', ' 632,000', ' 1,200,000', 21, 2124, '2020-12-01 00:16:59', '2020-12-01 00:16:59'),
(10663, 'Chụp cắt lớp vi tính khớp thường quy không tiêm thuốc cản quang (từ 1-32 dãy)', 'Chụp cắt lớp vi tính khớp thường quy không tiêm thuốc cản quang (từ 1-32 dãy)', ' 522,000', ' 522,000', ' 700,000', 21, 2124, '2020-12-01 00:16:59', '2020-12-01 00:16:59'),
(10664, 'Chụp cắt lớp vi tính xương chi không tiêm thuốc cản quang (từ 1-32 dãy)', 'Chụp cắt lớp vi tính xương chi không tiêm thuốc cản quang (từ 1-32 dãy)', ' 522,000', ' 522,000', ' 700,000', 21, 2124, '2020-12-01 00:16:59', '2020-12-01 00:16:59'),
(10665, 'Chụp cắt lớp vi tính mạch máu chi trên (từ 1-32 dãy)', 'Chụp cắt lớp vi tính mạch máu chi trên (từ 1-32 dãy)', ' 632,000', ' 632,000', ' 1,000,000', 21, 2124, '2020-12-01 00:16:59', '2020-12-01 00:16:59'),
(10666, 'Chụp cắt lớp vi tính mạch máu chi dưới (từ 1-32 dãy)', 'Chụp cắt lớp vi tính mạch máu chi dưới (từ 1-32 dãy)', ' 632,000', ' 632,000', ' 1,000,000', 21, 2124, '2020-12-01 00:16:59', '2020-12-01 00:16:59'),
(10667, 'Phụ thu máy bơm tiêm thuốc cản quang', 'Phụ thu máy bơm tiêm thuốc cản quang', '-', ' 400,000', ' 400,000', 21, 2124, '2020-12-01 00:16:59', '2020-12-01 00:16:59'),
(10668, 'In lại phim CT', 'In lại phim CT', '-', ' 50,000', ' 50,000', 21, 2124, '2020-12-01 00:16:59', '2020-12-01 00:16:59'),
(10669, 'Siêu âm ổ bụng (gan mật, tụy, lách, thận, bàng quang) [trắng đen]', 'Siêu âm ổ bụng (gan mật, tụy, lách, thận, bàng quang) [trắng đen]', ' 43,900', ' 43,900', ' 55,000', 21, 2125, '2020-12-01 00:16:59', '2020-12-01 00:16:59'),
(10670, 'Siêu âm tuyến vú hai bên [TRẮNG ĐEN]', 'Siêu âm tuyến vú hai bên [TRẮNG ĐEN]', ' 43,900', ' 43,900', ' 55,000', 21, 2125, '2020-12-01 00:16:59', '2020-12-01 00:16:59'),
(10671, 'Siêu âm tuyến giáp [trắng đen]', 'Siêu âm tuyến giáp [trắng đen]', ' 43,900', ' 43,900', ' 55,000', 21, 2125, '2020-12-01 00:16:59', '2020-12-01 00:16:59'),
(10672, 'Siêu âm phần mềm (một vị trí) [trắng đen]', 'Siêu âm phần mềm (một vị trí) [trắng đen]', ' 43,900', ' 43,900', ' 55,000', 21, 2125, '2020-12-01 00:16:59', '2020-12-01 00:16:59'),
(10673, 'Siêu âm tử cung buồng trứng qua đường bụng [trắng đen]', 'Siêu âm tử cung buồng trứng qua đường bụng [trắng đen]', ' 43,900', ' 43,900', ' 55,000', 21, 2125, '2020-12-01 00:16:59', '2020-12-01 00:16:59'),
(10674, 'Siêu âm thai (thai, nhau thai, nước ối) [trắng đen]', 'Siêu âm thai (thai, nhau thai, nước ối) [trắng đen]', ' 43,900', ' 43,900', ' 55,000', 21, 2125, '2020-12-01 00:16:59', '2020-12-01 00:16:59'),
(10675, 'Siêu âm dương vật [trắng đen]', 'Siêu âm dương vật [trắng đen]', ' 43,900', ' 43,900', ' 55,000', 21, 2125, '2020-12-01 00:16:59', '2020-12-01 00:16:59'),
(10676, 'Siêu âm khớp (gối, háng, khuỷu, cổ tay….) [trắng đen]', 'Siêu âm khớp (gối, háng, khuỷu, cổ tay….) [trắng đen]', ' 43,900', ' 43,900', ' 55,000', 21, 2125, '2020-12-01 00:16:59', '2020-12-01 00:16:59'),
(10677, 'Siêu âm các tuyến nước bọt [trắng đen]', 'Siêu âm các tuyến nước bọt [trắng đen]', ' 43,900', ' 43,900', ' 55,000', 21, 2125, '2020-12-01 00:16:59', '2020-12-01 00:16:59'),
(10678, 'Siêu âm cơ phần mềm vùng cổ mặt [trắng đen]', 'Siêu âm cơ phần mềm vùng cổ mặt [trắng đen]', ' 43,900', ' 43,900', ' 55,000', 21, 2125, '2020-12-01 00:16:59', '2020-12-01 00:16:59'),
(10679, 'Siêu âm hạch vùng cổ [trắng đen]', 'Siêu âm hạch vùng cổ [trắng đen]', ' 43,900', ' 43,900', ' 55,000', 21, 2125, '2020-12-01 00:16:59', '2020-12-01 00:16:59'),
(10680, 'Siêu âm tử cung buồng trứng qua đường âm đạo', 'Siêu âm tử cung buồng trứng qua đường âm đạo', ' 181,000', ' 181,000', ' 190,000', 21, 2125, '2020-12-01 00:16:59', '2020-12-01 00:16:59'),
(10681, 'Siêu âm tuyến vú hai bên [MÀU]', 'Siêu âm tuyến vú hai bên [MÀU]', ' 43,900', ' 90,000', ' 110,000', 21, 2125, '2020-12-01 00:16:59', '2020-12-01 00:16:59'),
(10682, 'Siêu âm tuyến giáp [màu]', 'Siêu âm tuyến giáp [màu]', ' 43,900', ' 90,000', ' 110,000', 21, 2125, '2020-12-01 00:16:59', '2020-12-01 00:16:59'),
(10683, 'Siêu âm phần mềm (một vị trí) [màu]', 'Siêu âm phần mềm (một vị trí) [màu]', ' 43,900', ' 90,000', ' 110,000', 21, 2125, '2020-12-01 00:16:59', '2020-12-01 00:16:59'),
(10684, 'Siêu âm thai (thai, nhau thai, nước ối) [màu]', 'Siêu âm thai (thai, nhau thai, nước ối) [màu]', ' 43,900', ' 90,000', ' 110,000', 21, 2125, '2020-12-01 00:16:59', '2020-12-01 00:16:59'),
(10685, 'Siêu âm ổ bung (gan mật, tụy, lách, thận, bàng quang) [màu]', 'Siêu âm ổ bung (gan mật, tụy, lách, thận, bàng quang) [màu]', ' 43,900', ' 90,000', ' 110,000', 21, 2125, '2020-12-01 00:16:59', '2020-12-01 00:16:59'),
(10686, 'Siêu âm tử cung buồng trứng qua đường bụng [màu]', 'Siêu âm tử cung buồng trứng qua đường bụng [màu]', ' 43,900', ' 90,000', ' 110,000', 21, 2125, '2020-12-01 00:16:59', '2020-12-01 00:16:59'),
(10687, 'Siêu âm dương vật [màu]', 'Siêu âm dương vật [màu]', ' 43,900', ' 90,000', ' 110,000', 21, 2125, '2020-12-01 00:16:59', '2020-12-01 00:16:59'),
(10688, 'Siêu âm khớp (gối, háng, khuỷu, cổ tay….) [màu]', 'Siêu âm khớp (gối, háng, khuỷu, cổ tay….) [màu]', ' 43,900', ' 90,000', ' 110,000', 21, 2125, '2020-12-01 00:16:59', '2020-12-01 00:16:59'),
(10689, 'Siêu âm các tuyến nước bọt [màu]', 'Siêu âm các tuyến nước bọt [màu]', ' 43,900', ' 90,000', ' 110,000', 21, 2125, '2020-12-01 00:16:59', '2020-12-01 00:16:59'),
(10690, 'Siêu âm cơ phần mềm vùng cổ mặt [màu]', 'Siêu âm cơ phần mềm vùng cổ mặt [màu]', ' 43,900', ' 90,000', ' 110,000', 21, 2125, '2020-12-01 00:16:59', '2020-12-01 00:16:59'),
(10691, 'Siêu âm hạch vùng cổ [màu]', 'Siêu âm hạch vùng cổ [màu]', ' 43,900', ' 90,000', ' 110,000', 21, 2125, '2020-12-01 00:16:59', '2020-12-01 00:16:59'),
(10692, 'Siêu âm Doppler tim', 'Siêu âm Doppler tim', ' 222,000', ' 222,000', ' 240,000', 21, 2125, '2020-12-01 00:16:59', '2020-12-01 00:16:59'),
(10693, 'Siêu âm Doppler động mạch, tĩnh mạch chi dưới', 'Siêu âm Doppler động mạch, tĩnh mạch chi dưới', ' 222,000', ' 222,000', ' 240,000', 21, 2125, '2020-12-01 00:16:59', '2020-12-01 00:16:59'),
(10694, 'Siêu âm thai 4 chiều (1 thai)', 'Siêu âm thai 4 chiều (1 thai)', '-', ' 230,000', ' 250,000', 21, 2125, '2020-12-01 00:16:59', '2020-12-01 00:16:59'),
(10695, 'Siêu âm thai 4 chiều (2 thai)', 'Siêu âm thai 4 chiều (2 thai)', '-', ' 250,000', ' 270,000', 21, 2125, '2020-12-01 00:16:59', '2020-12-01 00:16:59'),
(10696, 'Siêu âm Doppler mạch máu ổ bụng (động mạch chủ, mạc treo tràng trên, thân tạng…)', 'Siêu âm Doppler mạch máu ổ bụng (động mạch chủ, mạc treo tràng trên, thân tạng…)', ' 222,000', ' 222,000', ' 240,000', 21, 2125, '2020-12-01 00:16:59', '2020-12-01 00:16:59'),
(10697, 'Siêu âm Doppler động mạch thận', 'Siêu âm Doppler động mạch thận', ' 222,000', ' 222,000', ' 240,000', 21, 2125, '2020-12-01 00:16:59', '2020-12-01 00:16:59'),
(10698, 'Doppler động mạch cảnh, Doppler xuyên sọ', 'Doppler động mạch cảnh, Doppler xuyên sọ', ' 222,000', ' 222,000', ' 240,000', 21, 2125, '2020-12-01 00:16:59', '2020-12-01 00:16:59'),
(10699, 'Siêu âm thai độ mờ da gáy', 'Siêu âm thai độ mờ da gáy', '-', ' 120,000', ' 140,000', 21, 2125, '2020-12-01 00:16:59', '2020-12-01 00:16:59'),
(10700, ' Tổng phân tích tế bào máu ngoại vi (bằng máy đếm laser)', ' Tổng phân tích tế bào máu ngoại vi (bằng máy đếm laser)', ' 46,200', ' 46,200', ' 60,000', 21, 2126, '2020-12-01 00:16:59', '2020-12-01 00:16:59'),
(10701, 'Định nhóm máu hệ ABO (Kỹ thuật ống nghiệm)', 'Định nhóm máu hệ ABO (Kỹ thuật ống nghiệm)', ' 39,100', ' 39,100', ' 43,000', 21, 2126, '2020-12-01 00:16:59', '2020-12-01 00:16:59'),
(10702, 'Định nhóm máu hệ ABO bằng giấy định nhóm máu để truyền máu toàn phần, khối hồng cầu, khối bạch cầu', 'Định nhóm máu hệ ABO bằng giấy định nhóm máu để truyền máu toàn phần, khối hồng cầu, khối bạch cầu', ' 23,100', ' 23,100', ' 26,000', 21, 2126, '2020-12-01 00:16:59', '2020-12-01 00:16:59'),
(10703, 'Định nhóm máu hệ ABO bằng giấy định nhóm máu để truyền chế phẩm tiểu cầu hoặc huyết tương', 'Định nhóm máu hệ ABO bằng giấy định nhóm máu để truyền chế phẩm tiểu cầu hoặc huyết tương', ' 20,700', ' 20,700', ' 25,000', 21, 2126, '2020-12-01 00:16:59', '2020-12-01 00:16:59'),
(10704, ' Định nhóm máu hệ Rh(D) (Kỹ thuật ống nghiệm)', ' Định nhóm máu hệ Rh(D) (Kỹ thuật ống nghiệm)', ' 31,100', ' 31,100', ' 35,000', 21, 2126, '2020-12-01 00:16:59', '2020-12-01 00:16:59'),
(10705, 'Thời gian máu chảy phương pháp Duke', 'Thời gian máu chảy phương pháp Duke', ' 12,600', ' 12,600', ' 15,000', 21, 2126, '2020-12-01 00:16:59', '2020-12-01 00:16:59'),
(10706, 'Thời gian máu đông', 'Thời gian máu đông', ' 12,600', ' 12,600', ' 15,000', 21, 2126, '2020-12-01 00:16:59', '2020-12-01 00:16:59'),
(10707, 'Thời gian prothrombin (PT: Prothrombin Time), (Các tên khác: TQ; Tỷ lệ Prothrombin) bằng máy tự động', 'Thời gian prothrombin (PT: Prothrombin Time), (Các tên khác: TQ; Tỷ lệ Prothrombin) bằng máy tự động', ' 63,500', ' 63,500', ' 70,000', 21, 2126, '2020-12-01 00:16:59', '2020-12-01 00:16:59'),
(10708, 'Thời gian thromboplastin một phần hoạt hóa (APTT: Activated Partial Thromboplastin Time), (Tên khác: TCK) bằng máy tự động', 'Thời gian thromboplastin một phần hoạt hóa (APTT: Activated Partial Thromboplastin Time), (Tên khác: TCK) bằng máy tự động', ' 40,400', ' 40,400', ' 44,000', 21, 2126, '2020-12-01 00:16:59', '2020-12-01 00:16:59'),
(10709, 'Đinh lượng Định lượng Fibrinogen (Tên khác: Định lượng yếu tố I), phương pháp trực tiếp, bằng máy tự độngFIBRINOGEN (Tên khác: Định lượng yếu tố I), phương pháp trực tiếp, bằng máy tự động', 'Đinh lượng Định lượng Fibrinogen (Tên khác: Định lượng yếu tố I), phương pháp trực tiếp, bằng máy tự độngFIBRINOGEN (Tên khác: Định lượng yếu tố I), phương pháp trực tiếp, bằng máy tự động', ' 102,000', ' 102,000', ' 110,000', 21, 2126, '2020-12-01 00:16:59', '2020-12-01 00:16:59'),
(10710, 'Phết máu ngoại vi', 'Phết máu ngoại vi', '-', ' 30,000', ' 33,000', 21, 2126, '2020-12-01 00:16:59', '2020-12-01 00:16:59'),
(10711, 'Tìm ký sinh trùng sốt rét trong máu (bằng phương pháp thủ công)', 'Tìm ký sinh trùng sốt rét trong máu (bằng phương pháp thủ công)', ' 36,900', ' 36,900', ' 40,000', 21, 2126, '2020-12-01 00:16:59', '2020-12-01 00:16:59'),
(10712, 'Máu lắng (bằng phương pháp thủ công)', 'Máu lắng (bằng phương pháp thủ công)', ' 23,100', ' 23,100', ' 26,000', 21, 2126, '2020-12-01 00:16:59', '2020-12-01 00:16:59'),
(10713, 'Phản ứng hoà hợp có sử dụng kháng globulin người (Kỹ thuật ống nghiệm)', 'Phản ứng hoà hợp có sử dụng kháng globulin người (Kỹ thuật ống nghiệm)', ' 74,800', ' 74,800', ' 79,000', 21, 2126, '2020-12-01 00:16:59', '2020-12-01 00:16:59'),
(10714, ' Nghiệm pháp Coombs trực tiếp (Kỹ thuật ống nghiệm)', ' Nghiệm pháp Coombs trực tiếp (Kỹ thuật ống nghiệm)', ' 80,800', ' 80,800', ' 90,000', 21, 2126, '2020-12-01 00:16:59', '2020-12-01 00:16:59'),
(10715, 'Nghiệm pháp Coombs gián tiếp (Kỹ thuật ống nghiệm)', 'Nghiệm pháp Coombs gián tiếp (Kỹ thuật ống nghiệm)', ' 80,800', ' 80,800', ' 90,000', 21, 2126, '2020-12-01 00:16:59', '2020-12-01 00:16:59'),
(10716, 'Tổng phân tích nước tiểu (Bằng máy tự động)', 'Tổng phân tích nước tiểu (Bằng máy tự động)', ' 27,400', ' 27,400', ' 40,000', 21, 2126, '2020-12-01 00:16:59', '2020-12-01 00:16:59'),
(10717, 'Xét nghiệm tế bào cặn nước tiểu (bằng phương pháp thủ công)', 'Xét nghiệm tế bào cặn nước tiểu (bằng phương pháp thủ công)', ' 43,100', ' 43,100', ' 50,000', 21, 2126, '2020-12-01 00:16:59', '2020-12-01 00:16:59'),
(10718, 'Định lượng MAU (Micro Albumin Arine) [niệu]', 'Định lượng MAU (Micro Albumin Arine) [niệu]', ' 43,100', ' 43,100', ' 50,000', 21, 2126, '2020-12-01 00:16:59', '2020-12-01 00:16:59'),
(10719, ' Định lượng Protein (niệu)', ' Định lượng Protein (niệu)', ' 13,900', ' 13,900', ' 30,000', 21, 2126, '2020-12-01 00:16:59', '2020-12-01 00:16:59'),
(10720, 'Định lượng Amylase (niệu)', 'Định lượng Amylase (niệu)', ' 37,700', ' 37,700', ' 42,000', 21, 2126, '2020-12-01 00:16:59', '2020-12-01 00:16:59'),
(10721, 'Định lượng Creatinin (niệu)', 'Định lượng Creatinin (niệu)', ' 16,100', ' 16,100', ' 22,000', 21, 2126, '2020-12-01 00:16:59', '2020-12-01 00:16:59'),
(10722, 'Định lượng Glucose [Máu]', 'Định lượng Glucose [Máu]', ' 21,500', ' 21,500', ' 25,000', 21, 2126, '2020-12-01 00:16:59', '2020-12-01 00:16:59'),
(10723, 'Định lượng HbA1c [Máu]', 'Định lượng HbA1c [Máu]', ' 101,000', ' 101,000', ' 120,000', 21, 2126, '2020-12-01 00:16:59', '2020-12-01 00:16:59'),
(10724, 'Định lượng Cholesterol toàn phần (máu)', 'Định lượng Cholesterol toàn phần (máu)', ' 26,900', ' 26,900', ' 30,000', 21, 2126, '2020-12-01 00:16:59', '2020-12-01 00:16:59'),
(10725, ' Định lượng Triglycerid (máu) [Máu]', ' Định lượng Triglycerid (máu) [Máu]', ' 26,900', ' 26,900', ' 30,000', 21, 2126, '2020-12-01 00:16:59', '2020-12-01 00:16:59'),
(10726, 'Định lượng HDL-C (High density lipoprotein Cholesterol) [Máu]', 'Định lượng HDL-C (High density lipoprotein Cholesterol) [Máu]', ' 26,900', ' 26,900', ' 30,000', 21, 2126, '2020-12-01 00:16:59', '2020-12-01 00:16:59'),
(10727, 'LDL-C', 'LDL-C', '-', ' 26,800', ' 30,000', 21, 2126, '2020-12-01 00:16:59', '2020-12-01 00:16:59'),
(10728, 'Đo hoạt độ AST (GOT) [Máu]', 'Đo hoạt độ AST (GOT) [Máu]', ' 21,500', ' 21,500', ' 25,000', 21, 2126, '2020-12-01 00:16:59', '2020-12-01 00:16:59'),
(10729, 'Đo hoạt độ ALT (GPT) [Máu]', 'Đo hoạt độ ALT (GPT) [Máu]', ' 21,500', ' 21,500', ' 25,000', 21, 2126, '2020-12-01 00:16:59', '2020-12-01 00:16:59'),
(10730, 'Đo hoạt độ GGT (Gama Glutamyl Transferase) [Máu]', 'Đo hoạt độ GGT (Gama Glutamyl Transferase) [Máu]', ' 19,200', ' 19,200', ' 25,000', 21, 2126, '2020-12-01 00:16:59', '2020-12-01 00:16:59'),
(10731, 'Định lượng Bilirubin trực tiếp [máu]', 'Định lượng Bilirubin trực tiếp [máu]', ' 21,500', ' 21,500', ' 25,000', 21, 2126, '2020-12-01 00:16:59', '2020-12-01 00:16:59'),
(10732, 'Định lượng Bilirubin gián tiếp [máu]', 'Định lượng Bilirubin gián tiếp [máu]', '-', '                       -   ', '                      -   ', 21, 2126, '2020-12-01 00:16:59', '2020-12-01 00:16:59'),
(10733, 'Định lượng Bilirubin toàn phần [máu]', 'Định lượng Bilirubin toàn phần [máu]', ' 21,500', ' 21,500', ' 25,000', 21, 2126, '2020-12-01 00:16:59', '2020-12-01 00:16:59'),
(10734, 'Định lượng Urê máu [Máu]', 'Định lượng Urê máu [Máu]', ' 21,500', ' 21,500', ' 25,000', 21, 2126, '2020-12-01 00:16:59', '2020-12-01 00:16:59'),
(10735, 'Định lượng Creatinin (máu)', 'Định lượng Creatinin (máu)', ' 21,500', ' 21,500', ' 25,000', 21, 2126, '2020-12-01 00:16:59', '2020-12-01 00:16:59'),
(10736, 'Định lượng Acid Uric [Máu]', 'Định lượng Acid Uric [Máu]', ' 21,500', ' 21,500', ' 25,000', 21, 2126, '2020-12-01 00:16:59', '2020-12-01 00:16:59'),
(10737, 'Định lượng Protein toàn phần [Máu]', 'Định lượng Protein toàn phần [Máu]', ' 21,500', ' 21,500', ' 25,000', 21, 2126, '2020-12-01 00:16:59', '2020-12-01 00:16:59'),
(10738, 'Định lượng Albumin [Máu]', 'Định lượng Albumin [Máu]', ' 21,500', ' 21,500', ' 25,000', 21, 2126, '2020-12-01 00:16:59', '2020-12-01 00:16:59'),
(10739, 'Điện giải đồ (Na, K, Cl) [Máu]', 'Điện giải đồ (Na, K, Cl) [Máu]', ' 29,000', ' 29,000', ' 80,000', 21, 2126, '2020-12-01 00:16:59', '2020-12-01 00:16:59'),
(10740, 'Định lượng Calci toàn phần [Máu]', 'Định lượng Calci toàn phần [Máu]', ' 12,900', ' 12,900', ' 25,000', 21, 2126, '2020-12-01 00:16:59', '2020-12-01 00:16:59'),
(10741, 'Định lượng Mg [Máu]', 'Định lượng Mg [Máu]', ' 32,300', ' 32,300', ' 36,000', 21, 2126, '2020-12-01 00:16:59', '2020-12-01 00:16:59'),
(10742, 'Định lượng sắt huyết thanh', 'Định lượng sắt huyết thanh', ' 32,300', ' 32,300', ' 36,000', 21, 2126, '2020-12-01 00:16:59', '2020-12-01 00:16:59'),
(10743, 'Định lượng Ferritin', 'Định lượng Ferritin', ' 80,800', ' 80,800', ' 100,000', 21, 2126, '2020-12-01 00:16:59', '2020-12-01 00:16:59'),
(10744, 'Đo hoạt độ Amylase [Máu]', 'Đo hoạt độ Amylase [Máu]', ' 21,500', ' 21,500', ' 40,000', 21, 2126, '2020-12-01 00:16:59', '2020-12-01 00:16:59'),
(10745, 'Đo hoạt độ CK-MB (Isozym MB of Creatine kinase) [Máu]', 'Đo hoạt độ CK-MB (Isozym MB of Creatine kinase) [Máu]', ' 37,700', ' 37,700', ' 60,000', 21, 2126, '2020-12-01 00:16:59', '2020-12-01 00:16:59'),
(10746, 'Định lượng Troponin I [Máu]', 'Định lượng Troponin I [Máu]', ' 75,400', ' 75,400', ' 150,000', 21, 2126, '2020-12-01 00:16:59', '2020-12-01 00:16:59'),
(10747, 'Định lượng Lactat (Acid Lactic) [Mu]', 'Định lượng Lactat (Acid Lactic) [Mu]', ' 96,900', ' 96,900', ' 105,000', 21, 2126, '2020-12-01 00:16:59', '2020-12-01 00:16:59'),
(10748, 'Định lượng cồn trong máu', 'Định lượng cồn trong máu', '-', '-', ' 80,000', 21, 2126, '2020-12-01 00:16:59', '2020-12-01 00:16:59'),
(10749, 'Đo hoạt độ LDH (Lactat dehydrogenase) [Máu]', 'Đo hoạt độ LDH (Lactat dehydrogenase) [Máu]', ' 26,900', ' 26,900', ' 40,000', 21, 2126, '2020-12-01 00:16:59', '2020-12-01 00:16:59'),
(10750, 'Nghiệm pháp dung nạp glucose đường uống (75g Glucose) 3 mẫu cho người bệnh thai nghén', 'Nghiệm pháp dung nạp glucose đường uống (75g Glucose) 3 mẫu cho người bệnh thai nghén', ' 160,000', ' 160,000', ' 175,000', 21, 2126, '2020-12-01 00:16:59', '2020-12-01 00:16:59'),
(10751, 'HBsAg test nhanh', 'HBsAg test nhanh', ' 53,600', ' 53,600', ' 70,000', 21, 2126, '2020-12-01 00:16:59', '2020-12-01 00:16:59'),
(10752, 'HBsAg miễn dịch tự động', 'HBsAg miễn dịch tự động', ' 74,700', ' 74,700', ' 100,000', 21, 2126, '2020-12-01 00:16:59', '2020-12-01 00:16:59'),
(10753, 'HBsAb test nhanh', 'HBsAb test nhanh', ' 59,700', ' 59,700', ' 70,000', 21, 2126, '2020-12-01 00:16:59', '2020-12-01 00:16:59'),
(10754, 'HBsAb định lượng', 'HBsAb định lượng', ' 116,000', ' 116,000', ' 150,000', 21, 2126, '2020-12-01 00:16:59', '2020-12-01 00:16:59'),
(10755, 'HBeAg test nhanh', 'HBeAg test nhanh', ' 59,700', ' 59,700', ' 70,000', 21, 2126, '2020-12-01 00:16:59', '2020-12-01 00:16:59'),
(10756, 'HBeAb test nhanh', 'HBeAb test nhanh', ' 59,700', ' 59,700', ' 70,000', 21, 2126, '2020-12-01 00:16:59', '2020-12-01 00:16:59'),
(10757, 'HBcAb test nhanh', 'HBcAb test nhanh', ' 59,700', ' 59,700', ' 70,000', 21, 2126, '2020-12-01 00:16:59', '2020-12-01 00:16:59'),
(10758, 'HCV Ab test nhanh', 'HCV Ab test nhanh', ' 53,600', ' 53,600', ' 70,000', 21, 2126, '2020-12-01 00:16:59', '2020-12-01 00:16:59'),
(10759, 'HIV Ab test nhanh', 'HIV Ab test nhanh', ' 53,600', ' 53,600', ' 90,000', 21, 2126, '2020-12-01 00:16:59', '2020-12-01 00:16:59'),
(10760, 'VDRL', 'VDRL', '-', ' 30,000', ' 35,000', 21, 2126, '2020-12-01 00:16:59', '2020-12-01 00:16:59'),
(10761, 'H.Pylori (test)', 'H.Pylori (test)', '-', ' 156,000', ' 70,000', 21, 2126, '2020-12-01 00:16:59', '2020-12-01 00:16:59'),
(10762, 'Dengue virus IgM/IgG test nhanh', 'Dengue virus IgM/IgG test nhanh', ' 130,000', ' 130,000', ' 200,000', 21, 2126, '2020-12-01 00:16:59', '2020-12-01 00:16:59'),
(10763, 'Dengue virus NS1Ag test nhanh', 'Dengue virus NS1Ag test nhanh', ' 130,000', ' 130,000', ' 160,000', 21, 2126, '2020-12-01 00:16:59', '2020-12-01 00:16:59'),
(10764, 'Rubella virus IgG miễn dịch tự động', 'Rubella virus IgG miễn dịch tự động', ' 119,000', ' 119,000', ' 130,000', 21, 2126, '2020-12-01 00:16:59', '2020-12-01 00:16:59'),
(10765, 'Rubella virus IgM miễn dịch tự động', 'Rubella virus IgM miễn dịch tự động', ' 143,000', ' 143,000', ' 150,000', 21, 2126, '2020-12-01 00:16:59', '2020-12-01 00:16:59'),
(10766, 'Streptococcus pyogenes ASO', 'Streptococcus pyogenes ASO', ' 41,700', ' 41,700', ' 65,000', 21, 2126, '2020-12-01 00:16:59', '2020-12-01 00:16:59'),
(10767, 'Định lượng RF (Reumatoid Factor) [Máu]', 'Định lượng RF (Reumatoid Factor) [Máu]', ' 37,700', ' 37,700', ' 55,000', 21, 2126, '2020-12-01 00:16:59', '2020-12-01 00:16:59'),
(10768, 'Phản ứng CRP', 'Phản ứng CRP', ' 21,500', ' 21,500', ' 50,000', 21, 2126, '2020-12-01 00:16:59', '2020-12-01 00:16:59'),
(10769, 'Định lượng CRP hs (C-Reactive Protein high sesitivity) [Máu]', 'Định lượng CRP hs (C-Reactive Protein high sesitivity) [Máu]', ' 53,800', ' 53,800', ' 55,000', 21, 2126, '2020-12-01 00:16:59', '2020-12-01 00:16:59'),
(10770, 'HBc IgM miễn dịch tự động', 'HBc IgM miễn dịch tự động', ' 113,000', ' 113,000', ' 160,000', 21, 2126, '2020-12-01 00:16:59', '2020-12-01 00:16:59'),
(10771, 'ASO (định lượng)', 'ASO (định lượng)', '                        -   ', '                       -   ', ' 47,000', 21, 2126, '2020-12-01 00:16:59', '2020-12-01 00:16:59'),
(10772, 'Định lượng FT3 (Free Triiodothyronine) [Máu]', 'Định lượng FT3 (Free Triiodothyronine) [Máu]', ' 64,600', ' 64,600', ' 80,000', 21, 2126, '2020-12-01 00:16:59', '2020-12-01 00:16:59'),
(10773, 'Định lượng FT4 (Free Thyroxine) [Máu]', 'Định lượng FT4 (Free Thyroxine) [Máu]', ' 64,600', ' 64,600', ' 80,000', 21, 2126, '2020-12-01 00:16:59', '2020-12-01 00:16:59'),
(10774, 'Định lượng TSH (Thyroid Stimulating hormone) [Máu]', 'Định lượng TSH (Thyroid Stimulating hormone) [Máu]', ' 59,200', ' 59,200', ' 90,000', 21, 2126, '2020-12-01 00:16:59', '2020-12-01 00:16:59'),
(10775, 'Định lượng AFP (Alpha Fetoproteine) [Máu]', 'Định lượng AFP (Alpha Fetoproteine) [Máu]', ' 91,600', ' 91,600', ' 120,000', 21, 2126, '2020-12-01 00:16:59', '2020-12-01 00:16:59'),
(10776, 'Định lượng CEA (Carcino Embryonic Antigen) [Máu]', 'Định lượng CEA (Carcino Embryonic Antigen) [Máu]', ' 86,200', ' 86,200', ' 125,000', 21, 2126, '2020-12-01 00:16:59', '2020-12-01 00:16:59'),
(10777, 'Định lượng PSA toàn phần (Total prostate-Specific Antigen) [Máu]', 'Định lượng PSA toàn phần (Total prostate-Specific Antigen) [Máu]', ' 91,600', ' 91,600', ' 120,000', 21, 2126, '2020-12-01 00:16:59', '2020-12-01 00:16:59'),
(10778, 'Định lượng CA¹²⁵ (cancer antigen 125) [Máu]', 'Định lượng CA¹²⁵ (cancer antigen 125) [Máu]', ' 139,000', ' 139,000', ' 150,000', 21, 2126, '2020-12-01 00:16:59', '2020-12-01 00:16:59'),
(10779, ' Định lượng CA 15 - 3 (Cancer Antigen 15- 3) [Máu]', ' Định lượng CA 15 - 3 (Cancer Antigen 15- 3) [Máu]', ' 150,000', ' 150,000', ' 160,000', 21, 2126, '2020-12-01 00:16:59', '2020-12-01 00:16:59'),
(10780, 'Định lượng bhCG (Beta human Chorionic Gonadotropins) [Máu]', 'Định lượng bhCG (Beta human Chorionic Gonadotropins) [Máu]', ' 86,200', ' 86,200', ' 100,000', 21, 2126, '2020-12-01 00:16:59', '2020-12-01 00:16:59'),
(10781, 'Vi nấm soi tươi [huyết trắng]', 'Vi nấm soi tươi [huyết trắng]', ' 41,700', ' 41,700', ' 45,000', 21, 2126, '2020-12-01 00:16:59', '2020-12-01 00:16:59'),
(10782, 'Vi khuẩn nhuộm soi [dịch niệu đạo]', 'Vi khuẩn nhuộm soi [dịch niệu đạo]', ' 68,000', ' 68,000', ' 75,000', 21, 2126, '2020-12-01 00:16:59', '2020-12-01 00:16:59'),
(10783, 'Vi khuẩn nhuộm soi [dịch tế bào]', 'Vi khuẩn nhuộm soi [dịch tế bào]', ' 68,000', ' 68,000', ' 75,000', 21, 2126, '2020-12-01 00:16:59', '2020-12-01 00:16:59'),
(10784, 'Vi nấm soi tươi [nấm da]', 'Vi nấm soi tươi [nấm da]', ' 41,700', ' 41,700', ' 45,000', 21, 2126, '2020-12-01 00:16:59', '2020-12-01 00:16:59'),
(10785, 'Vi nấm soi tươi [Phết họng]', 'Vi nấm soi tươi [Phết họng]', ' 41,700', ' 41,700', ' 45,000', 21, 2126, '2020-12-01 00:16:59', '2020-12-01 00:16:59'),
(10786, 'Vi khuẩn nuôi cấy và định danh phương pháp thông thường', 'Vi khuẩn nuôi cấy và định danh phương pháp thông thường', ' 238,000', ' 238,000', ' 250,000', 21, 2126, '2020-12-01 00:16:59', '2020-12-01 00:16:59'),
(10787, 'AFB trực tiếp nhuộm Ziehl-Neelsen', 'AFB trực tiếp nhuộm Ziehl-Neelsen', ' 68,000', ' 68,000', ' 75,000', 21, 2126, '2020-12-01 00:16:59', '2020-12-01 00:16:59'),
(10788, 'Nhuộm phiến đồ tế bào theo Papanicolaou', 'Nhuộm phiến đồ tế bào theo Papanicolaou', ' 349,000', ' 349,000', ' 360,000', 21, 2126, '2020-12-01 00:16:59', '2020-12-01 00:16:59'),
(10789, 'Trứng giun, sán soi tươi', 'Trứng giun, sán soi tươi', ' 41,700', ' 41,700', ' 45,000', 21, 2126, '2020-12-01 00:16:59', '2020-12-01 00:16:59'),
(10790, 'Hồng cầu, bạch cầu trong phân soi tươi', 'Hồng cầu, bạch cầu trong phân soi tươi', ' 38,200', ' 38,200', ' 42,000', 21, 2126, '2020-12-01 00:16:59', '2020-12-01 00:16:59'),
(10791, 'Vi khuẩn kháng thuốc định tính', 'Vi khuẩn kháng thuốc định tính', ' 196,000', ' 196,000', ' 205,000', 21, 2126, '2020-12-01 00:16:59', '2020-12-01 00:16:59'),
(10792, 'Toxoplasma IgG miễn dịch tự động', 'Toxoplasma IgG miễn dịch tự động', ' 119,000', ' 119,000', ' 130,000', 21, 2126, '2020-12-01 00:16:59', '2020-12-01 00:16:59'),
(10793, 'Toxoplasma IgM miễn dịch tự động', 'Toxoplasma IgM miễn dịch tự động', ' 119,000', ' 119,000', ' 130,000', 21, 2126, '2020-12-01 00:16:59', '2020-12-01 00:16:59'),
(10794, 'Morphin (Định tính ma ty trong nước tiểu)', 'Morphin (Định tính ma ty trong nước tiểu)', '-', ' 70,000', ' 80,000', 21, 2126, '2020-12-01 00:16:59', '2020-12-01 00:16:59'),
(10795, 'Ma túy tổng hợp', 'Ma túy tổng hợp', '-', ' 150,000', ' 160,000', 21, 2126, '2020-12-01 00:16:59', '2020-12-01 00:16:59'),
(10796, 'Xét nghiệm khí máu [Máu]', 'Xét nghiệm khí máu [Máu]', ' 215,000', ' 215,000', ' 225,000', 21, 2126, '2020-12-01 00:16:59', '2020-12-01 00:16:59'),
(10797, 'Double test', 'Double test', '-', ' 345,000', ' 355,000', 21, 2126, '2020-12-01 00:16:59', '2020-12-01 00:16:59'),
(10798, 'Triple test', 'Triple test', '-', ' 345,000', ' 355,000', 21, 2126, '2020-12-01 00:16:59', '2020-12-01 00:16:59'),
(10799, 'OB testing ( MU ẨN TRONG PHN)', 'OB testing ( MU ẨN TRONG PHN)', '-', ' 95,000', ' 95,000', 21, 2127, '2020-12-01 00:16:59', '2020-12-01 00:16:59'),
(10800, 'D-Dimer', 'D-Dimer', '-', ' 360,000', ' 360,000', 21, 2127, '2020-12-01 00:16:59', '2020-12-01 00:16:59'),
(10801, 'THANH THẢI Creatinine', 'THANH THẢI Creatinine', '-', ' 55,000', ' 55,000', 21, 2127, '2020-12-01 00:16:59', '2020-12-01 00:16:59'),
(10802, 'PRO BNP', 'PRO BNP', '-', ' 550,000', ' 550,000', 21, 2127, '2020-12-01 00:16:59', '2020-12-01 00:16:59'),
(10803, 'TRANSFERRIN', 'TRANSFERRIN', '-', ' 90,000', ' 90,000', 21, 2127, '2020-12-01 00:16:59', '2020-12-01 00:16:59'),
(10804, 'NH3 máu', 'NH3 máu', '-', ' 60,000', ' 60,000', 21, 2127, '2020-12-01 00:16:59', '2020-12-01 00:16:59'),
(10805, 'CETON MÁU', 'CETON MÁU', '-', ' 40,000', ' 40,000', 21, 2127, '2020-12-01 00:16:59', '2020-12-01 00:16:59'),
(10806, 'CÔNG THỨC TẾ BÀO DỊCH (NÃO TỦY)', 'CÔNG THỨC TẾ BÀO DỊCH (NÃO TỦY)', '-', ' 200,000', ' 200,000', 21, 2127, '2020-12-01 00:16:59', '2020-12-01 00:16:59'),
(10807, 'CÔNG THỨC TẾ BÀO DỊCH (TỦY SỐNG)', 'CÔNG THỨC TẾ BÀO DỊCH (TỦY SỐNG)', '-', ' 200,000', ' 200,000', 21, 2127, '2020-12-01 00:16:59', '2020-12-01 00:16:59'),
(10808, 'CÔNG THỨC TẾ BÀO DỊCH (MÀNG BỤNG)', 'CÔNG THỨC TẾ BÀO DỊCH (MÀNG BỤNG)', '-', ' 200,000', ' 200,000', 21, 2127, '2020-12-01 00:16:59', '2020-12-01 00:16:59'),
(10809, 'CÔNG THỨC TẾ BÀO DỊCH (MÀNG PHỔI)', 'CÔNG THỨC TẾ BÀO DỊCH (MÀNG PHỔI)', '-', ' 200,000', ' 200,000', 21, 2127, '2020-12-01 00:16:59', '2020-12-01 00:16:59'),
(10810, 'CORTISOL ', 'CORTISOL ', '-', ' 110,000', ' 110,000', 21, 2127, '2020-12-01 00:16:59', '2020-12-01 00:16:59'),
(10811, 'PHOSPHATASE KIỀM (ALP)', 'PHOSPHATASE KIỀM (ALP)', '-', ' 60,000', ' 60,000', 21, 2127, '2020-12-01 00:16:59', '2020-12-01 00:16:59'),
(10812, 'Anti HEV-IgG', 'Anti HEV-IgG', '-', ' 230,000', ' 230,000', 21, 2127, '2020-12-01 00:16:59', '2020-12-01 00:16:59'),
(10813, 'Anti HEV-IgM', 'Anti HEV-IgM', '-', ' 230,000', ' 230,000', 21, 2127, '2020-12-01 00:16:59', '2020-12-01 00:16:59'),
(10814, 'Anti HBc Total', 'Anti HBc Total', '-', ' 175,000', ' 175,000', 21, 2127, '2020-12-01 00:16:59', '2020-12-01 00:16:59'),
(10815, 'ANA', 'ANA', '-', ' 150,000', ' 150,000', 21, 2127, '2020-12-01 00:16:59', '2020-12-01 00:16:59'),
(10816, 'Lipase', 'Lipase', '-', ' 95,000', ' 95,000', 21, 2127, '2020-12-01 00:16:59', '2020-12-01 00:16:59'),
(10817, 'Anti CCP (định lượng)', 'Anti CCP (định lượng)', '-', ' 300,000', ' 300,000', 21, 2127, '2020-12-01 00:16:59', '2020-12-01 00:16:59'),
(10818, 'Anti HCV (Định lượng)', 'Anti HCV (Định lượng)', '-', ' 170,000', ' 170,000', 21, 2127, '2020-12-01 00:16:59', '2020-12-01 00:16:59'),
(10819, 'Anti HAV total', 'Anti HAV total', '-', ' 230,000', ' 230,000', 21, 2127, '2020-12-01 00:16:59', '2020-12-01 00:16:59'),
(10820, 'Anti HAV (IgM)', 'Anti HAV (IgM)', '-', ' 230,000', ' 230,000', 21, 2127, '2020-12-01 00:16:59', '2020-12-01 00:16:59'),
(10821, 'CHLAMYDIA TRACHOMATIS IgM', 'CHLAMYDIA TRACHOMATIS IgM', '-', ' 160,000', ' 160,000', 21, 2127, '2020-12-01 00:16:59', '2020-12-01 00:16:59'),
(10822, 'CHLAMYDIA TRACHOMATIS IgG', 'CHLAMYDIA TRACHOMATIS IgG', '-', ' 160,000', ' 160,000', 21, 2127, '2020-12-01 00:16:59', '2020-12-01 00:16:59'),
(10823, 'XÉT NGHIỆM WIDAL', 'XÉT NGHIỆM WIDAL', '-', ' 85,000', ' 85,000', 21, 2127, '2020-12-01 00:16:59', '2020-12-01 00:16:59'),
(10824, 'PRO CANXITONIN', 'PRO CANXITONIN', '-', ' 390,000', ' 390,000', 21, 2127, '2020-12-01 00:16:59', '2020-12-01 00:16:59'),
(10825, 'Syphilis TP IgM/IgG', 'Syphilis TP IgM/IgG', '-', ' 170,000', ' 170,000', 21, 2127, '2020-12-01 00:16:59', '2020-12-01 00:16:59'),
(10826, 'IgE', 'IgE', '-', ' 145,000', ' 145,000', 21, 2127, '2020-12-01 00:16:59', '2020-12-01 00:16:59'),
(10827, 'HbeAb (định lượng)', 'HbeAb (định lượng)', '-', ' 145,000', ' 145,000', 21, 2127, '2020-12-01 00:16:59', '2020-12-01 00:16:59'),
(10828, 'Nhuộm hóa mô miễn dịch', 'Nhuộm hóa mô miễn dịch', '-', ' 900,000', ' 900,000', 21, 2127, '2020-12-01 00:16:59', '2020-12-01 00:16:59'),
(10829, 'Xét nghiệm khẳng định HIV', 'Xét nghiệm khẳng định HIV', '-', ' 220,000', ' 220,000', 21, 2127, '2020-12-01 00:16:59', '2020-12-01 00:16:59'),
(10830, 'Anti TPO', 'Anti TPO', '-', ' 170,000', ' 170,000', 21, 2127, '2020-12-01 00:16:59', '2020-12-01 00:16:59'),
(10831, 'Định lượng Anti _Tg (AntibodyThyroglobuli)', 'Định lượng Anti _Tg (AntibodyThyroglobuli)', '-', ' 250,000', ' 250,000', 21, 2127, '2020-12-01 00:16:59', '2020-12-01 00:16:59'),
(10832, 'FREE PSA', 'FREE PSA', '-', ' 230,000', ' 230,000', 21, 2127, '2020-12-01 00:16:59', '2020-12-01 00:16:59'),
(10833, 'CA72-4 (DẠ DÀY)', 'CA72-4 (DẠ DÀY)', '-', ' 150,000', ' 150,000', 21, 2127, '2020-12-01 00:16:59', '2020-12-01 00:16:59'),
(10834, 'CYFRA21-1 (PHỔI)', 'CYFRA21-1 (PHỔI)', '-', ' 150,000', ' 150,000', 21, 2127, '2020-12-01 00:16:59', '2020-12-01 00:16:59'),
(10835, 'NSE (PHỔI)', 'NSE (PHỔI)', '-', ' 140,000', ' 140,000', 21, 2127, '2020-12-01 00:16:59', '2020-12-01 00:16:59'),
(10836, 'ĐỊNH LƯỢNG CA19-9 (Carbonhydrate antigen 19-9) [Máu]', 'ĐỊNH LƯỢNG CA19-9 (Carbonhydrate antigen 19-9) [Máu]', '-', ' 150,000', ' 150,000', 21, 2127, '2020-12-01 00:16:59', '2020-12-01 00:16:59'),
(10837, 'ACTH', 'ACTH', '-', ' 180,000', ' 180,000', 21, 2127, '2020-12-01 00:16:59', '2020-12-01 00:16:59'),
(10838, 'TRAb', 'TRAb', '-', ' 180,000', ' 180,000', 21, 2127, '2020-12-01 00:16:59', '2020-12-01 00:16:59'),
(10839, 'FSH', 'FSH', '-', ' 95,000', ' 95,000', 21, 2127, '2020-12-01 00:16:59', '2020-12-01 00:16:59'),
(10840, 'LH', 'LH', '-', ' 95,000', ' 95,000', 21, 2127, '2020-12-01 00:16:59', '2020-12-01 00:16:59'),
(10841, 'PROGESTERONE', 'PROGESTERONE', '-', ' 100,000', ' 100,000', 21, 2127, '2020-12-01 00:16:59', '2020-12-01 00:16:59'),
(10842, 'TESTOSTERONE', 'TESTOSTERONE', '-', ' 95,000', ' 95,000', 21, 2127, '2020-12-01 00:16:59', '2020-12-01 00:16:59'),
(10843, 'PROLACTINE', 'PROLACTINE', '-', ' 95,000', ' 95,000', 21, 2127, '2020-12-01 00:16:59', '2020-12-01 00:16:59'),
(10844, 'Insulin ', 'Insulin ', '-', ' 120,000', ' 120,000', 21, 2127, '2020-12-01 00:16:59', '2020-12-01 00:16:59'),
(10845, 'ESTRADIOL', 'ESTRADIOL', '-', ' 90,000', ' 90,000', 21, 2127, '2020-12-01 00:16:59', '2020-12-01 00:16:59'),
(10846, 'GIẢI PHẪU BỆNH', 'GIẢI PHẪU BỆNH', '-', ' 380,000', ' 380,000', 21, 2127, '2020-12-01 00:16:59', '2020-12-01 00:16:59'),
(10847, 'CELL BLOCK', 'CELL BLOCK', '-', ' 320,000', ' 320,000', 21, 2127, '2020-12-01 00:16:59', '2020-12-01 00:16:59'),
(10848, 'GLUCOSE/DỊCH', 'GLUCOSE/DỊCH', '-', ' 20,000', ' 20,000', 21, 2127, '2020-12-01 00:16:59', '2020-12-01 00:16:59'),
(10849, 'ALBUMIN/DỊCH', 'ALBUMIN/DỊCH', '-', ' 35,000', ' 35,000', 21, 2127, '2020-12-01 00:16:59', '2020-12-01 00:16:59'),
(10850, 'LDH/DỊCH', 'LDH/DỊCH', '-', ' 55,000', ' 55,000', 21, 2127, '2020-12-01 00:16:59', '2020-12-01 00:16:59'),
(10851, 'LY TÂM DỊCH, CHẨN ĐOÁN TẾ BÀO HỌC', 'LY TÂM DỊCH, CHẨN ĐOÁN TẾ BÀO HỌC', '-', ' 50,000', ' 50,000', 21, 2127, '2020-12-01 00:16:59', '2020-12-01 00:16:59'),
(10852, 'ĐẾM TẾ BÀO PHÂN LOẠI TẾ BÀO', 'ĐẾM TẾ BÀO PHÂN LOẠI TẾ BÀO', '-', ' 20,000', ' 20,000', 21, 2127, '2020-12-01 00:16:59', '2020-12-01 00:16:59'),
(10853, 'HBV-DNA (định tính)', 'HBV-DNA (định tính)', '-', ' 230,000', ' 230,000', 21, 2127, '2020-12-01 00:16:59', '2020-12-01 00:16:59'),
(10854, 'HBV-DNA (định lượng)', 'HBV-DNA (định lượng)', '-', ' 320,000', ' 320,000', 21, 2127, '2020-12-01 00:16:59', '2020-12-01 00:16:59'),
(10855, 'HCV-RNA (định tính)', 'HCV-RNA (định tính)', '-', ' 470,000', ' 470,000', 21, 2127, '2020-12-01 00:16:59', '2020-12-01 00:16:59'),
(10856, 'HCV-RNA (định lượng)', 'HCV-RNA (định lượng)', '-', ' 600,000', ' 600,000', 21, 2127, '2020-12-01 00:16:59', '2020-12-01 00:16:59'),
(10857, 'PCR LAO (ĐM)', 'PCR LAO (ĐM)', '-', ' 300,000', ' 300,000', 21, 2127, '2020-12-01 00:16:59', '2020-12-01 00:16:59'),
(10858, 'PCL DỊCH', 'PCL DỊCH', '-', ' 300,000', ' 300,000', 21, 2127, '2020-12-01 00:16:59', '2020-12-01 00:16:59'),
(10859, 'PCR DỊCH MÀNG BỤNG', 'PCR DỊCH MÀNG BỤNG', '-', ' 240,000', ' 240,000', 21, 2127, '2020-12-01 00:16:59', '2020-12-01 00:16:59'),
(10860, 'PCR DỊCH MÀNG PHỔI', 'PCR DỊCH MÀNG PHỔI', '-', ' 240,000', ' 240,000', 21, 2127, '2020-12-01 00:16:59', '2020-12-01 00:16:59'),
(10861, 'HPV-Định Type', 'HPV-Định Type', '-', ' 500,000', ' 500,000', 21, 2127, '2020-12-01 00:16:59', '2020-12-01 00:16:59'),
(10862, 'ECHINOCOCUS GRANULOSIS', 'ECHINOCOCUS GRANULOSIS', '-', ' 98,000', ' 98,000', 21, 2127, '2020-12-01 00:16:59', '2020-12-01 00:16:59'),
(10863, 'Sero Amibe', 'Sero Amibe', '-', ' 100,000', ' 100,000', 21, 2127, '2020-12-01 00:16:59', '2020-12-01 00:16:59'),
(10864, 'Strongyloides stercoralis', 'Strongyloides stercoralis', '-', ' 100,000', ' 100,000', 21, 2127, '2020-12-01 00:16:59', '2020-12-01 00:16:59'),
(10865, 'Cysticercus Cellulosae', 'Cysticercus Cellulosae', '-', ' 100,000', ' 100,000', 21, 2127, '2020-12-01 00:16:59', '2020-12-01 00:16:59'),
(10866, 'Fassoila SP', 'Fassoila SP', '-', ' 100,000', ' 100,000', 21, 2127, '2020-12-01 00:16:59', '2020-12-01 00:16:59'),
(10867, 'Ascaris Lumbircoides', 'Ascaris Lumbircoides', '-', ' 120,000', ' 120,000', 21, 2127, '2020-12-01 00:16:59', '2020-12-01 00:16:59'),
(10868, 'Giun chỉ', 'Giun chỉ', '-', ' 95,000', ' 95,000', 21, 2127, '2020-12-01 00:16:59', '2020-12-01 00:16:59'),
(10869, 'Huyết thanh AMIP', 'Huyết thanh AMIP', '-', ' 95,000', ' 95,000', 21, 2127, '2020-12-01 00:16:59', '2020-12-01 00:16:59'),
(10870, 'Gnathostoma', 'Gnathostoma', '-', ' 100,000', ' 100,000', 21, 2127, '2020-12-01 00:16:59', '2020-12-01 00:16:59'),
(10871, 'Toxocara Canis', 'Toxocara Canis', '-', ' 100,000', ' 100,000', 21, 2127, '2020-12-01 00:16:59', '2020-12-01 00:16:59'),
(10872, 'Angiostrongylus Cantonensis', 'Angiostrongylus Cantonensis', '-', ' 100,000', ' 100,000', 21, 2127, '2020-12-01 00:16:59', '2020-12-01 00:16:59'),
(10873, 'Trichinella Spiralis', 'Trichinella Spiralis', '-', ' 120,000', ' 120,000', 21, 2127, '2020-12-01 00:16:59', '2020-12-01 00:16:59'),
(10874, 'Schitosoma Mansoni', 'Schitosoma Mansoni', '-', ' 120,000', ' 120,000', 21, 2127, '2020-12-01 00:16:59', '2020-12-01 00:16:59'),
(10875, 'Paragoimus SP', 'Paragoimus SP', '-', ' 100,000', ' 100,000', 21, 2127, '2020-12-01 00:16:59', '2020-12-01 00:16:59'),
(10876, 'Clonorchis Sinensis', 'Clonorchis Sinensis', '-', ' 100,000', ' 100,000', 21, 2127, '2020-12-01 00:16:59', '2020-12-01 00:16:59'),
(10877, 'E.Histolytica', 'E.Histolytica', '-', ' 100,000', ' 100,000', 21, 2127, '2020-12-01 00:16:59', '2020-12-01 00:16:59'),
(10878, 'Cytomegalo Virus (IgG)', 'Cytomegalo Virus (IgG)', '-', ' 120,000', ' 120,000', 21, 2127, '2020-12-01 00:16:59', '2020-12-01 00:16:59'),
(10879, 'Cytomegalo Virus (IgM)', 'Cytomegalo Virus (IgM)', '-', ' 140,000', ' 140,000', 21, 2127, '2020-12-01 00:16:59', '2020-12-01 00:16:59'),
(10880, 'ĐIỆN DI HEMOGLOBIN', 'ĐIỆN DI HEMOGLOBIN', '-', ' 420,000', ' 420,000', 21, 2127, '2020-12-01 00:16:59', '2020-12-01 00:16:59'),
(10881, 'KHÁM BỆNH BHYT', 'KHÁM BỆNH BHYT', '34,500', '-', '-', 22, 2128, '2020-12-01 00:18:08', '2020-12-01 00:18:08'),
(10882, 'KHÁM BỆNH TRONG GIỜ', 'KHÁM BỆNH TRONG GIỜ', '-', '34,500', '-', 22, 2128, '2020-12-01 00:18:08', '2020-12-01 00:18:08'),
(10883, 'KHÁM BỆNH NGOÀI GIỜ', 'KHÁM BỆNH NGOÀI GIỜ', '-', '-', '70,000', 22, 2128, '2020-12-01 00:18:08', '2020-12-01 00:18:08'),
(10884, 'KHÁM BỆNH NGOÀI GIỜ BHYT', 'KHÁM BỆNH NGOÀI GIỜ BHYT', '-', '-', '35,000', 22, 2128, '2020-12-01 00:18:08', '2020-12-01 00:18:08'),
(10885, 'KHÁM BỆNH DỊCH VỤ NHANH', 'KHÁM BỆNH DỊCH VỤ NHANH', '-', '-', '120,000', 22, 2128, '2020-12-01 00:18:08', '2020-12-01 00:18:08'),
(10886, 'KHM NỘI THEO YU CẦU', 'KHM NỘI THEO YU CẦU', '-', '-', '120,000', 22, 2128, '2020-12-01 00:18:08', '2020-12-01 00:18:08'),
(10887, 'KHÁM BỆNH DỊCH VỤ NHANH (SẢN) ', 'KHÁM BỆNH DỊCH VỤ NHANH (SẢN) ', '-', '-', '150,000', 22, 2128, '2020-12-01 00:18:08', '2020-12-01 00:18:08'),
(10888, 'KHÁM BỆNH HẸN GIỜ QUA ĐIỆN THOẠI', 'KHÁM BỆNH HẸN GIỜ QUA ĐIỆN THOẠI', '-', '-', '100,000', 22, 2128, '2020-12-01 00:18:09', '2020-12-01 00:18:09'),
(10889, 'KHÁM BỆNH CHỌN BÁC SỸ', 'KHÁM BỆNH CHỌN BÁC SỸ', '-', '-', '200,000', 22, 2128, '2020-12-01 00:18:09', '2020-12-01 00:18:09'),
(10890, 'KHÁM BỆNH DỊCH VỤ NHANH PHÁT SINH SAU', 'KHÁM BỆNH DỊCH VỤ NHANH PHÁT SINH SAU', '-', '-', '85,500', 22, 2128, '2020-12-01 00:18:09', '2020-12-01 00:18:09');
INSERT INTO `db_chidinh` (`id`, `name`, `slug`, `price_bhyt`, `price_dichvu`, `price_dichvutyc`, `group_id`, `category_id`, `created_at`, `updated_at`) VALUES
(10891, 'KHÁM VÀ TƯ VẤN BS GIA ĐÌNH', 'KHÁM VÀ TƯ VẤN BS GIA ĐÌNH', '-', '-', '70,000', 22, 2128, '2020-12-01 00:18:09', '2020-12-01 00:18:09'),
(10892, 'HỘI CHẨN ĐỂ XÁC ĐỊNH CA BỆNH KHÓ', 'HỘI CHẨN ĐỂ XÁC ĐỊNH CA BỆNH KHÓ', '-', '200,000', '-', 22, 2128, '2020-12-01 00:18:09', '2020-12-01 00:18:09'),
(10893, 'KHÁM SỨC KHỎE XIN VIỆC LÀM', 'KHÁM SỨC KHỎE XIN VIỆC LÀM', '-', '160,000', '175,000', 22, 2129, '2020-12-01 00:18:09', '2020-12-01 00:18:09'),
(10894, 'KHÁM SỨC KHỎE LÁI XE', 'KHÁM SỨC KHỎE LÁI XE', '-', '310,000', '335,000', 22, 2129, '2020-12-01 00:18:09', '2020-12-01 00:18:09'),
(10895, 'KHÁM SỨC KHỎE LÁI XE HẠNG B / A2 / C', 'KHÁM SỨC KHỎE LÁI XE HẠNG B / A2 / C', '-', '380,000', '405,000', 22, 2129, '2020-12-01 00:18:09', '2020-12-01 00:18:09'),
(10896, 'KHÁM SỨC KHỎE CHỨNG THƯƠNG', 'KHÁM SỨC KHỎE CHỨNG THƯƠNG', '-', '160,000', '175,000', 22, 2129, '2020-12-01 00:18:09', '2020-12-01 00:18:09'),
(10897, 'KHÁM SỨC KHỎE GIÁM ĐỊNH Y KHOA', 'KHÁM SỨC KHỎE GIÁM ĐỊNH Y KHOA', '-', '160,000', '175,000', 22, 2129, '2020-12-01 00:18:09', '2020-12-01 00:18:09'),
(10898, 'KHÁM SỨC KHỎE THẺ XANH ', 'KHÁM SỨC KHỎE THẺ XANH ', '-', '290,400', '330,000', 22, 2129, '2020-12-01 00:18:09', '2020-12-01 00:18:09'),
(10899, 'KHÁM SỨC KHỎE THẺ XANH (không XQuang)', 'KHÁM SỨC KHỎE THẺ XANH (không XQuang)', '-', '225,000', '240,000', 22, 2129, '2020-12-01 00:18:09', '2020-12-01 00:18:09'),
(10900, 'KHÁM SỨC KHỎE THẺ HỒNG (trọn gói)', 'KHÁM SỨC KHỎE THẺ HỒNG (trọn gói)', '-', '496,200', '615,000', 22, 2129, '2020-12-01 00:18:09', '2020-12-01 00:18:09'),
(10901, 'KHÁM SỨC KHỎE THẺ HỒNG (Không có HIV)', 'KHÁM SỨC KHỎE THẺ HỒNG (Không có HIV)', '-', '442,600', '525,000', 22, 2129, '2020-12-01 00:18:09', '2020-12-01 00:18:09'),
(10902, 'KHÁM SỨC KHỎE THẺ HỒNG (Không có HIV & XQuang)', 'KHÁM SỨC KHỎE THẺ HỒNG (Không có HIV & XQuang)', '-', '377,200', '435,000', 22, 2129, '2020-12-01 00:18:09', '2020-12-01 00:18:09'),
(10903, 'THẺ XANH', 'THẺ XANH', '-', '-', '5,000', 22, 2129, '2020-12-01 00:18:09', '2020-12-01 00:18:09'),
(10904, 'THẺ HỒNG', 'THẺ HỒNG', '-', '-', '10,000', 22, 2129, '2020-12-01 00:18:09', '2020-12-01 00:18:09'),
(10905, 'KHÁM SỨC KHỎE THEO TT14', 'KHÁM SỨC KHỎE THEO TT14', '-', '406,500', '490,000', 22, 2129, '2020-12-01 00:18:09', '2020-12-01 00:18:09'),
(10906, 'KHÁM SỨC KHỎE NHI', 'KHÁM SỨC KHỎE NHI', '-', '-', '60,000', 22, 2129, '2020-12-01 00:18:09', '2020-12-01 00:18:09'),
(10907, 'THÊM GIẤY KSK', 'THÊM GIẤY KSK', '-', '-', '  10,000/TỜ  ', 22, 2129, '2020-12-01 00:18:09', '2020-12-01 00:18:09'),
(10908, 'TƯ VẤN VÀ ĐO CẢM GIÁC BÀN CHÂN', 'TƯ VẤN VÀ ĐO CẢM GIÁC BÀN CHÂN', '-', '-', '50,000', 22, 2129, '2020-12-01 00:18:09', '2020-12-01 00:18:09'),
(10909, ' GLUCOSE 5% 500 ML ', ' GLUCOSE 5% 500 ML ', '-', '-', '25,000', 22, 2130, '2020-12-01 00:18:09', '2020-12-01 00:18:09'),
(10910, ' GLUCOSE 5% 250ml ', ' GLUCOSE 5% 250ml ', '-', '-', '25,000', 22, 2130, '2020-12-01 00:18:09', '2020-12-01 00:18:09'),
(10911, ' GLUCOSE 10% 500 ML ', ' GLUCOSE 10% 500 ML ', '-', '-', '25,000', 22, 2130, '2020-12-01 00:18:09', '2020-12-01 00:18:09'),
(10912, ' GLUCOSE 10% 250ml ', ' GLUCOSE 10% 250ml ', '-', '-', '25,000', 22, 2130, '2020-12-01 00:18:09', '2020-12-01 00:18:09'),
(10913, ' LACTAT RINGER 500ml ', ' LACTAT RINGER 500ml ', '-', '-', '25,000', 22, 2130, '2020-12-01 00:18:09', '2020-12-01 00:18:09'),
(10914, ' ACETATE RINGER 500ml ', ' ACETATE RINGER 500ml ', '-', '-', '25,000', 22, 2130, '2020-12-01 00:18:09', '2020-12-01 00:18:09'),
(10915, ' NaCL 0.9% ', ' NaCL 0.9% ', '-', '-', '25,000', 22, 2130, '2020-12-01 00:18:09', '2020-12-01 00:18:09'),
(10916, ' AMINOPLASMA  500ml ', ' AMINOPLASMA  500ml ', '-', '-', '-', 22, 2130, '2020-12-01 00:18:09', '2020-12-01 00:18:09'),
(10917, ' AMINOPLASMA  250ml ', ' AMINOPLASMA  250ml ', '-', '-', '135,000', 22, 2130, '2020-12-01 00:18:09', '2020-12-01 00:18:09'),
(10918, ' AMIPAREN 5% - 200ml ', ' AMIPAREN 5% - 200ml ', '-', '-', '70,000', 22, 2130, '2020-12-01 00:18:09', '2020-12-01 00:18:09'),
(10919, ' AMIPAREN 10% - 200ml ', ' AMIPAREN 10% - 200ml ', '-', '-', '90,000', 22, 2130, '2020-12-01 00:18:09', '2020-12-01 00:18:09'),
(10920, ' PERFALGAN 1g/ lọ ', ' PERFALGAN 1g/ lọ ', '-', '-', '60,000', 22, 2130, '2020-12-01 00:18:09', '2020-12-01 00:18:09'),
(10921, ' PARACETAMOLKABI ', ' PARACETAMOLKABI ', '-', '-', '25,000', 22, 2130, '2020-12-01 00:18:09', '2020-12-01 00:18:09'),
(10922, ' SODIUM CHLORIDE 0,9% 500ml ', ' SODIUM CHLORIDE 0,9% 500ml ', '-', '-', '25,000', 22, 2130, '2020-12-01 00:18:09', '2020-12-01 00:18:09'),
(10923, ' GELOFUSINE ', ' GELOFUSINE ', '-', '-', '140,000', 22, 2130, '2020-12-01 00:18:09', '2020-12-01 00:18:09'),
(10924, ' CIPROBAY 200mg/100ml ', ' CIPROBAY 200mg/100ml ', '-', '-', '300,000', 22, 2130, '2020-12-01 00:18:09', '2020-12-01 00:18:09'),
(10925, ' CIPROBAY 400mg/200ml ', ' CIPROBAY 400mg/200ml ', '-', '-', '340,000', 22, 2130, '2020-12-01 00:18:09', '2020-12-01 00:18:09'),
(10926, ' METRONIDAZOL ', ' METRONIDAZOL ', '-', '-', '25,000', 22, 2130, '2020-12-01 00:18:09', '2020-12-01 00:18:09'),
(10927, ' LACTAT RINGER/GLUCOZ 5% 500ml ', ' LACTAT RINGER/GLUCOZ 5% 500ml ', '-', '-', '35,000', 22, 2130, '2020-12-01 00:18:09', '2020-12-01 00:18:09'),
(10928, ' NACL/GLUCOZ 5% ', ' NACL/GLUCOZ 5% ', '-', '-', '35,000', 22, 2130, '2020-12-01 00:18:09', '2020-12-01 00:18:09'),
(10929, ' PARACETACOL ', ' PARACETACOL ', '-', '-', '50,000', 22, 2130, '2020-12-01 00:18:09', '2020-12-01 00:18:09'),
(10930, ' PARACETAMOL ', ' PARACETAMOL ', '-', '-', '55,000', 22, 2130, '2020-12-01 00:18:09', '2020-12-01 00:18:09'),
(10931, ' PARACETAMOL GES ', ' PARACETAMOL GES ', '-', '-', '60,000', 22, 2130, '2020-12-01 00:18:09', '2020-12-01 00:18:09'),
(10932, ' NUTRILEX ', ' NUTRILEX ', '-', '-', '500,000', 22, 2130, '2020-12-01 00:18:09', '2020-12-01 00:18:09'),
(10933, ' TAVANIC 200mg/100ml ', ' TAVANIC 200mg/100ml ', '-', '-', '200,000', 22, 2130, '2020-12-01 00:18:09', '2020-12-01 00:18:09'),
(10934, ' REFORTAN SIOLUTION 6% (500ml) ', ' REFORTAN SIOLUTION 6% (500ml) ', '-', '-', '180,000', 22, 2130, '2020-12-01 00:18:09', '2020-12-01 00:18:09'),
(10935, ' TETRA SPAN 6% ', ' TETRA SPAN 6% ', '-', '-', '180,000', 22, 2130, '2020-12-01 00:18:09', '2020-12-01 00:18:09'),
(10936, ' LEFLOCIN 750mg/150ml ', ' LEFLOCIN 750mg/150ml ', '-', '-', '270,000', 22, 2130, '2020-12-01 00:18:09', '2020-12-01 00:18:09'),
(10937, ' JW-AMIGOLD 8.5%/250ml ', ' JW-AMIGOLD 8.5%/250ml ', '-', '-', '80,000', 22, 2130, '2020-12-01 00:18:09', '2020-12-01 00:18:09'),
(10938, ' AVELOX INJ 400mg/250ml ', ' AVELOX INJ 400mg/250ml ', '-', '-', '440,000', 22, 2130, '2020-12-01 00:18:09', '2020-12-01 00:18:09'),
(10939, ' REAMBERIN 400ml ', ' REAMBERIN 400ml ', '-', '-', '-', 22, 2130, '2020-12-01 00:18:09', '2020-12-01 00:18:09'),
(10940, ' CIPROFLOXACIN POLPHARMA ', ' CIPROFLOXACIN POLPHARMA ', '-', '-', '230,000', 22, 2130, '2020-12-01 00:18:09', '2020-12-01 00:18:09'),
(10941, ' CIPROBID 400mg/200ml ', ' CIPROBID 400mg/200ml ', '-', '-', '-', 22, 2130, '2020-12-01 00:18:09', '2020-12-01 00:18:09'),
(10942, ' CITOPCIN INJECTION 400mg/100ml ', ' CITOPCIN INJECTION 400mg/100ml ', '-', '-', '80,000', 22, 2130, '2020-12-01 00:18:09', '2020-12-01 00:18:09'),
(10943, ' MOXIFLOXACIN 400mg/250ml ', ' MOXIFLOXACIN 400mg/250ml ', '-', '-', '350,000', 22, 2130, '2020-12-01 00:18:09', '2020-12-01 00:18:09'),
(10944, ' DÂY TRUYỀN DỊCH + KIM BƯỚM ', ' DÂY TRUYỀN DỊCH + KIM BƯỚM ', '-', '-', '20,000', 22, 2130, '2020-12-01 00:18:09', '2020-12-01 00:18:09'),
(10945, ' DÂY TRUYỀN DỊCH  ', ' DÂY TRUYỀN DỊCH  ', '-', '-', '15,000', 22, 2130, '2020-12-01 00:18:09', '2020-12-01 00:18:09'),
(10946, ' KIM LUỒN ', ' KIM LUỒN ', '-', '-', '20,000', 22, 2130, '2020-12-01 00:18:09', '2020-12-01 00:18:09'),
(10947, ' VAT ', ' VAT ', '-', '-', '-', 22, 2130, '2020-12-01 00:18:09', '2020-12-01 00:18:09'),
(10948, ' SAT : - Thuốc Nội ', ' SAT : - Thuốc Nội ', '-', '-', '-', 22, 2130, '2020-12-01 00:18:09', '2020-12-01 00:18:09'),
(10949, '            - Thuốc Ngoại ', '            - Thuốc Ngoại ', '-', '-', '-', 22, 2130, '2020-12-01 00:18:09', '2020-12-01 00:18:09'),
(10950, ' Tiền công truyền dịch (đối với dịch truyền mang vào từ ngoài) ', ' Tiền công truyền dịch (đối với dịch truyền mang vào từ ngoài) ', '-', '-', '-', 22, 2130, '2020-12-01 00:18:09', '2020-12-01 00:18:09'),
(10951, ' GLUCOSE 5% 500 ML ', ' GLUCOSE 5% 500 ML ', '-', '-', '65,000', 22, 2131, '2020-12-01 00:18:09', '2020-12-01 00:18:09'),
(10952, ' GLUCOSE 5% 250ml ', ' GLUCOSE 5% 250ml ', '-', '-', '65,000', 22, 2131, '2020-12-01 00:18:09', '2020-12-01 00:18:09'),
(10953, ' GLUCOSE 10% 500 ML ', ' GLUCOSE 10% 500 ML ', '-', '-', '65,000', 22, 2131, '2020-12-01 00:18:09', '2020-12-01 00:18:09'),
(10954, ' GLUCOSE 10% 250ml ', ' GLUCOSE 10% 250ml ', '-', '-', '65,000', 22, 2131, '2020-12-01 00:18:09', '2020-12-01 00:18:09'),
(10955, ' LACTAT RINGER 500ml ', ' LACTAT RINGER 500ml ', '-', '-', '65,000', 22, 2131, '2020-12-01 00:18:09', '2020-12-01 00:18:09'),
(10956, ' ACETATE RINGER 500ml ', ' ACETATE RINGER 500ml ', '-', '-', '65,000', 22, 2131, '2020-12-01 00:18:09', '2020-12-01 00:18:09'),
(10957, ' NaCL 0.9% ', ' NaCL 0.9% ', '-', '-', '65,000', 22, 2131, '2020-12-01 00:18:09', '2020-12-01 00:18:09'),
(10958, ' AMINOPLASMA  500ml ', ' AMINOPLASMA  500ml ', '-', '-', '185,000', 22, 2131, '2020-12-01 00:18:09', '2020-12-01 00:18:09'),
(10959, ' AMINOPLASMA  250ml ', ' AMINOPLASMA  250ml ', '-', '-', '135,000', 22, 2131, '2020-12-01 00:18:09', '2020-12-01 00:18:09'),
(10960, ' AMIPAREN 5% - 200ml ', ' AMIPAREN 5% - 200ml ', '-', '-', '110,000', 22, 2131, '2020-12-01 00:18:09', '2020-12-01 00:18:09'),
(10961, ' AMIPAREN 10% - 200ml ', ' AMIPAREN 10% - 200ml ', '-', '-', '135,000', 22, 2131, '2020-12-01 00:18:09', '2020-12-01 00:18:09'),
(10962, ' PERFALGAN 1g/ lọ ', ' PERFALGAN 1g/ lọ ', '-', '-', '-', 22, 2131, '2020-12-01 00:18:09', '2020-12-01 00:18:09'),
(10963, ' PARACETAMOLKABI ', ' PARACETAMOLKABI ', '-', '-', '-', 22, 2131, '2020-12-01 00:18:09', '2020-12-01 00:18:09'),
(10964, ' SODIUM CHLORIDE 0,9% 500ml ', ' SODIUM CHLORIDE 0,9% 500ml ', '-', '-', '65,000', 22, 2131, '2020-12-01 00:18:09', '2020-12-01 00:18:09'),
(10965, ' GELOFUSINE ', ' GELOFUSINE ', '-', '-', '-', 22, 2131, '2020-12-01 00:18:09', '2020-12-01 00:18:09'),
(10966, ' CIPROBAY 200mg/100ml ', ' CIPROBAY 200mg/100ml ', '-', '-', '-', 22, 2131, '2020-12-01 00:18:09', '2020-12-01 00:18:09'),
(10967, ' CIPROBAY 400mg/200ml ', ' CIPROBAY 400mg/200ml ', '-', '-', '-', 22, 2131, '2020-12-01 00:18:09', '2020-12-01 00:18:09'),
(10968, ' METRONIDAZOL ', ' METRONIDAZOL ', '-', '-', '-', 22, 2131, '2020-12-01 00:18:09', '2020-12-01 00:18:09'),
(10969, ' LACTAT RINGER/GLUCOZ 5% 500ml ', ' LACTAT RINGER/GLUCOZ 5% 500ml ', '-', '-', '65,000', 22, 2131, '2020-12-01 00:18:09', '2020-12-01 00:18:09'),
(10970, ' NACL/GLUCOZ 5% ', ' NACL/GLUCOZ 5% ', '-', '-', '-', 22, 2131, '2020-12-01 00:18:09', '2020-12-01 00:18:09'),
(10971, ' PARACETACOL ', ' PARACETACOL ', '-', '-', '-', 22, 2131, '2020-12-01 00:18:09', '2020-12-01 00:18:09'),
(10972, ' PARACETAMOL ', ' PARACETAMOL ', '-', '-', '-', 22, 2131, '2020-12-01 00:18:09', '2020-12-01 00:18:09'),
(10973, ' PARACETAMOL GES ', ' PARACETAMOL GES ', '-', '-', '-', 22, 2131, '2020-12-01 00:18:09', '2020-12-01 00:18:09'),
(10974, ' NUTRILEX ', ' NUTRILEX ', '-', '-', '-', 22, 2131, '2020-12-01 00:18:09', '2020-12-01 00:18:09'),
(10975, ' TAVANIC 200mg/100ml ', ' TAVANIC 200mg/100ml ', '-', '-', '-', 22, 2131, '2020-12-01 00:18:09', '2020-12-01 00:18:09'),
(10976, ' REFORTAN SIOLUTION 6% (500ml) ', ' REFORTAN SIOLUTION 6% (500ml) ', '-', '-', '-', 22, 2131, '2020-12-01 00:18:09', '2020-12-01 00:18:09'),
(10977, ' TETRA SPAN 6% ', ' TETRA SPAN 6% ', '-', '-', '-', 22, 2131, '2020-12-01 00:18:09', '2020-12-01 00:18:09'),
(10978, ' LEFLOCIN 750mg/150ml ', ' LEFLOCIN 750mg/150ml ', '-', '-', '-', 22, 2131, '2020-12-01 00:18:09', '2020-12-01 00:18:09'),
(10979, ' JW-AMIGOLD 8.5%/250ml ', ' JW-AMIGOLD 8.5%/250ml ', '-', '-', '100,000', 22, 2131, '2020-12-01 00:18:09', '2020-12-01 00:18:09'),
(10980, ' AVELOX INJ 400mg/250ml ', ' AVELOX INJ 400mg/250ml ', '-', '-', '-', 22, 2131, '2020-12-01 00:18:09', '2020-12-01 00:18:09'),
(10981, ' REAMBERIN 400ml ', ' REAMBERIN 400ml ', '-', '-', '190,000', 22, 2131, '2020-12-01 00:18:09', '2020-12-01 00:18:09'),
(10982, ' CIPROFLOXACIN POLPHARMA ', ' CIPROFLOXACIN POLPHARMA ', '-', '-', '-', 22, 2131, '2020-12-01 00:18:09', '2020-12-01 00:18:09'),
(10983, ' CIPROBID 400mg/200ml ', ' CIPROBID 400mg/200ml ', '-', '-', '110,000', 22, 2131, '2020-12-01 00:18:09', '2020-12-01 00:18:09'),
(10984, ' CITOPCIN INJECTION 400mg/100ml ', ' CITOPCIN INJECTION 400mg/100ml ', '-', '-', '-', 22, 2131, '2020-12-01 00:18:09', '2020-12-01 00:18:09'),
(10985, ' MOXIFLOXACIN 400mg/250ml ', ' MOXIFLOXACIN 400mg/250ml ', '-', '-', '-', 22, 2131, '2020-12-01 00:18:09', '2020-12-01 00:18:09'),
(10986, ' DÂY TRUYỀN DỊCH + KIM BƯỚM ', ' DÂY TRUYỀN DỊCH + KIM BƯỚM ', '-', '-', '20,000', 22, 2131, '2020-12-01 00:18:09', '2020-12-01 00:18:09'),
(10987, ' DÂY TRUYỀN DỊCH  ', ' DÂY TRUYỀN DỊCH  ', '-', '-', '15,000', 22, 2131, '2020-12-01 00:18:09', '2020-12-01 00:18:09'),
(10988, ' KIM LUỒN ', ' KIM LUỒN ', '-', '-', '20,000', 22, 2131, '2020-12-01 00:18:09', '2020-12-01 00:18:09'),
(10989, ' VAT ', ' VAT ', '-', '-', '20,000', 22, 2131, '2020-12-01 00:18:09', '2020-12-01 00:18:09'),
(10990, ' SAT : - Thuốc Nội ', ' SAT : - Thuốc Nội ', '-', '-', '30,000', 22, 2131, '2020-12-01 00:18:09', '2020-12-01 00:18:09'),
(10991, '            - Thuốc Ngoại ', '            - Thuốc Ngoại ', '-', '-', '50,000', 22, 2131, '2020-12-01 00:18:09', '2020-12-01 00:18:09'),
(10992, ' Tiền công truyền dịch (đối với dịch truyền mang vào từ ngoài) ', ' Tiền công truyền dịch (đối với dịch truyền mang vào từ ngoài) ', '-', '-', '50,000', 22, 2131, '2020-12-01 00:18:09', '2020-12-01 00:18:09'),
(10993, 'Khám bệnh trong giờ', 'Khám bệnh trong giờ', '34,500', '34,500', '-', 23, 2132, '2020-12-01 00:19:23', '2020-12-01 00:19:23'),
(10994, 'Khám bệnh ngoài giờ', 'Khám bệnh ngoài giờ', '-', '-', '70,000', 23, 2132, '2020-12-01 00:19:23', '2020-12-01 00:19:23'),
(10995, 'Khám bệnh BHYT ngoài giờ', 'Khám bệnh BHYT ngoài giờ', '-', '-', '35,000', 23, 2132, '2020-12-01 00:19:23', '2020-12-01 00:19:23'),
(10996, 'Điện tim thường', 'Điện tim thường', '32,800', '32,800', '40,000', 23, 2132, '2020-12-01 00:19:23', '2020-12-01 00:19:23'),
(10997, 'Đo chức năng hô hấp', 'Đo chức năng hô hấp', '126,000', '126,000', '130,000', 23, 2132, '2020-12-01 00:19:23', '2020-12-01 00:19:23'),
(10998, 'Test hồi phục phế quản', 'Test hồi phục phế quản', '172,000', '172,000', '180,000', 23, 2132, '2020-12-01 00:19:23', '2020-12-01 00:19:23'),
(10999, 'Ghi điện cơ', 'Ghi điện cơ', '128,000', '128,000', '135,000', 23, 2132, '2020-12-01 00:19:23', '2020-12-01 00:19:23'),
(11000, 'Ghi điện cơ đo tốc độ dẫn truyền vận động và cảm giác của dây thần kinh ngoại biên chi trên', 'Ghi điện cơ đo tốc độ dẫn truyền vận động và cảm giác của dây thần kinh ngoại biên chi trên', '128,000', '128,000', '13,5000', 23, 2132, '2020-12-01 00:19:23', '2020-12-01 00:19:23'),
(11001, 'Ghi điện cơ đo tốc độ dẫn truyền vận động và cảm giác của dây thần kinh ngoại biên chi dưới', 'Ghi điện cơ đo tốc độ dẫn truyền vận động và cảm giác của dây thần kinh ngoại biên chi dưới', '128,000', '128,000', '135,000', 23, 2132, '2020-12-01 00:19:23', '2020-12-01 00:19:23'),
(11002, 'Ghi điện cơ bằng điện cực kim', 'Ghi điện cơ bằng điện cực kim', '128,000', '128,000', '135,000', 23, 2132, '2020-12-01 00:19:23', '2020-12-01 00:19:23'),
(11003, 'Test chẩn đoán nhược cơ bằng điện sinh lý', 'Test chẩn đoán nhược cơ bằng điện sinh lý', '128,000', '128,000', '135,000', 23, 2132, '2020-12-01 00:19:23', '2020-12-01 00:19:23'),
(11004, 'Khám nhi trong giờ', 'Khám nhi trong giờ', '34,500', '34,500', '-', 23, 2133, '2020-12-01 00:19:23', '2020-12-01 00:19:23'),
(11005, 'Khám nhi ngoài giờ', 'Khám nhi ngoài giờ', '-', '-', '70,000', 23, 2133, '2020-12-01 00:19:23', '2020-12-01 00:19:23'),
(11006, 'Tư vấn', 'Tư vấn', '-', '-', '35,000', 23, 2133, '2020-12-01 00:19:23', '2020-12-01 00:19:23'),
(11007, 'Khí dung thuốc thở máy', 'Khí dung thuốc thở máy', '20,400', '20,400', '-', 23, 2133, '2020-12-01 00:19:23', '2020-12-01 00:19:23'),
(11008, 'Khí dung thuốc cấp cứu', 'Khí dung thuốc cấp cứu', '20,400', '20,400', '-', 23, 2133, '2020-12-01 00:19:23', '2020-12-01 00:19:23'),
(11009, 'Xông họng', 'Xông họng', '-', '27,400', '30,000', 23, 2133, '2020-12-01 00:19:23', '2020-12-01 00:19:23'),
(11010, 'Hút đờm hầu họng ', 'Hút đờm hầu họng ', '11,100', '11,100', '15,000', 23, 2133, '2020-12-01 00:19:23', '2020-12-01 00:19:23'),
(11011, 'Rửa mũi', 'Rửa mũi', '-', '27,400', '30,000', 23, 2133, '2020-12-01 00:19:23', '2020-12-01 00:19:23'),
(11012, 'Rửa rốn', 'Rửa rốn', '-', '-', '50,000', 23, 2133, '2020-12-01 00:19:23', '2020-12-01 00:19:23'),
(11013, 'Vận động trị liệu hô hấp', 'Vận động trị liệu hô hấp', '30,100', '30,100', '-', 23, 2133, '2020-12-01 00:19:23', '2020-12-01 00:19:23'),
(11014, 'Khám sức khỏe nhi', 'Khám sức khỏe nhi', '-', '-', '60,000', 23, 2133, '2020-12-01 00:19:23', '2020-12-01 00:19:23'),
(11015, 'Đặt sonde hậu môn', 'Đặt sonde hậu môn', '82,100', '82,100', '-', 23, 2133, '2020-12-01 00:19:23', '2020-12-01 00:19:23'),
(11016, 'Thông tiểu', 'Thông tiểu', '90,100', '90,100', '-', 23, 2133, '2020-12-01 00:19:23', '2020-12-01 00:19:23'),
(11017, 'Điều trị vàng da (chiếu đèn)', 'Điều trị vàng da (chiếu đèn)', '-', '-', ' 120,000 / ngày ', 23, 2133, '2020-12-01 00:19:23', '2020-12-01 00:19:23'),
(11018, 'Đo phế dung ký', 'Đo phế dung ký', '-', '-', ' 20,000', 23, 2133, '2020-12-01 00:19:23', '2020-12-01 00:19:23'),
(11019, 'Điện tim thường', 'Điện tim thường', '32,800', '32,800', '40,000', 23, 2133, '2020-12-01 00:19:23', '2020-12-01 00:19:23'),
(11020, 'Xét nghiệm đường máu mao mạch tại giường', 'Xét nghiệm đường máu mao mạch tại giường', ' 15,200', ' 15,200', '-', 23, 2133, '2020-12-01 00:19:23', '2020-12-01 00:19:23'),
(11021, 'ĐO BILIRUBIN QUA DA', 'ĐO BILIRUBIN QUA DA', '-', '-', ' 50,000', 23, 2133, '2020-12-01 00:19:23', '2020-12-01 00:19:23'),
(11022, 'Định nhóm máu tại giường bệnh trước truyền máu [Nhi]', 'Định nhóm máu tại giường bệnh trước truyền máu [Nhi]', ' 23,100', ' 23,100', '-', 23, 2133, '2020-12-01 00:19:23', '2020-12-01 00:19:23'),
(11023, 'Hematocrit (Hct)', 'Hematocrit (Hct)', '-', '-', ' 20,000', 23, 2133, '2020-12-01 00:19:23', '2020-12-01 00:19:23'),
(11024, 'Tư vấn hen', 'Tư vấn hen', '-', '-', ' 50,000', 23, 2133, '2020-12-01 00:19:23', '2020-12-01 00:19:23'),
(11025, 'Đo chức năng hô hấp', 'Đo chức năng hô hấp', ' 126,000', ' 126,000', ' 130,000', 23, 2133, '2020-12-01 00:19:23', '2020-12-01 00:19:23'),
(11026, 'Dao động xung ký (IOS) có test giãn phế quản', 'Dao động xung ký (IOS) có test giãn phế quản', '-', ' 260,000', '-', 23, 2133, '2020-12-01 00:19:23', '2020-12-01 00:19:23'),
(11027, 'Dao động xung ký (IOS) không có test giãn phế quản', 'Dao động xung ký (IOS) không có test giãn phế quản', '-', ' 260,000', '-', 23, 2133, '2020-12-01 00:19:23', '2020-12-01 00:19:23'),
(11028, 'Thở máy không xâm nhập ( thở CPAP, thở BiPAP)', 'Thở máy không xâm nhập ( thở CPAP, thở BiPAP)', ' 559,000', ' 559,000', '-', 23, 2133, '2020-12-01 00:19:23', '2020-12-01 00:19:23'),
(11029, 'Đặt ống nội khí quản', 'Đặt ống nội khí quản', ' 568,000', ' 568,000', '-', 23, 2133, '2020-12-01 00:19:23', '2020-12-01 00:19:23'),
(11030, 'Thể tích khối hồng cầu (hematocrit) bằng máy ly tâm', 'Thể tích khối hồng cầu (hematocrit) bằng máy ly tâm', ' 17,300', ' 17,300', '-', 23, 2133, '2020-12-01 00:19:23', '2020-12-01 00:19:23'),
(11031, 'Khám tư vấn dinh dưỡng', 'Khám tư vấn dinh dưỡng', '-', '-', ' 100,000', 23, 2133, '2020-12-01 00:19:23', '2020-12-01 00:19:23'),
(11032, 'Đánh giá khẩu phần ăn 24h', 'Đánh giá khẩu phần ăn 24h', '-', '-', ' 50,000', 23, 2133, '2020-12-01 00:19:23', '2020-12-01 00:19:23'),
(11033, 'Thực đơn dinh dưỡng 1 tuần', 'Thực đơn dinh dưỡng 1 tuần', '-', '-', ' 200,000', 23, 2133, '2020-12-01 00:19:23', '2020-12-01 00:19:23'),
(11034, 'Thủ thuật lấy đàm khí quản làm kháng sinh đồ', 'Thủ thuật lấy đàm khí quản làm kháng sinh đồ', '-', '-', ' 70,000', 23, 2134, '2020-12-01 00:19:23', '2020-12-01 00:19:23'),
(11035, 'Nội soi thực quản - dạ dày - tá tràng không sinh thiết', 'Nội soi thực quản - dạ dày - tá tràng không sinh thiết', ' 244,000', ' 244,000', '-', 23, 2134, '2020-12-01 00:19:23', '2020-12-01 00:19:23'),
(11036, 'Nội soi thực quản - dạ dày - tá tràng có sinh thiết  (Đã bao gồm test HP)', 'Nội soi thực quản - dạ dày - tá tràng có sinh thiết  (Đã bao gồm test HP)', ' 433,000', ' 433,000', '-', 23, 2134, '2020-12-01 00:19:23', '2020-12-01 00:19:23'),
(11037, 'Nội soi dạ dày làm clo test', 'Nội soi dạ dày làm clo test', ' 294,000', ' 294,000', '-', 23, 2134, '2020-12-01 00:19:23', '2020-12-01 00:19:23'),
(11038, 'Nội soi đại trực tràng toàn bộ ống mềm không sinh thiết', 'Nội soi đại trực tràng toàn bộ ống mềm không sinh thiết', ' 305,000', ' 305,000', '-', 23, 2134, '2020-12-01 00:19:23', '2020-12-01 00:19:23'),
(11039, 'Nội soi đại trực tràng toàn bộ ống mềm có sinh thiết', 'Nội soi đại trực tràng toàn bộ ống mềm có sinh thiết', ' 408,000', ' 408,000', '-', 23, 2134, '2020-12-01 00:19:23', '2020-12-01 00:19:23'),
(11040, 'Nội soi trực tràng ống mềm không sinh thiết', 'Nội soi trực tràng ống mềm không sinh thiết', ' 189,000', ' 189,000', '-', 23, 2134, '2020-12-01 00:19:23', '2020-12-01 00:19:23'),
(11041, 'Nội soi trực tràng ống mềm có sinh thiết', 'Nội soi trực tràng ống mềm có sinh thiết', ' 291,000', ' 291,000', '-', 23, 2134, '2020-12-01 00:19:23', '2020-12-01 00:19:23'),
(11042, 'Nội soi ổ bụng', 'Nội soi ổ bụng', ' 825,000', ' 825,000', '-', 23, 2134, '2020-12-01 00:19:23', '2020-12-01 00:19:23'),
(11043, 'Nội soi ổ bụng có sinh thiết', 'Nội soi ổ bụng có sinh thiết', ' 982,000', ' 982,000', '-', 23, 2134, '2020-12-01 00:19:23', '2020-12-01 00:19:23'),
(11044, 'Phụ thu nội soi dạ dày - tá tràng / trực tràng ngồi giờ', 'Phụ thu nội soi dạ dày - tá tràng / trực tràng ngồi giờ', '-', '-', ' 100,000', 23, 2134, '2020-12-01 00:19:23', '2020-12-01 00:19:23'),
(11045, 'Phụ thu nội soi đại tràng ngoài giờ', 'Phụ thu nội soi đại tràng ngoài giờ', '-', '-', ' 130,000', 23, 2134, '2020-12-01 00:19:23', '2020-12-01 00:19:23'),
(11046, 'Khám nội theo yêu cầu', 'Khám nội theo yêu cầu', '-', '-', ' 120,000', 23, 2135, '2020-12-01 00:19:23', '2020-12-01 00:19:23'),
(11047, 'Điện tim thường', 'Điện tim thường', ' 32,800', ' 32,800', '-', 23, 2135, '2020-12-01 00:19:23', '2020-12-01 00:19:23'),
(11048, 'Khí dung thuốc giãn phế quản', 'Khí dung thuốc giãn phế quản', ' 20,400', ' 20,400', '-', 23, 2135, '2020-12-01 00:19:23', '2020-12-01 00:19:23'),
(11049, 'Đặt ống nội khí quản ', 'Đặt ống nội khí quản ', ' 568,000', ' 568,000', '-', 23, 2135, '2020-12-01 00:19:23', '2020-12-01 00:19:23'),
(11050, 'Cấp cứu ngừng tuần hoàn hô hấp cơ bản ', 'Cấp cứu ngừng tuần hoàn hô hấp cơ bản ', ' 479,000', ' 479,000', '-', 23, 2135, '2020-12-01 00:19:23', '2020-12-01 00:19:23'),
(11051, 'Xét nghiệm đường máu mao mạch tại giường  ', 'Xét nghiệm đường máu mao mạch tại giường  ', ' 15,200', ' 15,200', '-', 23, 2135, '2020-12-01 00:19:23', '2020-12-01 00:19:23'),
(11052, 'Rửa bàng quang ', 'Rửa bàng quang ', ' 198,000', ' 198,000', '-', 23, 2135, '2020-12-01 00:19:23', '2020-12-01 00:19:23'),
(11053, 'Đặt sonde bàng quang ', 'Đặt sonde bàng quang ', ' 90,100', ' 90,100', '-', 23, 2135, '2020-12-01 00:19:23', '2020-12-01 00:19:23'),
(11054, 'Đặt ống thông dạ dày ', 'Đặt ống thông dạ dày ', ' 90,100', ' 90,100', '-', 23, 2135, '2020-12-01 00:19:23', '2020-12-01 00:19:23'),
(11055, 'Hút đờm hầu họng ', 'Hút đờm hầu họng ', ' 11,100', ' 11,100', '-', 23, 2135, '2020-12-01 00:19:23', '2020-12-01 00:19:23'),
(11056, 'Thay băng, cắt chỉ vết mổ [THAY BĂNG VT CHIỀU DÀI < 15 CM (N)]', 'Thay băng, cắt chỉ vết mổ [THAY BĂNG VT CHIỀU DÀI < 15 CM (N)]', ' 57,600', ' 57,600', '-', 23, 2135, '2020-12-01 00:19:23', '2020-12-01 00:19:23'),
(11057, 'Thay băng, cắt chỉ vết mổ [THAY BĂNG VT CHIỀU DÀI >15CM ĐẾN 30CM (N)]', 'Thay băng, cắt chỉ vết mổ [THAY BĂNG VT CHIỀU DÀI >15CM ĐẾN 30CM (N)]', ' 82,400', ' 82,400', '-', 23, 2135, '2020-12-01 00:19:23', '2020-12-01 00:19:23'),
(11058, 'Thay băng, cắt chỉ vết mổ [THAY BĂNG VT CHIỀU DÀI TỪ 30CM ĐẾN < 50 CM (N)]', 'Thay băng, cắt chỉ vết mổ [THAY BĂNG VT CHIỀU DÀI TỪ 30CM ĐẾN < 50 CM (N)]', ' 112,000', ' 112,000', '-', 23, 2135, '2020-12-01 00:19:23', '2020-12-01 00:19:23'),
(11059, 'Thay băng, cắt chỉ vết mổ [THAY BĂNG VT CHIỀU DÀI  < 30 CM (N)]', 'Thay băng, cắt chỉ vết mổ [THAY BĂNG VT CHIỀU DÀI  < 30 CM (N)]', ' 134,000', ' 134,000', '-', 23, 2135, '2020-12-01 00:19:23', '2020-12-01 00:19:23'),
(11060, 'Thay băng, cắt chỉ vết mổ [THAY BĂNG VT CHIỀU DÀI TỪ 30CM ĐẾN 50 CM NHIỄM TRÙNG (N)]', 'Thay băng, cắt chỉ vết mổ [THAY BĂNG VT CHIỀU DÀI TỪ 30CM ĐẾN 50 CM NHIỄM TRÙNG (N)]', ' 179,000', ' 179,000', '-', 23, 2135, '2020-12-01 00:19:23', '2020-12-01 00:19:23'),
(11061, 'Thay băng, cắt chỉ vết mổ [THAY BĂNG VT CHIỀU DÀI > 50 CM NHIỄM TRÙNG (N)]', 'Thay băng, cắt chỉ vết mổ [THAY BĂNG VT CHIỀU DÀI > 50 CM NHIỄM TRÙNG (N)]', ' 240,000', ' 240,000', '-', 23, 2135, '2020-12-01 00:19:23', '2020-12-01 00:19:23'),
(11062, 'Theo dõi monitor [Nội]', 'Theo dõi monitor [Nội]', '-', ' 50,000', '-', 23, 2135, '2020-12-01 00:19:23', '2020-12-01 00:19:23'),
(11063, 'Thay băng bỏng (1 Lần)', 'Thay băng bỏng (1 Lần)', '-', '50,000-100,000', '-', 23, 2135, '2020-12-01 00:19:23', '2020-12-01 00:19:23'),
(11064, 'Chọc dịch màng bụng', 'Chọc dịch màng bụng', ' 137,000', ' 137,000', '-', 23, 2135, '2020-12-01 00:19:23', '2020-12-01 00:19:23'),
(11065, 'Chọc dò dịch màng phổi ', 'Chọc dò dịch màng phổi ', ' 137,000', ' 137,000', '-', 23, 2135, '2020-12-01 00:19:23', '2020-12-01 00:19:23'),
(11066, 'Chọc hút khí màng phổi', 'Chọc hút khí màng phổi', ' 143,000', ' 143,000', '-', 23, 2135, '2020-12-01 00:19:23', '2020-12-01 00:19:23'),
(11067, 'Oxy I (<2 l/p)', 'Oxy I (<2 l/p)', '1.000/giờ', ' 2.500/giờ ', '-', 23, 2135, '2020-12-01 00:19:23', '2020-12-01 00:19:23'),
(11068, 'Oxy II (2-3 l/p)', 'Oxy II (2-3 l/p)', '1.500/giờ', ' 2.500/giờ ', '-', 23, 2135, '2020-12-01 00:19:23', '2020-12-01 00:19:23'),
(11069, 'Oxy III (>3 l/p)', 'Oxy III (>3 l/p)', '2.000/giờ', ' 2.500/giờ ', '-', 23, 2135, '2020-12-01 00:19:23', '2020-12-01 00:19:23'),
(11070, 'Oxy IV (5-7  l/p)', 'Oxy IV (5-7  l/p)', '3.000/giờ', ' 3.000/giờ ', '-', 23, 2135, '2020-12-01 00:19:23', '2020-12-01 00:19:23'),
(11071, 'Oxy V (>7  l/p)', 'Oxy V (>7  l/p)', '4.500/giờ', ' 4.500/giờ ', '-', 23, 2135, '2020-12-01 00:19:23', '2020-12-01 00:19:23'),
(11072, 'Đặt catheter tĩnh mạch trung tâm nhiều nòng ', 'Đặt catheter tĩnh mạch trung tâm nhiều nòng ', ' 1,126,000', ' 1,126,000', '-', 23, 2135, '2020-12-01 00:19:23', '2020-12-01 00:19:23'),
(11073, 'Định nhóm máu tại giường bệnh trước truyền máu ', 'Định nhóm máu tại giường bệnh trước truyền máu ', ' 23,100', ' 23,100', '-', 23, 2135, '2020-12-01 00:19:23', '2020-12-01 00:19:23'),
(11074, 'Thở máy bằng xâm nhập [Nội]', 'Thở máy bằng xâm nhập [Nội]', ' 559,000', ' 559,000', '-', 23, 2135, '2020-12-01 00:19:23', '2020-12-01 00:19:23'),
(11075, 'Thở máy không xâm nhập (thở CPAP, Thở BiPAP) [N]', 'Thở máy không xâm nhập (thở CPAP, Thở BiPAP) [N]', ' 559,000', ' 559,000', '-', 23, 2135, '2020-12-01 00:19:23', '2020-12-01 00:19:23'),
(11076, 'Khám phụ sản', 'Khám phụ sản', ' 34,500', ' 34,500', ' 70,000', 23, 2136, '2020-12-01 00:19:23', '2020-12-01 00:19:23'),
(11077, 'Khám tư vấn hiếm muộn', 'Khám tư vấn hiếm muộn', '-', ' 100,000', ' 120,000', 23, 2136, '2020-12-01 00:19:23', '2020-12-01 00:19:23'),
(11078, 'Hút buồng tử cung do rong kinh, rong huyết', 'Hút buồng tử cung do rong kinh, rong huyết', ' 204,000', ' 204,000', ' 420,000', 23, 2136, '2020-12-01 00:19:23', '2020-12-01 00:19:23'),
(11079, 'Phá thai bằng thuốc cho tuổi thai đến hết 7 tuần', 'Phá thai bằng thuốc cho tuổi thai đến hết 7 tuần', ' 183,000', ' 183,000', ' 183,000', 23, 2136, '2020-12-01 00:19:23', '2020-12-01 00:19:23'),
(11080, 'Phụ thu tiền thuốc phá thai ', 'Phụ thu tiền thuốc phá thai ', '-', '-', ' 500,000', 23, 2136, '2020-12-01 00:19:23', '2020-12-01 00:19:23'),
(11081, 'Phá thai bằng thuốc cho tuổi thai từ 13 tuần đến hết tuần 22', 'Phá thai bằng thuốc cho tuổi thai từ 13 tuần đến hết tuần 22', ' 545,000', ' 545,000', ' 840,000', 23, 2136, '2020-12-01 00:19:23', '2020-12-01 00:19:23'),
(11082, 'Hút thai từ 5-6 tuần', 'Hút thai từ 5-6 tuần', '-', ' 392,000', ' 630,000', 23, 2136, '2020-12-01 00:19:23', '2020-12-01 00:19:23'),
(11083, 'Phá thai từ tuần thứ 6 đến hết 12 tuần bằng phương pháp hút chân không [7 - 8T]', 'Phá thai từ tuần thứ 6 đến hết 12 tuần bằng phương pháp hút chân không [7 - 8T]', ' 396,000', ' 396,000', ' 730,000', 23, 2136, '2020-12-01 00:19:23', '2020-12-01 00:19:23'),
(11084, 'Phá thai từ tuần thứ 6 đến hết 12 tuần bằng phương pháp hút chân không [9 - 10T]', 'Phá thai từ tuần thứ 6 đến hết 12 tuần bằng phương pháp hút chân không [9 - 10T]', ' 396,000', ' 396,000', ' 1,050,000', 23, 2136, '2020-12-01 00:19:23', '2020-12-01 00:19:23'),
(11085, 'Phá thai từ tuần thứ 6 đến hết 12 tuần bằng phương pháp hút chân không [10 <12T]', 'Phá thai từ tuần thứ 6 đến hết 12 tuần bằng phương pháp hút chân không [10 <12T]', ' 396,000', ' 396,000', ' 1,550,000', 23, 2136, '2020-12-01 00:19:23', '2020-12-01 00:19:23'),
(11086, 'Nạo hút thai từ 12 đến dưới 14 tuần', 'Nạo hút thai từ 12 đến dưới 14 tuần', '-', ' 1,500,000', ' 1,850,000', 23, 2136, '2020-12-01 00:19:23', '2020-12-01 00:19:23'),
(11087, 'Nạo hút thai từ 14 đến 16 tuần', 'Nạo hút thai từ 14 đến 16 tuần', '-', ' 2,000,000', ' 2,600,000', 23, 2136, '2020-12-01 00:19:23', '2020-12-01 00:19:23'),
(11088, 'Nạo sót thai, nạo sót rau sau sẩy, sau đẻ', 'Nạo sót thai, nạo sót rau sau sẩy, sau đẻ', ' 344,000', ' 344,000', ' 520,000', 23, 2136, '2020-12-01 00:19:23', '2020-12-01 00:19:23'),
(11089, 'Phá thai người bệnh có sẹo mổ lấy thai cũ', 'Phá thai người bệnh có sẹo mổ lấy thai cũ', ' 587,000', ' 587,000', ' Mục 6,7,8,9,10,11+thêm 50,000 ', 23, 2136, '2020-12-01 00:19:23', '2020-12-01 00:19:23'),
(11090, 'Phá thai bằng phương pháp nong và gắp từ tuần thứ 13 đến hết tuần thứ 18', 'Phá thai bằng phương pháp nong và gắp từ tuần thứ 13 đến hết tuần thứ 18', ' 1,152,000', ' 1,152,000', ' 1,200,000', 23, 2136, '2020-12-01 00:19:23', '2020-12-01 00:19:23'),
(11091, 'Tháo vòng yêu cầu', 'Tháo vòng yêu cầu', '-', ' 210,000', ' 300,000', 23, 2136, '2020-12-01 00:19:23', '2020-12-01 00:19:23'),
(11092, 'Tháo dụng cụ tử cung khó', 'Tháo dụng cụ tử cung khó', '-', ' 210,000', ' 300,000', 23, 2136, '2020-12-01 00:19:23', '2020-12-01 00:19:23'),
(11093, 'Đặt dụng cụ tử cung', 'Đặt dụng cụ tử cung', '-', ' 210,000', ' 300,000', 23, 2136, '2020-12-01 00:19:23', '2020-12-01 00:19:23'),
(11094, 'Chích áp xe tầng sinh môn', 'Chích áp xe tầng sinh môn', ' 807,000', ' 807,000', ' 830,000', 23, 2136, '2020-12-01 00:19:23', '2020-12-01 00:19:23'),
(11095, 'Làm cửa tuyến Bartholine', 'Làm cửa tuyến Bartholine', '-', ' 400,000', ' 520,000', 23, 2136, '2020-12-01 00:19:23', '2020-12-01 00:19:23'),
(11096, 'Chích áp xe tuyến Bartholin', 'Chích áp xe tuyến Bartholin', ' 831,000', ' 831,000', ' 850,000', 23, 2136, '2020-12-01 00:19:23', '2020-12-01 00:19:23'),
(11097, 'Bóc nang tuyến Bartholin', 'Bóc nang tuyến Bartholin', ' 1,274,000', ' 1,274,000', ' 1,300,000', 23, 2136, '2020-12-01 00:19:23', '2020-12-01 00:19:23'),
(11098, 'Bóc nhân xơ vú', 'Bóc nhân xơ vú', ' 984,000', ' 984,000', ' 1,050,000', 23, 2136, '2020-12-01 00:19:23', '2020-12-01 00:19:23'),
(11099, 'Soi cổ tử cung', 'Soi cổ tử cung', ' 61,500', ' 61,500', ' 150,000', 23, 2136, '2020-12-01 00:19:23', '2020-12-01 00:19:23'),
(11100, 'Thủ thuật xoắn polip cổ tử cung, âm đạo', 'Thủ thuật xoắn polip cổ tử cung, âm đạo', ' 388,000', ' 388,000', ' 400,000', 23, 2136, '2020-12-01 00:19:23', '2020-12-01 00:19:23'),
(11101, 'Điều trị tổn thương cổ tử cung bằng đốt điện, đốt nhiệt, đốt laser, áp lạnh...', 'Điều trị tổn thương cổ tử cung bằng đốt điện, đốt nhiệt, đốt laser, áp lạnh...', ' 159,000', ' 159,000', ' 700,000', 23, 2136, '2020-12-01 00:19:23', '2020-12-01 00:19:23'),
(11102, 'Nội soi buồng tử cung - sinh thiết buồng tử cung', 'Nội soi buồng tử cung - sinh thiết buồng tử cung', '-', ' 4,394,000', ' 4,500,000', 23, 2136, '2020-12-01 00:19:23', '2020-12-01 00:19:23'),
(11103, 'Sinh thiết cổ tử cung, âm hộ, âm đạo', 'Sinh thiết cổ tử cung, âm hộ, âm đạo', ' 382,000', ' 382,000', ' 400,000', 23, 2136, '2020-12-01 00:19:23', '2020-12-01 00:19:23'),
(11104, 'Cắt chỉ sau phẫu thuật', 'Cắt chỉ sau phẫu thuật', ' 32,900', ' 32,900', ' 40,000', 23, 2136, '2020-12-01 00:19:23', '2020-12-01 00:19:23'),
(11105, 'Thay băng', 'Thay băng', '-', ' 35,000', ' 40,000', 23, 2136, '2020-12-01 00:19:23', '2020-12-01 00:19:23'),
(11106, 'Thay băng, cắt chỉ vết mổ [THAY BĂNG VT CHIỀU DÀI < 15 CM (S)]', 'Thay băng, cắt chỉ vết mổ [THAY BĂNG VT CHIỀU DÀI < 15 CM (S)]', ' 57,600', ' 57,600', ' Chỉ AD với người bệnh ngoại tr. Đ/v người bệnh nội tr theo quy định của Bộ Y tế ', 23, 2136, '2020-12-01 00:19:23', '2020-12-01 00:19:23'),
(11107, 'Thay băng, cắt chỉ vết mổ [THAY BĂNG VT CHIỀU DÀI >15CM ĐẾN 30CM (S)]', 'Thay băng, cắt chỉ vết mổ [THAY BĂNG VT CHIỀU DÀI >15CM ĐẾN 30CM (S)]', ' 82,400', ' 82,400', ' Chỉ AD với người bệnh ngoại tr. Đ/v người bệnh nội tr theo quy định của Bộ Y tế ', 23, 2136, '2020-12-01 00:19:23', '2020-12-01 00:19:23'),
(11108, 'Thay băng, cắt chỉ vết mổ [THAY BĂNG VT CHIỀU DÀI TỪ 30CM ĐẾN < 50 CM (S)]', 'Thay băng, cắt chỉ vết mổ [THAY BĂNG VT CHIỀU DÀI TỪ 30CM ĐẾN < 50 CM (S)]', ' 112,000', ' 112,000', '-', 23, 2136, '2020-12-01 00:19:23', '2020-12-01 00:19:23'),
(11109, 'Thay băng, cắt chỉ vết mổ [THAY BĂNG VT CHIỀU DÀI  < 30 CM (S)]', 'Thay băng, cắt chỉ vết mổ [THAY BĂNG VT CHIỀU DÀI  < 30 CM (S)]', ' 134,000', ' 134,000', '-', 23, 2136, '2020-12-01 00:19:23', '2020-12-01 00:19:23'),
(11110, 'Thay băng, cắt chỉ vết mổ [THAY BĂNG VT CHIỀU DÀI TỪ 30CM ĐẾN 50 CM NHIỄM TRÙNG (S)]', 'Thay băng, cắt chỉ vết mổ [THAY BĂNG VT CHIỀU DÀI TỪ 30CM ĐẾN 50 CM NHIỄM TRÙNG (S)]', ' 179,000', ' 179,000', '-', 23, 2136, '2020-12-01 00:19:23', '2020-12-01 00:19:23'),
(11111, 'Thay băng, cắt chỉ vết mổ [THAY BĂNG VT CHIỀU DI > 50 CM NHIỄM TRÙNG (S)]', 'Thay băng, cắt chỉ vết mổ [THAY BĂNG VT CHIỀU DI > 50 CM NHIỄM TRÙNG (S)]', ' 240,000', ' 240,000', '-', 23, 2136, '2020-12-01 00:19:23', '2020-12-01 00:19:23'),
(11112, 'Cắt, đốt sùi mào gà âm hộ; âm đạo; tầng sinh môn [Sản]', 'Cắt, đốt sùi mào gà âm hộ; âm đạo; tầng sinh môn [Sản]', ' 682,000', ' 682,000', ' 700,000', 23, 2136, '2020-12-01 00:19:23', '2020-12-01 00:19:23'),
(11113, 'Phá thai bệnh lý (bệnh lý mẹ, bệnh lý thai)', 'Phá thai bệnh lý (bệnh lý mẹ, bệnh lý thai)', '-', 'Tính theo mục 5,6,7,8,9,10', '-', 23, 2136, '2020-12-01 00:19:23', '2020-12-01 00:19:23'),
(11114, 'Chích áp xe vú [Sản]', 'Chích áp xe vú [Sản]', ' 219,000', ' 219,000', ' 420,000', 23, 2136, '2020-12-01 00:19:23', '2020-12-01 00:19:23'),
(11115, 'Trích nang naboth', 'Trích nang naboth', '-', ' 200,000', ' 262,000', 23, 2136, '2020-12-01 00:19:23', '2020-12-01 00:19:23'),
(11116, 'Cấy/rút mảnh ghép tránh thai 1 que', 'Cấy/rút mảnh ghép tránh thai 1 que', '-', ' 200,000', ' 300,000', 23, 2136, '2020-12-01 00:19:23', '2020-12-01 00:19:23'),
(11117, 'Cấy/rút mảnh ghép tránh thai nhiều que', 'Cấy/rút mảnh ghép tránh thai nhiều que', '-', ' 400,000', ' 500,000', 23, 2136, '2020-12-01 00:19:23', '2020-12-01 00:19:23'),
(11118, 'Làm lại thành âm đạo, tầng sinh môn', 'Làm lại thành âm đạo, tầng sinh môn', ' 1,482,000', ' 1,482,000', ' 2,100,000', 23, 2136, '2020-12-01 00:19:23', '2020-12-01 00:19:23'),
(11119, 'Theo dõi nhịp tim thai và cơn co tử cung bằng monitor sản khoa', 'Theo dõi nhịp tim thai và cơn co tử cung bằng monitor sản khoa', ' 55,000', ' 55,000', ' 100,000', 23, 2136, '2020-12-01 00:19:23', '2020-12-01 00:19:23'),
(11120, 'Chích rạch màng trinh do ứ máu kinh', 'Chích rạch màng trinh do ứ máu kinh', ' 790,000', ' 790,000', ' 820,000', 23, 2136, '2020-12-01 00:19:23', '2020-12-01 00:19:23'),
(11121, 'Nong buồng tử cung đặt dụng cụ chống dính', 'Nong buồng tử cung đặt dụng cụ chống dính', ' 580,000', ' 580,000', ' 610,000', 23, 2136, '2020-12-01 00:19:23', '2020-12-01 00:19:23'),
(11122, 'Nong cổ tử cung do bế sản dịch', 'Nong cổ tử cung do bế sản dịch', ' 281,000', ' 281,000', ' 300,000', 23, 2136, '2020-12-01 00:19:23', '2020-12-01 00:19:23'),
(11123, 'Chọc ối điều trị đa ối', 'Chọc ối điều trị đa ối', ' 722,000', ' 722,000', ' 750,000', 23, 2136, '2020-12-01 00:19:23', '2020-12-01 00:19:23'),
(11124, 'Chọc ối làm xét nghiệm tế bào', 'Chọc ối làm xét nghiệm tế bào', ' 722,000', ' 722,000', ' 750,000', 23, 2136, '2020-12-01 00:19:23', '2020-12-01 00:19:23'),
(11125, 'Phẫu thuật cắt polip cổ tử cung', 'Phẫu thuật cắt polip cổ tử cung', ' 1,935,000', ' 1,935,000', '                     -   ', 23, 2136, '2020-12-01 00:19:23', '2020-12-01 00:19:23'),
(11126, 'Hút thai dưới siêu âm', 'Hút thai dưới siêu âm', ' 456,000', ' 456,000', ' 480,000', 23, 2136, '2020-12-01 00:19:23', '2020-12-01 00:19:23'),
(11127, 'Rửa bàng quang', 'Rửa bàng quang', ' 198,000', ' 198,000', ' 198,000', 23, 2136, '2020-12-01 00:19:23', '2020-12-01 00:19:23'),
(11128, 'Khí dung mũi họng', 'Khí dung mũi họng', ' 20,400', ' 20,400', ' 25,000', 23, 2136, '2020-12-01 00:19:23', '2020-12-01 00:19:23'),
(11129, 'Điện tim thường', 'Điện tim thường', ' 32,800', ' 32,800', ' 40,000', 23, 2136, '2020-12-01 00:19:23', '2020-12-01 00:19:23'),
(11130, 'Đỡ đẻ thường ngôi chỏm', 'Đỡ đẻ thường ngôi chỏm', ' 706,000', ' 706,000', '-', 23, 2136, '2020-12-01 00:19:23', '2020-12-01 00:19:23'),
(11131, 'Đỡ đẻ thường theo yêu cầu', 'Đỡ đẻ thường theo yêu cầu', '-', '-', ' 1,000,000', 23, 2136, '2020-12-01 00:19:23', '2020-12-01 00:19:23'),
(11132, 'Giác hút', 'Giác hút', ' 952,000', ' 952,000', ' 1,050,000', 23, 2136, '2020-12-01 00:19:23', '2020-12-01 00:19:23'),
(11133, 'Forceps', 'Forceps', ' 952,000', ' 952,000', ' 1,050,000', 23, 2136, '2020-12-01 00:19:23', '2020-12-01 00:19:23'),
(11134, 'May tầng sinh môn sau sanh', 'May tầng sinh môn sau sanh', '-', ' 500,000', ' 520,000', 23, 2136, '2020-12-01 00:19:23', '2020-12-01 00:19:23'),
(11135, 'May tầng sinh môn sau sanh thẩm mỹ theo yêu cầu', 'May tầng sinh môn sau sanh thẩm mỹ theo yêu cầu', '-', ' 1,000,000', ' 1,250,000', 23, 2136, '2020-12-01 00:19:23', '2020-12-01 00:19:23'),
(11136, 'Đỡ đẻ ngôi ngược (*)', 'Đỡ đẻ ngôi ngược (*)', ' 1,002,000', ' 1,002,000', '-', 23, 2136, '2020-12-01 00:19:23', '2020-12-01 00:19:23'),
(11137, 'Đỡ đẻ từ sinh đôi trở lên', 'Đỡ đẻ từ sinh đôi trở lên', ' 1,227,000', ' 1,227,000', '-', 23, 2136, '2020-12-01 00:19:23', '2020-12-01 00:19:23'),
(11138, 'Phẫu thuật làm lại tầng sinh môn và cơ vòng do rách phức tạp', 'Phẫu thuật làm lại tầng sinh môn và cơ vòng do rách phức tạp', ' 2,844,000', ' 2,844,000', '-', 23, 2136, '2020-12-01 00:19:23', '2020-12-01 00:19:23'),
(11139, 'Khâu vòng cổ tử cung', 'Khâu vòng cổ tử cung', ' 549,000', ' 549,000', '-', 23, 2136, '2020-12-01 00:19:23', '2020-12-01 00:19:23'),
(11140, 'Tắm trẻ - chăm sóc rốn trẻ sơ sinh', 'Tắm trẻ - chăm sóc rốn trẻ sơ sinh', '-', '-', ' 50,000', 23, 2136, '2020-12-01 00:19:23', '2020-12-01 00:19:23'),
(11141, 'Làm thuốc âm đạo (không tình thuốc)', 'Làm thuốc âm đạo (không tình thuốc)', '-', ' 30,000', ' 40,000', 23, 2136, '2020-12-01 00:19:23', '2020-12-01 00:19:23'),
(11142, 'Đặt nội khí quản sơ sinh + thở máy', 'Đặt nội khí quản sơ sinh + thở máy', '-', ' 568,000', '-', 23, 2136, '2020-12-01 00:19:23', '2020-12-01 00:19:23'),
(11143, 'Giảm đau trong đẻ bằng phương pháp gây tê ngoài màng cứng', 'Giảm đau trong đẻ bằng phương pháp gây tê ngoài màng cứng', ' 649,000', ' 649,000', '-', 23, 2136, '2020-12-01 00:19:23', '2020-12-01 00:19:23'),
(11144, 'Tầm soát dị tật bẩm sinh', 'Tầm soát dị tật bẩm sinh', '-', ' 320,000', ' 340,000', 23, 2136, '2020-12-01 00:19:23', '2020-12-01 00:19:23'),
(11145, 'Xỏ lỗ tai', 'Xỏ lỗ tai', '-', ' 50,000', ' 50,000', 23, 2136, '2020-12-01 00:19:23', '2020-12-01 00:19:23'),
(11146, 'Điều trị vàng da (chiếu đèn)', 'Điều trị vàng da (chiếu đèn)', '-', '-', ' 120.000 / ngày ', 23, 2136, '2020-12-01 00:19:23', '2020-12-01 00:19:23'),
(11147, 'Đặt ống thông dạ dy (hút dịch hoặc nuôi dưỡng) sơ sinh', 'Đặt ống thông dạ dy (hút dịch hoặc nuôi dưỡng) sơ sinh', ' 90,100', ' 90,100', '-', 23, 2136, '2020-12-01 00:19:23', '2020-12-01 00:19:23'),
(11148, 'Ép tim ngoài lồng ngực', 'Ép tim ngoài lồng ngực', ' 479,000', ' 479,000', '-', 23, 2136, '2020-12-01 00:19:23', '2020-12-01 00:19:23'),
(11149, 'Đặt sonde hậu môn sơ sinh', 'Đặt sonde hậu môn sơ sinh', ' 82,100', ' 82,100', '-', 23, 2136, '2020-12-01 00:19:23', '2020-12-01 00:19:23'),
(11150, 'Bóp bóng Ambu, thổi ngạt sơ sinh [S]', 'Bóp bóng Ambu, thổi ngạt sơ sinh [S]', ' 479,000', ' 479,000', '-', 23, 2136, '2020-12-01 00:19:23', '2020-12-01 00:19:23'),
(11151, 'Triệt sản nữ', 'Triệt sản nữ', '-', ' 2,821,000', '-', 23, 2136, '2020-12-01 00:19:23', '2020-12-01 00:19:23'),
(11152, 'Khâu rách cùng đồ âm đạo', 'Khâu rách cùng đồ âm đạo', ' 1,898,000', ' 1,898,000', '-', 23, 2136, '2020-12-01 00:19:23', '2020-12-01 00:19:23'),
(11153, 'Dẫn lưu cùng đồ Douglas', 'Dẫn lưu cùng đồ Douglas', ' 835,000', ' 835,000', '-', 23, 2136, '2020-12-01 00:19:23', '2020-12-01 00:19:23'),
(11154, 'Lấy khối máu tụ âm đạo, tầng sinh môn', 'Lấy khối máu tụ âm đạo, tầng sinh môn', ' 2,248,000', ' 2,248,000', ' 2,300,000', 23, 2136, '2020-12-01 00:19:23', '2020-12-01 00:19:23'),
(11155, 'Khoét chóp cổ tử cung', 'Khoét chóp cổ tử cung', ' 2,747,000', ' 2,747,000', '-', 23, 2136, '2020-12-01 00:19:23', '2020-12-01 00:19:23'),
(11156, 'Xét nghiệm đường máu mao mạch tại giường', 'Xét nghiệm đường máu mao mạch tại giường', ' 15,200', ' 15,200', '-', 23, 2136, '2020-12-01 00:19:23', '2020-12-01 00:19:23'),
(11157, 'Đặt sonde bàng quang [S]', 'Đặt sonde bàng quang [S]', ' 90,100', ' 90,100', '-', 23, 2136, '2020-12-01 00:19:23', '2020-12-01 00:19:23'),
(11158, 'Thở oxy', 'Thở oxy', '-', '-', '-', 23, 2136, '2020-12-01 00:19:23', '2020-12-01 00:19:23'),
(11159, 'Oxy I (<2 l/p)', 'Oxy I (<2 l/p)', ' 1.000/giờ ', ' 2.500/giờ ', '-', 23, 2136, '2020-12-01 00:19:23', '2020-12-01 00:19:23'),
(11160, 'Oxy II (2-3 l/p)', 'Oxy II (2-3 l/p)', ' 1.500/giờ ', ' 2.500/giờ ', '-', 23, 2136, '2020-12-01 00:19:23', '2020-12-01 00:19:23'),
(11161, 'Oxy III (>3 l/p)', 'Oxy III (>3 l/p)', ' 2.000/giờ ', ' 2.500/giờ ', '-', 23, 2136, '2020-12-01 00:19:23', '2020-12-01 00:19:23'),
(11162, 'Oxy IV (5-7  l/p)', 'Oxy IV (5-7  l/p)', ' 3.000/giờ ', ' 3.000/giờ ', '-', 23, 2136, '2020-12-01 00:19:23', '2020-12-01 00:19:23'),
(11163, 'Oxy V (>7  l/p)', 'Oxy V (>7  l/p)', ' 4.500/giờ ', ' 4.500/giờ ', '-', 23, 2136, '2020-12-01 00:19:23', '2020-12-01 00:19:23'),
(11164, 'Phẫu thuật lấy thai lần đầu', 'Phẫu thuật lấy thai lần đầu', ' 2,332,000', ' 2,332,000', '-', 23, 2136, '2020-12-01 00:19:23', '2020-12-01 00:19:23'),
(11165, 'Phẫu thuật lấy thai lần đầu theo yêu cầu', 'Phẫu thuật lấy thai lần đầu theo yêu cầu', '-', '-', ' 2,000,000', 23, 2136, '2020-12-01 00:19:23', '2020-12-01 00:19:23'),
(11166, 'Phẫu thuật lấy thai lần hai trở lên', 'Phẫu thuật lấy thai lần hai trở lên', ' 2,945,000', ' 2,945,000', '-', 23, 2136, '2020-12-01 00:19:23', '2020-12-01 00:19:23'),
(11167, 'Phẫu thuật lấy thai lần 2 hay lần 3 theo yêu cầu', 'Phẫu thuật lấy thai lần 2 hay lần 3 theo yêu cầu', '-', '-', ' 2,500,000', 23, 2136, '2020-12-01 00:19:23', '2020-12-01 00:19:23'),
(11168, 'Phụ thu phẫu thuật lấy thai ngoài giờ', 'Phụ thu phẫu thuật lấy thai ngoài giờ', '-', '-', ' 500,000', 23, 2136, '2020-12-01 00:19:23', '2020-12-01 00:19:23'),
(11169, 'Phẫu thuật cắt tử cung và thắt động mạch hạ vị do chảy máu thứ phát sau phẫu thuật sản khoa', 'Phẫu thuật cắt tử cung và thắt động mạch hạ vị do chảy máu thứ phát sau phẫu thuật sản khoa', ' 7,397,000', ' 7,397,000', '-', 23, 2136, '2020-12-01 00:19:23', '2020-12-01 00:19:23'),
(11170, 'Phẫu thuật mở bụng cắt u buồng trứng hoặc cắt phần phụ', 'Phẫu thuật mở bụng cắt u buồng trứng hoặc cắt phần phụ', ' 2,944,000', ' 2,944,000', '-', 23, 2136, '2020-12-01 00:19:23', '2020-12-01 00:19:23'),
(11171, 'Phẫu thuật mở bụng cắt tử cung hoàn toàn', 'Phẫu thuật mở bụng cắt tử cung hoàn toàn', ' 3,876,000', ' 3,876,000', '-', 23, 2136, '2020-12-01 00:19:23', '2020-12-01 00:19:23'),
(11172, 'Phẫu thuật mở bụng cắt tử cung hoàn toàn cả khối', 'Phẫu thuật mở bụng cắt tử cung hoàn toàn cả khối', ' 3,876,000', ' 3,876,000', '-', 23, 2136, '2020-12-01 00:19:23', '2020-12-01 00:19:23'),
(11173, 'Phẫu thuật mở bụng cắt tử cung bán phần', 'Phẫu thuật mở bụng cắt tử cung bán phần', ' 3,876,000', ' 3,876,000', '-', 23, 2136, '2020-12-01 00:19:23', '2020-12-01 00:19:23'),
(11174, 'Phẫu thuật mở bụng cắt góc tử cung', 'Phẫu thuật mở bụng cắt góc tử cung', ' 3,507,000', ' 3,507,000', '-', 23, 2136, '2020-12-01 00:19:23', '2020-12-01 00:19:23'),
(11175, 'Phẫu thuật cắt tử cung đường âm đạo', 'Phẫu thuật cắt tử cung đường âm đạo', ' 3,736,000', ' 3,736,000', '-', 23, 2136, '2020-12-01 00:19:23', '2020-12-01 00:19:23'),
(11176, 'Mở thông vòi trứng 2 bên', 'Mở thông vòi trứng 2 bên', '-', ' 3,000,000', '-', 23, 2136, '2020-12-01 00:19:23', '2020-12-01 00:19:23'),
(11177, 'Phẫu thuật chửa ngồi tử cung thể huyết tụ thành nang', 'Phẫu thuật chửa ngồi tử cung thể huyết tụ thành nang', ' 3,766,000', ' 3,766,000', '-', 23, 2136, '2020-12-01 00:19:23', '2020-12-01 00:19:23'),
(11178, 'Phẫu thuật nội soi thai ngồi tử cung thể huyết tụ thành nang', 'Phẫu thuật nội soi thai ngồi tử cung thể huyết tụ thành nang', ' 5,071,000', ' 5,071,000', '-', 23, 2136, '2020-12-01 00:19:23', '2020-12-01 00:19:23'),
(11179, 'Cắt cụt cổ tử cung', 'Cắt cụt cổ tử cung', ' 2,747,000', ' 2,747,000', '-', 23, 2136, '2020-12-01 00:19:23', '2020-12-01 00:19:23'),
(11180, 'Phẫu thuật chửa ngồi tử cung vỡ có choáng', 'Phẫu thuật chửa ngồi tử cung vỡ có choáng', ' 3,725,000', ' 3,725,000', '-', 23, 2136, '2020-12-01 00:19:23', '2020-12-01 00:19:23'),
(11181, 'Phẫu thuật chửa ngồi tử cung không có choáng', 'Phẫu thuật chửa ngồi tử cung không có choáng', ' 2,944,000', ' 2,944,000', '-', 23, 2136, '2020-12-01 00:19:23', '2020-12-01 00:19:23'),
(11182, 'Phẫu thuật nội soi thai ngoài tử cung vỡ', 'Phẫu thuật nội soi thai ngoài tử cung vỡ', ' 5,071,000', ' 5,071,000', '-', 23, 2136, '2020-12-01 00:19:23', '2020-12-01 00:19:23'),
(11183, 'Phẫu thuật nội soi thai ngoài tử cung chưa vỡ', 'Phẫu thuật nội soi thai ngoài tử cung chưa vỡ', ' 5,071,000', ' 5,071,000', '-', 23, 2136, '2020-12-01 00:19:23', '2020-12-01 00:19:23'),
(11184, 'Cắt u nang buồng trứng kèm triệt sản', 'Cắt u nang buồng trứng kèm triệt sản', '-', ' 2,000,000', '-', 23, 2136, '2020-12-01 00:19:23', '2020-12-01 00:19:23'),
(11185, 'Cắt u vú lành tính [Sản]', 'Cắt u vú lành tính [Sản]', ' 2,862,000', ' 2,862,000', '-', 23, 2136, '2020-12-01 00:19:23', '2020-12-01 00:19:23'),
(11186, 'Khâu tử cung do nạo thủng', 'Khâu tử cung do nạo thủng', ' 2,782,000', ' 2,782,000', '-', 23, 2136, '2020-12-01 00:19:23', '2020-12-01 00:19:23'),
(11187, 'Phẫu thuật nội soi khâu lỗ thủng tử cung', 'Phẫu thuật nội soi khâu lỗ thủng tử cung', ' 5,089,000', ' 5,089,000', '-', 23, 2136, '2020-12-01 00:19:23', '2020-12-01 00:19:23'),
(11188, 'Lấy dụng cụ tử cung trong ổ bụng qua đường rạch nhỏ', 'Lấy dụng cụ tử cung trong ổ bụng qua đường rạch nhỏ', ' 2,860,000', ' 2,860,000', '-', 23, 2136, '2020-12-01 00:19:23', '2020-12-01 00:19:23'),
(11189, 'Phẫu thuật mở bụng bóc u xơ tử cung', 'Phẫu thuật mở bụng bóc u xơ tử cung', ' 3,355,000', ' 3,355,000', '-', 23, 2136, '2020-12-01 00:19:23', '2020-12-01 00:19:23'),
(11190, 'Phẫu thuật Lefort', 'Phẫu thuật Lefort', ' 2,783,000', ' 2,783,000', '-', 23, 2136, '2020-12-01 00:19:23', '2020-12-01 00:19:23'),
(11191, 'Cắt bỏ âm hộ đơn thuần', 'Cắt bỏ âm hộ đơn thuần', ' 2,761,000', ' 2,761,000', '-', 23, 2136, '2020-12-01 00:19:23', '2020-12-01 00:19:23'),
(11192, 'Triệt sản nữ qua đường rạch nhỏ', 'Triệt sản nữ qua đường rạch nhỏ', ' 2,860,000', ' 2,860,000', '-', 23, 2136, '2020-12-01 00:19:23', '2020-12-01 00:19:23'),
(11193, 'Đóng rò trực tràng - âm đạo hoặc rò tiết niệu - sinh dục', 'Đóng rò trực tràng - âm đạo hoặc rò tiết niệu - sinh dục', ' 4,113,000', ' 4,113,000', '-', 23, 2136, '2020-12-01 00:19:23', '2020-12-01 00:19:23'),
(11194, 'Phẫu thuật nội soi cắt u nang buồng trứng, nang cạnh vòi tử cung', 'Phẫu thuật nội soi cắt u nang buồng trứng, nang cạnh vòi tử cung', ' 5,071,000', ' 5,071,000', '-', 23, 2136, '2020-12-01 00:19:23', '2020-12-01 00:19:23'),
(11195, 'Phẫu thuật nội soi buồng tử cung cắt nhân xơ tử cung dưới niêm mạc', 'Phẫu thuật nội soi buồng tử cung cắt nhân xơ tử cung dưới niêm mạc', ' 5,558,000', ' 5,558,000', '-', 23, 2136, '2020-12-01 00:19:23', '2020-12-01 00:19:23'),
(11196, 'Phẫu thuật nội soi bóc u lạc nội mạc tử cung', 'Phẫu thuật nội soi bóc u lạc nội mạc tử cung', ' 5,071,000', ' 5,071,000', '-', 23, 2136, '2020-12-01 00:19:23', '2020-12-01 00:19:23'),
(11197, 'Phẫu thuật lấy thai do bệnh lý sản khoa (rau tiền đạo, rau bong non, tiền sản giật, sản giật...)', 'Phẫu thuật lấy thai do bệnh lý sản khoa (rau tiền đạo, rau bong non, tiền sản giật, sản giật...)', ' 4,307,000', ' 4,307,000', '-', 23, 2136, '2020-12-01 00:19:23', '2020-12-01 00:19:23'),
(11198, 'Phẫu thuật lấy thai có kèm các kỹ thuật cầm máu (thắt động mạch tử cung, mũi khâu B- lynch…)', 'Phẫu thuật lấy thai có kèm các kỹ thuật cầm máu (thắt động mạch tử cung, mũi khâu B- lynch…)', ' 4,202,000', ' 4,202,000', '-', 23, 2136, '2020-12-01 00:19:23', '2020-12-01 00:19:23'),
(11199, 'Phẫu thuật thắt động mạch hạ vị trong cấp cứu sản phụ khoa', 'Phẫu thuật thắt động mạch hạ vị trong cấp cứu sản phụ khoa', ' 4,867,000', ' 4,867,000', '-', 23, 2136, '2020-12-01 00:19:23', '2020-12-01 00:19:23'),
(11200, 'Phẫu thuật thắt động mạch tử cung trong cấp cứu sản phụ khoa', 'Phẫu thuật thắt động mạch tử cung trong cấp cứu sản phụ khoa', ' 3,342,000', ' 3,342,000', '-', 23, 2136, '2020-12-01 00:19:23', '2020-12-01 00:19:23'),
(11201, 'Phẫu thuật bảo tồn tử cung do vỡ tử cung', 'Phẫu thuật bảo tồn tử cung do vỡ tử cung', ' 4,838,000', ' 4,838,000', '-', 23, 2136, '2020-12-01 00:19:23', '2020-12-01 00:19:23'),
(11202, 'Phẫu thuật cắt lọc vết mổ, khau lại tử cung sau mổ lấy thai', 'Phẫu thuật cắt lọc vết mổ, khau lại tử cung sau mổ lấy thai', ' 4,585,000', ' 4,585,000', '-', 23, 2136, '2020-12-01 00:19:23', '2020-12-01 00:19:23');
INSERT INTO `db_chidinh` (`id`, `name`, `slug`, `price_bhyt`, `price_dichvu`, `price_dichvutyc`, `group_id`, `category_id`, `created_at`, `updated_at`) VALUES
(11203, 'Khâu phục hồi rách cổ tử cung, âm đạo', 'Khâu phục hồi rách cổ tử cung, âm đạo', ' 1,564,000', ' 1,564,000', '-', 23, 2136, '2020-12-01 00:19:23', '2020-12-01 00:19:23'),
(11204, 'Thủ thuật cặp, kéo cổ tử cung xử trí băng huyết sau đẻ, sau sảy, sau nạo (*)', 'Thủ thuật cặp, kéo cổ tử cung xử trí băng huyết sau đẻ, sau sảy, sau nạo (*)', ' 587,000', ' 587,000', '-', 23, 2136, '2020-12-01 00:19:23', '2020-12-01 00:19:23'),
(11205, 'Làm thuốc vết khâu tầng sinh môn nhiễm khuẩn', 'Làm thuốc vết khâu tầng sinh môn nhiễm khuẩn', ' 85,600', ' 85,600', '-', 23, 2136, '2020-12-01 00:19:23', '2020-12-01 00:19:23'),
(11206, 'Cắt chỉ khâu vòng cổ tử cung', 'Cắt chỉ khâu vòng cổ tử cung', ' 117,000', ' 117,000', '-', 23, 2136, '2020-12-01 00:19:23', '2020-12-01 00:19:23'),
(11207, 'Phẫu thuật mở bụng xử trí viêm phúc mạc tiểu khung, viêm phần phụ, ứ mủ vòi trứng', 'Phẫu thuật mở bụng xử trí viêm phúc mạc tiểu khung, viêm phần phụ, ứ mủ vòi trứng', ' 4,289,000', ' 4,289,000', '-', 23, 2136, '2020-12-01 00:19:23', '2020-12-01 00:19:23'),
(11208, 'Phẫu thuật nội soi xử trí viêm phúc mạc tiểu khung, viêm phần phụ, ứ mủ vòi trứng', 'Phẫu thuật nội soi xử trí viêm phúc mạc tiểu khung, viêm phần phụ, ứ mủ vòi trứng', ' 6,575,000', ' 6,575,000', '-', 23, 2136, '2020-12-01 00:19:23', '2020-12-01 00:19:23'),
(11209, 'Phẫu thuật khối viêm dính tiểu khung', 'Phẫu thuật khối viêm dính tiểu khung', ' 3,322,000', ' 3,322,000', '-', 23, 2136, '2020-12-01 00:19:23', '2020-12-01 00:19:23'),
(11210, 'Phẫu thuật nội soi cắt phần phụ', 'Phẫu thuật nội soi cắt phần phụ', ' 5,071,000', ' 5,071,000', '-', 23, 2136, '2020-12-01 00:19:23', '2020-12-01 00:19:23'),
(11211, 'Phẫu thuật nội soi cắt u nang hoặc cắt buồng trứng trên bệnh nhân có thai', 'Phẫu thuật nội soi cắt u nang hoặc cắt buồng trứng trên bệnh nhân có thai', ' 5,071,000', ' 5,071,000', '-', 23, 2136, '2020-12-01 00:19:23', '2020-12-01 00:19:23'),
(11212, 'Phẫu thuật nội soi cắt u nang buồng trứng xoắn', 'Phẫu thuật nội soi cắt u nang buồng trứng xoắn', ' 5,071,000', ' 5,071,000', '-', 23, 2136, '2020-12-01 00:19:23', '2020-12-01 00:19:23'),
(11213, 'Phẫu thuật nội soi cắt u nang buồng trứng, nang cạnh vòi tử cung', 'Phẫu thuật nội soi cắt u nang buồng trứng, nang cạnh vòi tử cung', ' 5,071,000', ' 5,071,000', '-', 23, 2136, '2020-12-01 00:19:23', '2020-12-01 00:19:23'),
(11214, 'Phẫu thuật nội soi cắt u buồng trứng và phần phụ', 'Phẫu thuật nội soi cắt u buồng trứng và phần phụ', ' 5,071,000', ' 5,071,000', '-', 23, 2136, '2020-12-01 00:19:23', '2020-12-01 00:19:23'),
(11215, 'Phẫu thuật nội soi ổ bụng chẩn đoán + tim MTX tại chỗ điều trị thai ngoài tử cung', 'Phẫu thuật nội soi ổ bụng chẩn đoán + tim MTX tại chỗ điều trị thai ngoài tử cung', ' 5,005,000', ' 5,005,000', '-', 23, 2136, '2020-12-01 00:19:23', '2020-12-01 00:19:23'),
(11216, 'Phẫu thuật Crossen', 'Phẫu thuật Crossen', ' 4,012,000', ' 4,012,000', '-', 23, 2136, '2020-12-01 00:19:23', '2020-12-01 00:19:23'),
(11217, 'Phẫu thuật Manchester', 'Phẫu thuật Manchester', ' 3,681,000', ' 3,681,000', '-', 23, 2136, '2020-12-01 00:19:23', '2020-12-01 00:19:23'),
(11218, 'Phẫu thuật cắt vách ngăn âm đạo, mở thông âm đạo', 'Phẫu thuật cắt vách ngăn âm đạo, mở thông âm đạo', ' 2,660,000', ' 2,660,000', '-', 23, 2136, '2020-12-01 00:19:23', '2020-12-01 00:19:23'),
(11219, 'Phẫu thuật cắt âm vật phì đại', 'Phẫu thuật cắt âm vật phì đại', ' 2,619,000', ' 2,619,000', '-', 23, 2136, '2020-12-01 00:19:23', '2020-12-01 00:19:23'),
(11220, 'Phẫu thuật cắt tinh hoàn lạc chỗ [Sản]', 'Phẫu thuật cắt tinh hoàn lạc chỗ [Sản]', ' 2,729,000', ' 2,729,000', '-', 23, 2136, '2020-12-01 00:19:23', '2020-12-01 00:19:23'),
(11221, 'Phẫu thuật bóc khối lạc nội mạc tử cung ở tầng sinh môn, thành bụng', 'Phẫu thuật bóc khối lạc nội mạc tử cung ở tầng sinh môn, thành bụng', ' 2,677,000', ' 2,677,000', '-', 23, 2136, '2020-12-01 00:19:23', '2020-12-01 00:19:23'),
(11222, 'Phẫu thuật chấn thương tầng sinh môn [Sản]', 'Phẫu thuật chấn thương tầng sinh môn [Sản]', ' 3,710,000', ' 3,710,000', '-', 23, 2136, '2020-12-01 00:19:23', '2020-12-01 00:19:23'),
(11223, 'Cắt cổ tử cung trên bệnh nhân đã mổ cắt tử cung bán phần đường bụng', 'Cắt cổ tử cung trên bệnh nhân đã mổ cắt tử cung bán phần đường bụng', ' 4,109,000', ' 4,109,000', '-', 23, 2136, '2020-12-01 00:19:23', '2020-12-01 00:19:23'),
(11224, 'Cắt cổ tử cung trên bệnh nhân đã mổ cắt tử cung bán phần đường âm đạo', 'Cắt cổ tử cung trên bệnh nhân đã mổ cắt tử cung bán phần đường âm đạo', ' 4,109,000', ' 4,109,000', '-', 23, 2136, '2020-12-01 00:19:23', '2020-12-01 00:19:23'),
(11225, 'Cắt cổ tử cung trên bệnh nhân đã mổ cắt tử cung bán phần đường âm đạo kết hợp nội soi', 'Cắt cổ tử cung trên bệnh nhân đã mổ cắt tử cung bán phần đường âm đạo kết hợp nội soi', ' 5,550,000', ' 5,550,000', '-', 23, 2136, '2020-12-01 00:19:23', '2020-12-01 00:19:23'),
(11226, 'Phẫu thuật nội soi buồng tử cung cắt Polip buồng tử cung', 'Phẫu thuật nội soi buồng tử cung cắt Polip buồng tử cung', ' 5,558,000', ' 5,558,000', '-', 23, 2136, '2020-12-01 00:19:23', '2020-12-01 00:19:23'),
(11227, 'Phẫu thuật nội soi buồng tử cung tách dính buồng tử cung', 'Phẫu thuật nội soi buồng tử cung tách dính buồng tử cung', ' 5,558,000', ' 5,558,000', '-', 23, 2136, '2020-12-01 00:19:23', '2020-12-01 00:19:23'),
(11228, 'Phẫu thuật nội soi buồng tử cung lấy dị vật buồng tử cung', 'Phẫu thuật nội soi buồng tử cung lấy dị vật buồng tử cung', ' 5,558,000', ' 5,558,000', '-', 23, 2136, '2020-12-01 00:19:23', '2020-12-01 00:19:23'),
(11229, 'Phẫu thuật nội soi ổ bụng chẩn đốn các bệnh lý phụ khoa', 'Phẫu thuật nội soi ổ bụng chẩn đốn các bệnh lý phụ khoa', ' 4,963,000', ' 4,963,000', '-', 23, 2136, '2020-12-01 00:19:23', '2020-12-01 00:19:23'),
(11230, 'Phẫu thuật nội soi triệt sản nữ', 'Phẫu thuật nội soi triệt sản nữ', ' 4,744,000', ' 4,744,000', '-', 23, 2136, '2020-12-01 00:19:23', '2020-12-01 00:19:23'),
(11231, 'Phẫu thuật nội soi lấy dụng cụ tử cung trong ổ bụng', 'Phẫu thuật nội soi lấy dụng cụ tử cung trong ổ bụng', ' 5,528,000', ' 5,528,000', '-', 23, 2136, '2020-12-01 00:19:23', '2020-12-01 00:19:23'),
(11232, 'Phẫu thuật TVT điều trị són tiêu', 'Phẫu thuật TVT điều trị són tiêu', ' 5,385,000', ' 5,385,000', '-', 23, 2136, '2020-12-01 00:19:23', '2020-12-01 00:19:23'),
(11233, 'Làm lại vết mổ thành bụng (bục, tụ máu, nhiễm khuẩn...) sau phẫu thuật sản phụ khoa', 'Làm lại vết mổ thành bụng (bục, tụ máu, nhiễm khuẩn...) sau phẫu thuật sản phụ khoa', ' 2,612,000', ' 2,612,000', '-', 23, 2136, '2020-12-01 00:19:23', '2020-12-01 00:19:23'),
(11234, 'Cắt u thành âm đạo', 'Cắt u thành âm đạo', ' 2,048,000', ' 2,048,000', '-', 23, 2136, '2020-12-01 00:19:23', '2020-12-01 00:19:23'),
(11235, 'Lấy dị vật âm đạo', 'Lấy dị vật âm đạo', ' 573,000', ' 573,000', '-', 23, 2136, '2020-12-01 00:19:23', '2020-12-01 00:19:23'),
(11236, 'Định nhóm máu tại giường bệnh trước truyền máu [S]', 'Định nhóm máu tại giường bệnh trước truyền máu [S]', ' 23,100', ' 23,100', '-', 23, 2136, '2020-12-01 00:19:23', '2020-12-01 00:19:23'),
(11237, 'Xét nghiệm đường máu mao mạch tại giường [Sản]', 'Xét nghiệm đường máu mao mạch tại giường [Sản]', ' 15,200', ' 15,200', '-', 23, 2136, '2020-12-01 00:19:23', '2020-12-01 00:19:23'),
(11238, 'Xét nghiệm tầm soát tổn thương tiền ung thư cổ tử cung (PP Thiprep Pap Test)', 'Xét nghiệm tầm soát tổn thương tiền ung thư cổ tử cung (PP Thiprep Pap Test)', '-', '-', ' 500,000', 23, 2136, '2020-12-01 00:19:23', '2020-12-01 00:19:23'),
(11239, 'Quần áo sơ sinh', 'Quần áo sơ sinh', '-', '-', ' 150,000', 23, 2136, '2020-12-01 00:19:24', '2020-12-01 00:19:24'),
(11240, 'Dụng cụ vệ sinh', 'Dụng cụ vệ sinh', '-', '-', ' 15,000', 23, 2136, '2020-12-01 00:19:24', '2020-12-01 00:19:24'),
(11241, 'Tiêm ngừa HBIG cho trẻ sơ sinh', 'Tiêm ngừa HBIG cho trẻ sơ sinh', '-', ' 420,000', ' 420,000', 23, 2136, '2020-12-01 00:19:24', '2020-12-01 00:19:24'),
(11242, 'Nhổ răng sữa', 'Nhổ răng sữa', ' 37,300', ' 37,300', ' 45,000', 23, 2137, '2020-12-01 00:19:24', '2020-12-01 00:19:24'),
(11243, 'Nhổ chân răng sữa', 'Nhổ chân răng sữa', ' 37,300', ' 37,300', ' 45,000', 23, 2137, '2020-12-01 00:19:24', '2020-12-01 00:19:24'),
(11244, 'Phẫu thuật nhổ răng ngầm', 'Phẫu thuật nhổ răng ngầm', ' 207,000', ' 207,000', ' 300,000', 23, 2137, '2020-12-01 00:19:24', '2020-12-01 00:19:24'),
(11245, 'Nhổ răng vĩnh viễn', 'Nhổ răng vĩnh viễn', ' 207,000', ' 207,000', ' 220,000', 23, 2137, '2020-12-01 00:19:24', '2020-12-01 00:19:24'),
(11246, 'Nhổ răng thừa', 'Nhổ răng thừa', ' 207,000', ' 207,000', ' 220,000', 23, 2137, '2020-12-01 00:19:24', '2020-12-01 00:19:24'),
(11247, 'Nhổ răng vĩnh viễn lung lay', 'Nhổ răng vĩnh viễn lung lay', ' 102,000', ' 102,000', ' 110,000', 23, 2137, '2020-12-01 00:19:24', '2020-12-01 00:19:24'),
(11248, 'Phẫu thuật nhổ răng khôn mọc lệch hàm dưới', 'Phẫu thuật nhổ răng khôn mọc lệch hàm dưới', ' 342,000', ' 342,000', ' 355,000', 23, 2137, '2020-12-01 00:19:24', '2020-12-01 00:19:24'),
(11249, 'Phẫu thuật nhổ răng khôn mọc lệch hàm trên', 'Phẫu thuật nhổ răng khôn mọc lệch hàm trên', ' 342,000', ' 342,000', ' 355,000', 23, 2137, '2020-12-01 00:19:24', '2020-12-01 00:19:24'),
(11250, 'Phẫu thuật nhổ răng khôn mọc lệch có cắt thân', 'Phẫu thuật nhổ răng khôn mọc lệch có cắt thân', ' 342,000', ' 342,000', ' 600,000', 23, 2137, '2020-12-01 00:19:24', '2020-12-01 00:19:24'),
(11251, 'Phẫu thuật nhổ răng khôn mọc lệch có cắt thân chia chân răng', 'Phẫu thuật nhổ răng khôn mọc lệch có cắt thân chia chân răng', ' 342,000', ' 342,000', ' 600,000', 23, 2137, '2020-12-01 00:19:24', '2020-12-01 00:19:24'),
(11252, 'Phẫu thuật nhổ răng lạc chỗ', 'Phẫu thuật nhổ răng lạc chỗ', ' 337,000', ' 337,000', ' 350,000', 23, 2137, '2020-12-01 00:19:24', '2020-12-01 00:19:24'),
(11253, 'Cắt lợi trùm răng khôn hàm dưới', 'Cắt lợi trùm răng khôn hàm dưới', ' 158,000', ' 158,000', ' 170,000', 23, 2137, '2020-12-01 00:19:24', '2020-12-01 00:19:24'),
(11254, 'Nhổ chân răng vĩnh viễn', 'Nhổ chân răng vĩnh viễn', ' 190,000', ' 190,000', ' 200,000', 23, 2137, '2020-12-01 00:19:24', '2020-12-01 00:19:24'),
(11255, 'Lấy cao răng [lấy cao răng và đánh bóng hai hàm]', 'Lấy cao răng [lấy cao răng và đánh bóng hai hàm]', ' 134,000', ' 134,000', ' 200,000', 23, 2137, '2020-12-01 00:19:24', '2020-12-01 00:19:24'),
(11256, 'Lấy cao răng [lấy cao răng và đánh bóng một vùng/một hàm]', 'Lấy cao răng [lấy cao răng và đánh bóng một vùng/một hàm]', ' 77,000', ' 77,000', ' 85,000', 23, 2137, '2020-12-01 00:19:24', '2020-12-01 00:19:24'),
(11257, 'Phẫu thuật nạo túi lợi', 'Phẫu thuật nạo túi lợi', ' 74,000', ' 74,000', ' 85,000', 23, 2137, '2020-12-01 00:19:24', '2020-12-01 00:19:24'),
(11258, 'Chích áp xe lợi', 'Chích áp xe lợi', '-', ' 129,000', ' 140,000', 23, 2137, '2020-12-01 00:19:24', '2020-12-01 00:19:24'),
(11259, 'Nắn sai khớp thái dương hàm', 'Nắn sai khớp thái dương hàm', ' 103,000', ' 103,000', ' 115,000', 23, 2137, '2020-12-01 00:19:24', '2020-12-01 00:19:24'),
(11260, 'Cấy lại răng bị bật khỏi ổ răng', 'Cấy lại răng bị bật khỏi ổ răng', ' 535,000', ' 535,000', ' 550,000', 23, 2137, '2020-12-01 00:19:24', '2020-12-01 00:19:24'),
(11261, 'Phẫu thuật tạo hình xương ổ răng', 'Phẫu thuật tạo hình xương ổ răng', '-', ' 750,000', ' 800,000', 23, 2137, '2020-12-01 00:19:24', '2020-12-01 00:19:24'),
(11262, 'Khâu vết thương phần mềm dài dưới 10cm [Tổn Thương Nông, (CC)]', 'Khâu vết thương phần mềm dài dưới 10cm [Tổn Thương Nông, (CC)]', '-', ' 178,000', ' 190,000', 23, 2137, '2020-12-01 00:19:24', '2020-12-01 00:19:24'),
(11263, 'Khâu vết thương phần mềm dài trên 10cm [Tổn Thương Nông, (CC)]', 'Khâu vết thương phần mềm dài trên 10cm [Tổn Thương Nông, (CC)]', '-', ' 237,000', ' 250,000', 23, 2137, '2020-12-01 00:19:24', '2020-12-01 00:19:24'),
(11264, 'Khâu vết thương phần mềm dài dưới 10cm [Tổn Thương Sâu, (CC)]', 'Khâu vết thương phần mềm dài dưới 10cm [Tổn Thương Sâu, (CC)]', '-', ' 257,000', ' 270,000', 23, 2137, '2020-12-01 00:19:24', '2020-12-01 00:19:24'),
(11265, 'Khâu vết thương phần mềm dài trên 10cm [Tổn Thương sâu, (CC)]', 'Khâu vết thương phần mềm dài trên 10cm [Tổn Thương sâu, (CC)]', '-', ' 305,000', ' 320,000', 23, 2137, '2020-12-01 00:19:24', '2020-12-01 00:19:24'),
(11266, 'Phẫu thuật cắt cuống răng', 'Phẫu thuật cắt cuống răng', ' 120,000', ' 300,000', ' 400,000', 23, 2137, '2020-12-01 00:19:24', '2020-12-01 00:19:24'),
(11267, 'Cắt chỉ sau phẫu thuật', 'Cắt chỉ sau phẫu thuật', ' 32,900', ' 32,900', ' 40,000', 23, 2137, '2020-12-01 00:19:24', '2020-12-01 00:19:24'),
(11268, 'Cắt lợi xơ cho răng mọc', 'Cắt lợi xơ cho răng mọc', '-', ' 110,000', ' 120,000', 23, 2137, '2020-12-01 00:19:24', '2020-12-01 00:19:24'),
(11269, 'Điều trị răng sữa sâu ngà phục hồi bằng Amalgam', 'Điều trị răng sữa sâu ngà phục hồi bằng Amalgam', ' 97,000', ' 97,000', ' 110,000', 23, 2137, '2020-12-01 00:19:24', '2020-12-01 00:19:24'),
(11270, 'Điều trị răng sữa sâu ngà phục hồi bằng Glassionomer Cement (GiC)', 'Điều trị răng sữa sâu ngà phục hồi bằng Glassionomer Cement (GiC)', ' 97,000', ' 97,000', ' 110,000', 23, 2137, '2020-12-01 00:19:24', '2020-12-01 00:19:24'),
(11271, 'Điều trị sâu ngà răng phục hồi bằng Amalgam', 'Điều trị sâu ngà răng phục hồi bằng Amalgam', ' 247,000', ' 247,000', ' 260,000', 23, 2137, '2020-12-01 00:19:24', '2020-12-01 00:19:24'),
(11272, 'Điều trị sâu ngà răng phục hồi bằng Composite', 'Điều trị sâu ngà răng phục hồi bằng Composite', ' 247,000', ' 247,000', ' 260,000', 23, 2137, '2020-12-01 00:19:24', '2020-12-01 00:19:24'),
(11273, 'Điều trị sâu ngà răng phục hồi bằng GlassIonomer Cement', 'Điều trị sâu ngà răng phục hồi bằng GlassIonomer Cement', ' 247,000', ' 247,000', ' 260,000', 23, 2137, '2020-12-01 00:19:24', '2020-12-01 00:19:24'),
(11274, 'Điều trị sâu ngà răng phục hồi bằng GlassIonomer Cement (GIC) kết hợp Composite', 'Điều trị sâu ngà răng phục hồi bằng GlassIonomer Cement (GIC) kết hợp Composite', ' 247,000', ' 247,000', ' 260,000', 23, 2137, '2020-12-01 00:19:24', '2020-12-01 00:19:24'),
(11275, 'Điều trị sâu răng sớm bằng Fluor (phòng ngừa sâu răng với thuốc bôi bề mặt)', 'Điều trị sâu răng sớm bằng Fluor (phòng ngừa sâu răng với thuốc bôi bề mặt)', '-', ' 545,000', ' 560,000', 23, 2137, '2020-12-01 00:19:24', '2020-12-01 00:19:24'),
(11276, 'Phục hồi cổ răng bằng Composite', 'Phục hồi cổ răng bằng Composite', ' 337,000', ' 337,000', ' 350,000', 23, 2137, '2020-12-01 00:19:24', '2020-12-01 00:19:24'),
(11277, 'Điều trị tủy răng và hàn kín hệ thống ống tủy bằng Gutta percha nguội có sử dụng trâm xoay máy (Răng Số 1 hoặc 2 hoặc 3)', 'Điều trị tủy răng và hàn kín hệ thống ống tủy bằng Gutta percha nguội có sử dụng trâm xoay máy (Răng Số 1 hoặc 2 hoặc 3)', ' 422,000', ' 422,000', ' 450,000', 23, 2137, '2020-12-01 00:19:24', '2020-12-01 00:19:24'),
(11278, 'Điều trị tủy răng và hàn kín hệ thống ống tủy bằng Gutta percha nguội có sử dụng trâm xoay cầm tay (Răng Số 1 hoặc 2 hoặc 3)', 'Điều trị tủy răng và hàn kín hệ thống ống tủy bằng Gutta percha nguội có sử dụng trâm xoay cầm tay (Răng Số 1 hoặc 2 hoặc 3)', ' 422,000', ' 422,000', ' 450,000', 23, 2137, '2020-12-01 00:19:24', '2020-12-01 00:19:24'),
(11279, 'Điều trị tủy răng và hàn kín hệ thống ống tủy bằng Gutta percha nguội có sử dụng trâm xoay máy (Răng Số 4 hoặc 5 )', 'Điều trị tủy răng và hàn kín hệ thống ống tủy bằng Gutta percha nguội có sử dụng trâm xoay máy (Răng Số 4 hoặc 5 )', ' 565,000', ' 565,000', ' 585,000', 23, 2137, '2020-12-01 00:19:24', '2020-12-01 00:19:24'),
(11280, 'Điều trị tủy răng và hàn kín hệ thống ống tủy bằng Gutta percha nguội có sử dụng trâm xoay cầm tay (Răng Số 4 hoặc 5 )', 'Điều trị tủy răng và hàn kín hệ thống ống tủy bằng Gutta percha nguội có sử dụng trâm xoay cầm tay (Răng Số 4 hoặc 5 )', ' 565,000', ' 565,000', ' 585,000', 23, 2137, '2020-12-01 00:19:24', '2020-12-01 00:19:24'),
(11281, 'Điều trị tủy răng và hàn kín hệ thống ống tủy bằng Gutta percha nguội có sử dụng trâm xoay máy (Răng Số 6 hoặc số 7 hàm trên)', 'Điều trị tủy răng và hàn kín hệ thống ống tủy bằng Gutta percha nguội có sử dụng trâm xoay máy (Răng Số 6 hoặc số 7 hàm trên)', ' 925,000', ' 925,000', ' 950,000', 23, 2137, '2020-12-01 00:19:24', '2020-12-01 00:19:24'),
(11282, 'Điều trị tủy răng và hàn kín hệ thống ống tủy bằng Gutta percha nguội có sử dụng trâm xoay cầm tay (Răng Số 6 hoặc số 7 hàm trên)', 'Điều trị tủy răng và hàn kín hệ thống ống tủy bằng Gutta percha nguội có sử dụng trâm xoay cầm tay (Răng Số 6 hoặc số 7 hàm trên)', ' 925,000', ' 925,000', ' 950,000', 23, 2137, '2020-12-01 00:19:24', '2020-12-01 00:19:24'),
(11283, 'Điều trị tủy răng và hàn kín hệ thống ống tủy bằng Gutta percha nguội có sử dụng trâm xoay máy (Răng Số 6 hàm dưới hoặc số 7 hàm dưới)', 'Điều trị tủy răng và hàn kín hệ thống ống tủy bằng Gutta percha nguội có sử dụng trâm xoay máy (Răng Số 6 hàm dưới hoặc số 7 hàm dưới)', ' 795,000', ' 795,000', ' 820,000', 23, 2137, '2020-12-01 00:19:24', '2020-12-01 00:19:24'),
(11284, 'Điều trị tủy răng và hàn kín hệ thống ống tủy bằng Gutta percha nguội có sử dụng trâm xoay cầm tay (Răng Số 6 hàm dưới hoặc số 7 hàm dưới)', 'Điều trị tủy răng và hàn kín hệ thống ống tủy bằng Gutta percha nguội có sử dụng trâm xoay cầm tay (Răng Số 6 hàm dưới hoặc số 7 hàm dưới)', ' 795,000', ' 795,000', ' 820,000', 23, 2137, '2020-12-01 00:19:24', '2020-12-01 00:19:24'),
(11285, 'Điều trị tủy răng số 8 hàm trên', 'Điều trị tủy răng số 8 hàm trên', '-', ' 730,000', ' 750,000', 23, 2137, '2020-12-01 00:19:24', '2020-12-01 00:19:24'),
(11286, 'Điều trị tủy răng số 8 hàm dưới', 'Điều trị tủy răng số 8 hàm dưới', '-', ' 600,000', ' 650,000', 23, 2137, '2020-12-01 00:19:24', '2020-12-01 00:19:24'),
(11287, 'Điều trị tủy răng sữa [một chân]', 'Điều trị tủy răng sữa [một chân]', ' 271,000', ' 271,000', ' 285,000', 23, 2137, '2020-12-01 00:19:24', '2020-12-01 00:19:24'),
(11288, 'Điều trị tủy răng sữa [nhiều chân]', 'Điều trị tủy răng sữa [nhiều chân]', ' 382,000', ' 382,000', ' 400,000', 23, 2137, '2020-12-01 00:19:24', '2020-12-01 00:19:24'),
(11289, 'Trám răng thẩm mỹ', 'Trám răng thẩm mỹ', '-', ' 200,000', ' 250,000', 23, 2137, '2020-12-01 00:19:24', '2020-12-01 00:19:24'),
(11290, 'Điều trị tủy lại', 'Điều trị tủy lại', ' 954,000', ' 954,000', ' 980,000', 23, 2137, '2020-12-01 00:19:24', '2020-12-01 00:19:24'),
(11291, 'Cắt u lợi đường kính dưới hoặc bằng 2cm', 'Cắt u lợi đường kính dưới hoặc bằng 2cm', '-', ' 389,000', ' 405,000', 23, 2137, '2020-12-01 00:19:24', '2020-12-01 00:19:24'),
(11292, 'Phẫu thuật cắt phanh má', 'Phẫu thuật cắt phanh má', ' 295,000', ' 295,000', ' 310,000', 23, 2137, '2020-12-01 00:19:24', '2020-12-01 00:19:24'),
(11293, 'Phẫu thuật cắt phanh lưỡi', 'Phẫu thuật cắt phanh lưỡi', ' 295,000', ' 295,000', ' 310,000', 23, 2137, '2020-12-01 00:19:24', '2020-12-01 00:19:24'),
(11294, 'Phẫu thuật cắt phanh môi', 'Phẫu thuật cắt phanh môi', ' 295,000', ' 295,000', ' 310,000', 23, 2137, '2020-12-01 00:19:24', '2020-12-01 00:19:24'),
(11295, 'Phẫu thuật vạt điều trị túi quanh răng', 'Phẫu thuật vạt điều trị túi quanh răng', '-', ' 768,000', ' 800,000', 23, 2137, '2020-12-01 00:19:24', '2020-12-01 00:19:24'),
(11296, 'Điều trị đóng cuống răng bằng Canxi Hydroxit', 'Điều trị đóng cuống răng bằng Canxi Hydroxit', ' 460,000', ' 460,000', ' 500,000', 23, 2137, '2020-12-01 00:19:24', '2020-12-01 00:19:24'),
(11297, 'Điều trị đóng cuống răng bằng MTA', 'Điều trị đóng cuống răng bằng MTA', ' 460,000', ' 460,000', ' 500,000', 23, 2137, '2020-12-01 00:19:24', '2020-12-01 00:19:24'),
(11298, 'Nhổ răng số 8 thường', 'Nhổ răng số 8 thường', '-', ' 215,000', ' 250,000', 23, 2137, '2020-12-01 00:19:24', '2020-12-01 00:19:24'),
(11299, 'Nhổ răng số 8 biến chứng khít hàm', 'Nhổ răng số 8 biến chứng khít hàm', '-', ' 342,000', ' 355,000', 23, 2137, '2020-12-01 00:19:24', '2020-12-01 00:19:24'),
(11300, 'Trám bít hố rãnh', 'Trám bít hố rãnh', '-', ' 212,000', ' 225,000', 23, 2137, '2020-12-01 00:19:24', '2020-12-01 00:19:24'),
(11301, 'RĂNG VIỆT NAM', 'RĂNG VIỆT NAM', '-', '  250.000 / Răng  ', '  250.000 / Răng  ', 23, 2137, '2020-12-01 00:19:24', '2020-12-01 00:19:24'),
(11302, 'RĂNG NHỰA NGOẠI', 'RĂNG NHỰA NGOẠI', '-', '  350.000 / Răng  ', '  350.000 / Răng  ', 23, 2137, '2020-12-01 00:19:24', '2020-12-01 00:19:24'),
(11303, 'RĂNG COMPOSITE', 'RĂNG COMPOSITE', '-', '  550.000 / Răng  ', '  550.000 / Răng  ', 23, 2137, '2020-12-01 00:19:24', '2020-12-01 00:19:24'),
(11304, 'RĂNG SỨ', 'RĂNG SỨ', '-', '  850.000 / Răng  ', '  850.000 / Răng  ', 23, 2137, '2020-12-01 00:19:24', '2020-12-01 00:19:24'),
(11305, 'RĂNG GIẢ TOÀN HÀM', 'RĂNG GIẢ TOÀN HÀM', '-', '-', '-', 23, 2137, '2020-12-01 00:19:24', '2020-12-01 00:19:24'),
(11306, '+ RĂNG VIỆT NAM', '+ RĂNG VIỆT NAM', '-', '  4.000.000 / Hm  ', '  4.000.000 / Hm  ', 23, 2137, '2020-12-01 00:19:24', '2020-12-01 00:19:24'),
(11307, '+ RĂNG NGOẠI', '+ RĂNG NGOẠI', '-', '  5.000.000 / Hm  ', '  5.000.000 / Hm  ', 23, 2137, '2020-12-01 00:19:24', '2020-12-01 00:19:24'),
(11308, '+ RĂNG COMPOSITE', '+ RĂNG COMPOSITE', '-', '  8.000.000 / Hm  ', '  8.000.000 / Hm  ', 23, 2137, '2020-12-01 00:19:24', '2020-12-01 00:19:24'),
(11309, '+ RĂNG SỨ', '+ RĂNG SỨ', '-', '  9.000.000 / Hm  ', '  9.000.000 / Hm  ', 23, 2137, '2020-12-01 00:19:24', '2020-12-01 00:19:24'),
(11310, 'HÀM KHUNG', 'HÀM KHUNG', '-', '-', '-', 23, 2137, '2020-12-01 00:19:24', '2020-12-01 00:19:24'),
(11311, '+ HÀM KHUNG KIM LOẠI THƯỜNG', '+ HÀM KHUNG KIM LOẠI THƯỜNG', '-', '  1,400.000 / Hm  ', '  1,400.000 / Hm  ', 23, 2137, '2020-12-01 00:19:24', '2020-12-01 00:19:24'),
(11312, '+ HÀM KHUNG KIM LOẠI TITAN', '+ HÀM KHUNG KIM LOẠI TITAN', '-', '  2,000.000 / Hm  ', '  2,000.000 / Hm  ', 23, 2137, '2020-12-01 00:19:24', '2020-12-01 00:19:24'),
(11313, 'HÀM KHUNG LIÊN KẾT (Attachment)', 'HÀM KHUNG LIÊN KẾT (Attachment)', '-', '  1,500.000 / 1 bn  ', '  1,500.000 / 1 bn  ', 23, 2137, '2020-12-01 00:19:24', '2020-12-01 00:19:24'),
(11314, 'HÀM NHỰA DẺO', 'HÀM NHỰA DẺO', '-', '-', '-', 23, 2137, '2020-12-01 00:19:24', '2020-12-01 00:19:24'),
(11315, '+ BÁN HÀM', '+ BÁN HÀM', '-', '  1,200.000 / Hm  ', '  1,200.000 / Hm  ', 23, 2137, '2020-12-01 00:19:24', '2020-12-01 00:19:24'),
(11316, '+ TOÀN HÀM', '+ TOÀN HÀM', '-', '  2,800.000 / Hm  ', '  2,800.000 / Hm  ', 23, 2137, '2020-12-01 00:19:24', '2020-12-01 00:19:24'),
(11317, 'ĐỆM HÀM', 'ĐỆM HÀM', '-', '  450.000 / Hm  ', '  450.000 / Hm  ', 23, 2137, '2020-12-01 00:19:24', '2020-12-01 00:19:24'),
(11318, 'VÁ HÀM GÃY, NỨT', 'VÁ HÀM GÃY, NỨT', '-', '  300.000 / Hm  ', '  300.000 / Hm  ', 23, 2137, '2020-12-01 00:19:24', '2020-12-01 00:19:24'),
(11319, 'ĐẶT LƯỚI', 'ĐẶT LƯỚI', '-', '-', '-', 23, 2137, '2020-12-01 00:19:24', '2020-12-01 00:19:24'),
(11320, '+ LƯỚI VIỆT NAM', '+ LƯỚI VIỆT NAM', '-', '  250.000 / Lưới  ', '  250.000 / Lưới  ', 23, 2137, '2020-12-01 00:19:24', '2020-12-01 00:19:24'),
(11321, '+ LƯỚI NGOẠI', '+ LƯỚI NGOẠI', '-', '  500.000 / Lưới  ', '  500.000 / Lưới  ', 23, 2137, '2020-12-01 00:19:24', '2020-12-01 00:19:24'),
(11322, 'CHỈNH ĐAU', 'CHỈNH ĐAU', '-', '  50.000 / Lần  ', '  50.000 / Lần  ', 23, 2137, '2020-12-01 00:19:24', '2020-12-01 00:19:24'),
(11323, 'THÊM MÓC', 'THÊM MÓC', '-', '  200.000 / Mĩc  ', '  200.000 / Mĩc  ', 23, 2137, '2020-12-01 00:19:24', '2020-12-01 00:19:24'),
(11324, 'MÃO KIM LOẠI THƯỜNG', 'MÃO KIM LOẠI THƯỜNG', '-', '  800.000 / đơn vị  ', '  800.000 / đơn vị  ', 23, 2137, '2020-12-01 00:19:24', '2020-12-01 00:19:24'),
(11325, 'MÃO KIM LOẠI TITAN', 'MÃO KIM LOẠI TITAN', '-', '  1.200.000 / đơn vị  ', '  1.200.000 / đơn vị  ', 23, 2137, '2020-12-01 00:19:24', '2020-12-01 00:19:24'),
(11326, 'MÃO SỨ - KIM LOẠI THƯỜNG', 'MÃO SỨ - KIM LOẠI THƯỜNG', '-', '  1.000.000 / đơn vị  ', '  1.000.000 / đơn vị  ', 23, 2137, '2020-12-01 00:19:24', '2020-12-01 00:19:24'),
(11327, 'MÃO SỨ - KIM LOẠI TITAN', 'MÃO SỨ - KIM LOẠI TITAN', '-', '  1.800.000 / đơn vị  ', '  1.800.000 / đơn vị  ', 23, 2137, '2020-12-01 00:19:24', '2020-12-01 00:19:24'),
(11328, 'MÃO SỨ TOÀN BỘ', 'MÃO SỨ TOÀN BỘ', '-', '  4.000.000 / đơn vị  ', '  4.000.000 / đơn vị  ', 23, 2137, '2020-12-01 00:19:24', '2020-12-01 00:19:24'),
(11329, 'CÙI GIẢ ĐÚC', 'CÙI GIẢ ĐÚC', '-', '  300.000 / đơn vị  ', '  300.000 / đơn vị  ', 23, 2137, '2020-12-01 00:19:24', '2020-12-01 00:19:24'),
(11330, 'PHỤC HỒI THÂN RĂNG + CHỐT CHÂN RĂNG', 'PHỤC HỒI THÂN RĂNG + CHỐT CHÂN RĂNG', '-', '  400.000 / đơn vị  ', '  400.000 / đơn vị  ', 23, 2137, '2020-12-01 00:19:24', '2020-12-01 00:19:24'),
(11331, 'THÁO CHỐT + MẢO', 'THÁO CHỐT + MẢO', '-', '  200.000 / chốt  ', '  200.000 / chốt  ', 23, 2137, '2020-12-01 00:19:24', '2020-12-01 00:19:24'),
(11332, 'CẮT CẦU RĂNG (1ĐV)', 'CẮT CẦU RĂNG (1ĐV)', '-', '  250.000 / đơn vị  ', '  250.000 / đơn vị  ', 23, 2137, '2020-12-01 00:19:24', '2020-12-01 00:19:24'),
(11333, 'GẮN LẠI PHỤC HÌNH CỐ ĐỊNH 1 ĐƠN VỊ', 'GẮN LẠI PHỤC HÌNH CỐ ĐỊNH 1 ĐƠN VỊ', '-', '  150.000 / đơn vị  ', '  150.000 / đơn vị  ', 23, 2137, '2020-12-01 00:19:24', '2020-12-01 00:19:24'),
(11334, 'TẨY TRẮNG RĂNG', 'TẨY TRẮNG RĂNG', '-', '  1.000.000 / hm  ', '  1.000.000 / hm  ', 23, 2137, '2020-12-01 00:19:24', '2020-12-01 00:19:24'),
(11335, 'THÊM 1 ỐNG THUỐC TẨY', 'THÊM 1 ỐNG THUỐC TẨY', '-', '  300.000 / ống  ', '  300.000 / ống  ', 23, 2137, '2020-12-01 00:19:24', '2020-12-01 00:19:24'),
(11336, 'CẶP MÁNG TẨY', 'CẶP MÁNG TẨY', '-', '  400.000 / Cặp  ', '  400.000 / Cặp  ', 23, 2137, '2020-12-01 00:19:24', '2020-12-01 00:19:24'),
(11337, 'Rửa tai', 'Rửa tai', '-', ' 27,400', ' 30,000', 23, 2138, '2020-12-01 00:19:24', '2020-12-01 00:19:24'),
(11338, 'Dị vật tai ngoài đơn giản (1 bên)', 'Dị vật tai ngoài đơn giản (1 bên)', ' 62,900', ' 62,900', ' 70,000', 23, 2138, '2020-12-01 00:19:24', '2020-12-01 00:19:24'),
(11339, 'Dị vật tai ngoài đơn giản (2 bên)', 'Dị vật tai ngoài đơn giản (2 bên)', ' 62,900', ' 100,000', ' 120,000', 23, 2138, '2020-12-01 00:19:24', '2020-12-01 00:19:24'),
(11340, 'Lấy dị vật tai (gây mê/ gây tê) [gây tê]', 'Lấy dị vật tai (gây mê/ gây tê) [gây tê]', ' 155,000', ' 155,000', ' 165,000', 23, 2138, '2020-12-01 00:19:24', '2020-12-01 00:19:24'),
(11341, 'Lấy dị vật tai (gây mê/ gây tê) [gây mê]', 'Lấy dị vật tai (gây mê/ gây tê) [gây mê]', ' 514,000', ' 514,000', ' 530,000', 23, 2138, '2020-12-01 00:19:24', '2020-12-01 00:19:24'),
(11342, 'Lấy nút biểu bì ống tai ngoài [1 bên]', 'Lấy nút biểu bì ống tai ngoài [1 bên]', ' 62,900', ' 62,900', ' 70,000', 23, 2138, '2020-12-01 00:19:24', '2020-12-01 00:19:24'),
(11343, 'Lấy nút biểu bì ống tai ngoài [2 bên]', 'Lấy nút biểu bì ống tai ngoài [2 bên]', ' 62,900', ' 62,900', ' 70,000', 23, 2138, '2020-12-01 00:19:24', '2020-12-01 00:19:24'),
(11344, 'Làm thuốc tai', 'Làm thuốc tai', ' 20,500', ' 20,500', ' 25,000', 23, 2138, '2020-12-01 00:19:24', '2020-12-01 00:19:24'),
(11345, 'Chọc hút dịch vành tai [đơn giản]', 'Chọc hút dịch vành tai [đơn giản]', ' 52,600', ' 52,600', ' 60,000', 23, 2138, '2020-12-01 00:19:24', '2020-12-01 00:19:24'),
(11346, 'Chọc hút dịch vành tai [Phức tạp]', 'Chọc hút dịch vành tai [Phức tạp]', ' 52,600', ' 52,600', ' 60,000', 23, 2138, '2020-12-01 00:19:24', '2020-12-01 00:19:24'),
(11347, 'Nam châm', 'Nam châm', '-', '-', ' 30,000', 23, 2138, '2020-12-01 00:19:24', '2020-12-01 00:19:24'),
(11348, 'Nội soi tai', 'Nội soi tai', ' 40,000', ' 40,000', ' 50,000', 23, 2138, '2020-12-01 00:19:24', '2020-12-01 00:19:24'),
(11349, 'Nội soi tai mũi họng', 'Nội soi tai mũi họng', ' 104,000', ' 104,000', ' 120,000', 23, 2138, '2020-12-01 00:19:24', '2020-12-01 00:19:24'),
(11350, 'Chích rạch màng nhĩ', 'Chích rạch màng nhĩ', ' 61,200', ' 61,200', ' 70,000', 23, 2138, '2020-12-01 00:19:24', '2020-12-01 00:19:24'),
(11351, 'Cắt polyp ống tai gây tê', 'Cắt polyp ống tai gây tê', ' 602,000', ' 602,000', ' 620,000', 23, 2138, '2020-12-01 00:19:24', '2020-12-01 00:19:24'),
(11352, 'Cắt polyp ống tai gây mê', 'Cắt polyp ống tai gây mê', ' 1,990,000', ' 1,990,000', '-', 23, 2138, '2020-12-01 00:19:24', '2020-12-01 00:19:24'),
(11353, 'Thông vòi nhĩ', 'Thông vòi nhĩ', ' 86,600', ' 86,600', ' 95,000', 23, 2138, '2020-12-01 00:19:24', '2020-12-01 00:19:24'),
(11354, 'Bơm hơi vòi nhĩ [1 bên]', 'Bơm hơi vòi nhĩ [1 bên]', ' 115,000', ' 115,000', ' 125,000', 23, 2138, '2020-12-01 00:19:24', '2020-12-01 00:19:24'),
(11355, 'Bơm hơi vòi nhĩ [2 bn]', 'Bơm hơi vòi nhĩ [2 bn]', ' 115,000', ' 115,000', ' 125,000', 23, 2138, '2020-12-01 00:19:24', '2020-12-01 00:19:24'),
(11356, 'Phẫu thuật lấy đường rò luân nhĩ [1 bên]', 'Phẫu thuật lấy đường rò luân nhĩ [1 bên]', ' 3,040,000', ' 3,040,000', '-', 23, 2138, '2020-12-01 00:19:24', '2020-12-01 00:19:24'),
(11357, 'Phẫu thuật lấy đường rò luân nhĩ [2 bên]', 'Phẫu thuật lấy đường rò luân nhĩ [2 bên]', ' 3,040,000', ' 3,040,000', '-', 23, 2138, '2020-12-01 00:19:24', '2020-12-01 00:19:24'),
(11358, 'Phẫu thuật lấy đường rò luân nhĩ [TMH]', 'Phẫu thuật lấy đường rò luân nhĩ [TMH]', ' 486,000', ' 486,000', '-', 23, 2138, '2020-12-01 00:19:24', '2020-12-01 00:19:24'),
(11359, 'Vá nhĩ đơn thuần', 'Vá nhĩ đơn thuần', ' 3,720,000', ' 3,720,000', '-', 23, 2138, '2020-12-01 00:19:24', '2020-12-01 00:19:24'),
(11360, 'Phẫu thuật vá nhĩ bằng nội soi [1 bên]', 'Phẫu thuật vá nhĩ bằng nội soi [1 bên]', ' 3,040,000', ' 3,040,000', '-', 23, 2138, '2020-12-01 00:19:24', '2020-12-01 00:19:24'),
(11361, 'Phẫu thuật vá nhĩ bằng nội soi [2 bên]', 'Phẫu thuật vá nhĩ bằng nội soi [2 bên]', ' 3,040,000', ' 3,040,000', '-', 23, 2138, '2020-12-01 00:19:24', '2020-12-01 00:19:24'),
(11362, 'Đặt ống thông khí màng nhĩ [1 bên]', 'Đặt ống thông khí màng nhĩ [1 bên]', ' 3,040,000', ' 3,040,000', '-', 23, 2138, '2020-12-01 00:19:24', '2020-12-01 00:19:24'),
(11363, 'Đặt ống thông khí màng nhĩ [2 bên]', 'Đặt ống thông khí màng nhĩ [2 bên]', ' 3,040,000', ' 3,040,000', '-', 23, 2138, '2020-12-01 00:19:24', '2020-12-01 00:19:24'),
(11364, 'Phẫu thuật nội soi đặt ống thông khí màng nhĩ [1 bên]', 'Phẫu thuật nội soi đặt ống thông khí màng nhĩ [1 bên]', ' 3,040,000', ' 3,040,000', '-', 23, 2138, '2020-12-01 00:19:24', '2020-12-01 00:19:24'),
(11365, 'Phẫu thuật nội soi đặt ống thông khí màng nhĩ [2 bên]', 'Phẫu thuật nội soi đặt ống thông khí màng nhĩ [2 bên]', ' 3,040,000', ' 3,040,000', '-', 23, 2138, '2020-12-01 00:19:24', '2020-12-01 00:19:24'),
(11366, 'Cắt bỏ các mẫu sụn tai thừa dị tật bẩm sinh (1 bên)', 'Cắt bỏ các mẫu sụn tai thừa dị tật bẩm sinh (1 bên)', '-', '-', ' 2,000,000', 23, 2138, '2020-12-01 00:19:24', '2020-12-01 00:19:24'),
(11367, 'Cắt bỏ các mẫu sụn tai thừa dị tật bẩm sinh (2 bên)', 'Cắt bỏ các mẫu sụn tai thừa dị tật bẩm sinh (2 bên)', '-', '-', ' 3,000,000', 23, 2138, '2020-12-01 00:19:24', '2020-12-01 00:19:24'),
(11368, 'Khâu vết rách vành tai', 'Khâu vết rách vành tai', ' 178,000', ' 178,000', ' 190,000', 23, 2138, '2020-12-01 00:19:24', '2020-12-01 00:19:24'),
(11369, 'Vá lỗ tai 1 bên', 'Vá lỗ tai 1 bên', '-', '-', ' 400,000', 23, 2138, '2020-12-01 00:19:24', '2020-12-01 00:19:24'),
(11370, 'Vá lỗ tai 2 bên', 'Vá lỗ tai 2 bên', '-', '-', ' 700,000', 23, 2138, '2020-12-01 00:19:24', '2020-12-01 00:19:24'),
(11371, 'Phẫu thuật nạo vét sụn vành tai', 'Phẫu thuật nạo vét sụn vành tai', ' 954,000', ' 954,000', '-', 23, 2138, '2020-12-01 00:19:24', '2020-12-01 00:19:24'),
(11372, 'Phẫu thuật lấy nang rò khe mang II', 'Phẫu thuật lấy nang rò khe mang II', ' 4,623,000', ' 4,623,000', '-', 23, 2138, '2020-12-01 00:19:24', '2020-12-01 00:19:24'),
(11373, 'Rửa mũi', 'Rửa mũi', '-', ' 27,400', ' 30,000', 23, 2138, '2020-12-01 00:19:24', '2020-12-01 00:19:24'),
(11374, 'Nội soi mũi xoang', 'Nội soi mũi xoang', ' 40,000', ' 40,000', ' 50,000', 23, 2138, '2020-12-01 00:19:24', '2020-12-01 00:19:24'),
(11375, 'Phương pháp Proetz', 'Phương pháp Proetz', ' 57,600', ' 57,600', ' 65,000', 23, 2138, '2020-12-01 00:19:24', '2020-12-01 00:19:24'),
(11376, 'Xông mũi', 'Xông mũi', '-', '-', ' 15,000', 23, 2138, '2020-12-01 00:19:24', '2020-12-01 00:19:24'),
(11377, 'Khí dung mũi họng ', 'Khí dung mũi họng ', ' 20,400', ' 20,400', ' 25,000', 23, 2138, '2020-12-01 00:19:24', '2020-12-01 00:19:24'),
(11378, 'Nhét bấc mũi trước', 'Nhét bấc mũi trước', ' 116,000', ' 116,000', ' 125,000', 23, 2138, '2020-12-01 00:19:24', '2020-12-01 00:19:24'),
(11379, 'Nhét bấc mũi sau', 'Nhét bấc mũi sau', ' 116,000', ' 116,000', ' 125,000', 23, 2138, '2020-12-01 00:19:24', '2020-12-01 00:19:24'),
(11380, 'Lấy dị vật mũi gây tê/gây mê [không gây mê]', 'Lấy dị vật mũi gây tê/gây mê [không gây mê]', ' 194,000', ' 194,000', ' 200,000', 23, 2138, '2020-12-01 00:19:24', '2020-12-01 00:19:24'),
(11381, 'Lấy dị vật mũi gây tê/gây mê [gây mê]', 'Lấy dị vật mũi gây tê/gây mê [gây mê]', ' 673,000', ' 673,000', ' 700,000', 23, 2138, '2020-12-01 00:19:24', '2020-12-01 00:19:24'),
(11382, 'Chọc rửa xoang hàm', 'Chọc rửa xoang hàm', ' 278,000', ' 278,000', ' 290,000', 23, 2138, '2020-12-01 00:19:24', '2020-12-01 00:19:24'),
(11383, 'Nâng sống mũi với chất liệu tự thân', 'Nâng sống mũi với chất liệu tự thân', '-', '-', '5,000,000-10,000,000', 23, 2138, '2020-12-01 00:19:24', '2020-12-01 00:19:24'),
(11384, 'Nâng xương chính mũi sau chấn thương [gây tê TMH]', 'Nâng xương chính mũi sau chấn thương [gây tê TMH]', ' 1,277,000', ' 1,277,000', '-', 23, 2138, '2020-12-01 00:19:24', '2020-12-01 00:19:24'),
(11385, 'Phẫu thuật chỉnh hình sống mũi sau chấn thương [TMH]', 'Phẫu thuật chỉnh hình sống mũi sau chấn thương [TMH]', ' 2,672,000', ' 2,672,000', '-', 23, 2138, '2020-12-01 00:19:24', '2020-12-01 00:19:24'),
(11386, 'Phẫu thuật rò sống mũi', 'Phẫu thuật rò sống mũi', ' 7,175,000', ' 7,175,000', '-', 23, 2138, '2020-12-01 00:19:24', '2020-12-01 00:19:24'),
(11387, 'Phẫu thuật nạo sáng hàm', 'Phẫu thuật nạo sáng hàm', '-', '-', ' 3,000,000', 23, 2138, '2020-12-01 00:19:24', '2020-12-01 00:19:24'),
(11388, 'Phẫu thuật xoang hàm Caldwell-Luc', 'Phẫu thuật xoang hàm Caldwell-Luc', ' 1,415,000', ' 1,415,000', '-', 23, 2138, '2020-12-01 00:19:24', '2020-12-01 00:19:24'),
(11389, 'Cắt polyp mũi', 'Cắt polyp mũi', '-', '-', ' 2,000,000', 23, 2138, '2020-12-01 00:19:24', '2020-12-01 00:19:24'),
(11390, 'Phẫu thuật nội soi cắt polyp mũi [gây tê]', 'Phẫu thuật nội soi cắt polyp mũi [gây tê]', ' 457,000', ' 457,000', '-', 23, 2138, '2020-12-01 00:19:24', '2020-12-01 00:19:24'),
(11391, 'Phẫu thuật nội soi cắt polyp mũi [ gây mê]', 'Phẫu thuật nội soi cắt polyp mũi [ gây mê]', ' 663,000', ' 663,000', '-', 23, 2138, '2020-12-01 00:19:24', '2020-12-01 00:19:24'),
(11392, 'Phẫu thuật nội soi cầm máu mũi [1 bên]', 'Phẫu thuật nội soi cầm máu mũi [1 bên]', ' 2,750,000', ' 2,750,000', '-', 23, 2138, '2020-12-01 00:19:24', '2020-12-01 00:19:24'),
(11393, 'Phẫu thuật nội soi cầm máu mũi [2 bên]', 'Phẫu thuật nội soi cầm máu mũi [2 bên]', ' 2,750,000', ' 2,750,000', '-', 23, 2138, '2020-12-01 00:19:24', '2020-12-01 00:19:24'),
(11394, 'Phẫu thuật thủng vách ngăn mũi', 'Phẫu thuật thủng vách ngăn mũi', ' 3,188,000', ' 3,188,000', '-', 23, 2138, '2020-12-01 00:19:24', '2020-12-01 00:19:24'),
(11395, 'Bẻ cuốn mũi', 'Bẻ cuốn mũi', ' 133,000', ' 133,000', ' 150,000', 23, 2138, '2020-12-01 00:19:24', '2020-12-01 00:19:24'),
(11396, 'Nội soi bẻ cuốn mũi dưới', 'Nội soi bẻ cuốn mũi dưới', ' 133,000', ' 133,000', ' 150,000', 23, 2138, '2020-12-01 00:19:24', '2020-12-01 00:19:24'),
(11397, 'Nội soi đốt điện cuốn mũi dưới [gây tê]', 'Nội soi đốt điện cuốn mũi dưới [gây tê]', ' 447,000', ' 447,000', ' 470,000', 23, 2138, '2020-12-01 00:19:24', '2020-12-01 00:19:24'),
(11398, 'Nội soi đốt điện cuốn mũi dưới [gây mê]', 'Nội soi đốt điện cuốn mũi dưới [gây mê]', ' 673,000', ' 673,000', ' 700,000', 23, 2138, '2020-12-01 00:19:24', '2020-12-01 00:19:24'),
(11399, 'Cầm máu mũi bằng Merocel [1 bên]', 'Cầm máu mũi bằng Merocel [1 bên]', ' 205,000', ' 205,000', ' 220,000', 23, 2138, '2020-12-01 00:19:24', '2020-12-01 00:19:24'),
(11400, 'Cầm máu mũi bằng Merocel [2 bên]', 'Cầm máu mũi bằng Merocel [2 bên]', ' 275,000', ' 275,000', ' 290,000', 23, 2138, '2020-12-01 00:19:24', '2020-12-01 00:19:24'),
(11401, 'Đốt điện cuốn mũi dưới', 'Đốt điện cuốn mũi dưới', ' 447,000', ' 447,000', ' 470,000', 23, 2138, '2020-12-01 00:19:24', '2020-12-01 00:19:24'),
(11402, 'Phẫu thuật chỉnh hình cuốn mũi dưới', 'Phẫu thuật chỉnh hình cuốn mũi dưới', ' 3,873,000', ' 3,873,000', '-', 23, 2138, '2020-12-01 00:19:24', '2020-12-01 00:19:24'),
(11403, 'Phẫu thuật cắt Concha Bullosa cuốn mũi', 'Phẫu thuật cắt Concha Bullosa cuốn mũi', ' 3,873,000', ' 3,873,000', '-', 23, 2138, '2020-12-01 00:19:24', '2020-12-01 00:19:24'),
(11404, 'Phẫu thuật nội soi chỉnh hình vách ngăn mũi', 'Phẫu thuật nội soi chỉnh hình vách ngăn mũi', ' 3,188,000', ' 3,188,000', '-', 23, 2138, '2020-12-01 00:19:24', '2020-12-01 00:19:24'),
(11405, 'Phẫu thuật xử trí chảy máu sau cắt Amygdale (gây mê)', 'Phẫu thuật xử trí chảy máu sau cắt Amygdale (gây mê)', ' 2,814,000', ' 2,814,000', '-', 23, 2138, '2020-12-01 00:19:24', '2020-12-01 00:19:24'),
(11406, 'Nội soi hạ họng ống cứng chẩn đoán gây tê', 'Nội soi hạ họng ống cứng chẩn đoán gây tê', ' 290,000', ' 290,000', ' 300,000', 23, 2138, '2020-12-01 00:19:24', '2020-12-01 00:19:24'),
(11407, 'Phẫu thuật nạo V.A nội soi', 'Phẫu thuật nạo V.A nội soi', ' 2,814,000', ' 2,814,000', '-', 23, 2138, '2020-12-01 00:19:24', '2020-12-01 00:19:24'),
(11408, 'Xông họng', 'Xông họng', '-', ' 27,400', ' 30,000', 23, 2138, '2020-12-01 00:19:24', '2020-12-01 00:19:24'),
(11409, 'Lấy dị vật hạ họng', 'Lấy dị vật hạ họng', ' 40,800', ' 40,800', ' 45,000', 23, 2138, '2020-12-01 00:19:24', '2020-12-01 00:19:24'),
(11410, 'Chích áp xe thành sau họng gây tê/gây mê  [gây tê]', 'Chích áp xe thành sau họng gây tê/gây mê  [gây tê]', ' 263,000', ' 263,000', ' 280,000', 23, 2138, '2020-12-01 00:19:24', '2020-12-01 00:19:24'),
(11411, 'Chích áp xe thành sau họng gây tê/gây mê [gây mê]', 'Chích áp xe thành sau họng gây tê/gây mê [gây mê]', ' 729,000', ' 729,000', ' 750,000', 23, 2138, '2020-12-01 00:19:24', '2020-12-01 00:19:24'),
(11412, 'Chích áp xe sàn miệng [gây tê]', 'Chích áp xe sàn miệng [gây tê]', ' 263,000', ' 263,000', ' 280,000', 23, 2138, '2020-12-01 00:19:24', '2020-12-01 00:19:24'),
(11413, 'Chích áp xe sàn miệng [gây mê]', 'Chích áp xe sàn miệng [gây mê]', ' 729,000', ' 729,000', ' 750,000', 23, 2138, '2020-12-01 00:19:24', '2020-12-01 00:19:24'),
(11414, 'Chích áp xe quanh Amidan [Gây tê]', 'Chích áp xe quanh Amidan [Gây tê]', ' 263,000', ' 263,000', ' 280,000', 23, 2138, '2020-12-01 00:19:24', '2020-12-01 00:19:24'),
(11415, 'Chích áp xe quanh Amidan [Gây mê]', 'Chích áp xe quanh Amidan [Gây mê]', ' 724,000', ' 724,000', ' 750,000', 23, 2138, '2020-12-01 00:19:24', '2020-12-01 00:19:24'),
(11416, 'Nội soi thanh quản ống cứng lấy dị vật gây tê/gây mê [gây tê]', 'Nội soi thanh quản ống cứng lấy dị vật gây tê/gây mê [gây tê]', ' 362,000', ' 362,000', ' 380,000', 23, 2138, '2020-12-01 00:19:24', '2020-12-01 00:19:24'),
(11417, 'Nội soi thanh quản ống cứng lấy dị vật gây tê/gây mê [gây mê]', 'Nội soi thanh quản ống cứng lấy dị vật gây tê/gây mê [gây mê]', ' 703,000', ' 703,000', ' 730,000', 23, 2138, '2020-12-01 00:19:24', '2020-12-01 00:19:24'),
(11418, 'Phẫu thuật cắt Amidan gây tê hoặc gây mê [Coblator]', 'Phẫu thuật cắt Amidan gây tê hoặc gây mê [Coblator]', ' 2,355,000', ' 2,355,000', '-', 23, 2138, '2020-12-01 00:19:24', '2020-12-01 00:19:24'),
(11419, 'Phẫu thuật cắt Amidan gây tê hoặc gây mê', 'Phẫu thuật cắt Amidan gây tê hoặc gây mê', ' 1,648,000', ' 1,648,000', '-', 23, 2138, '2020-12-01 00:19:24', '2020-12-01 00:19:24'),
(11420, 'Phẫu thuật cắt Amidan gây tê hoặc gây mê', 'Phẫu thuật cắt Amidan gây tê hoặc gây mê', ' 1,085,000', ' 1,085,000', '-', 23, 2138, '2020-12-01 00:19:24', '2020-12-01 00:19:24'),
(11421, 'Phẫu thuật nội soi cắt u nang hạ họng/ hố lưỡi thanh thiệt', 'Phẫu thuật nội soi cắt u nang hạ họng/ hố lưỡi thanh thiệt', ' 3,002,000', ' 3,002,000', '-', 23, 2138, '2020-12-01 00:19:24', '2020-12-01 00:19:24'),
(11422, 'Cắt phanh lưỡi [gây tê]', 'Cắt phanh lưỡi [gây tê]', ' 295,000', ' 295,000', '-', 23, 2138, '2020-12-01 00:19:24', '2020-12-01 00:19:24'),
(11423, 'Cắt phanh lưỡi [gây mê]', 'Cắt phanh lưỡi [gây mê]', ' 729,000', ' 729,000', '-', 23, 2138, '2020-12-01 00:19:24', '2020-12-01 00:19:24'),
(11424, 'Cầm máu đơn giản sau phẫu thuật cắt Amygdale, Nạo VA', 'Cầm máu đơn giản sau phẫu thuật cắt Amygdale, Nạo VA', ' 116,000', ' 116,000', '-', 23, 2138, '2020-12-01 00:19:24', '2020-12-01 00:19:24'),
(11425, 'Phẫu thuật nội soi cầm máu sau nạo VA (gây mê)', 'Phẫu thuật nội soi cầm máu sau nạo VA (gây mê)', ' 954,000', ' 954,000', '-', 23, 2138, '2020-12-01 00:19:24', '2020-12-01 00:19:24'),
(11426, 'Sinh thiết vùng khoang miệng', 'Sinh thiết vùng khoang miệng', '-', '-', ' 300,000', 23, 2138, '2020-12-01 00:19:24', '2020-12-01 00:19:24'),
(11427, 'Đốt họng hạt bằng nhiệt', 'Đốt họng hạt bằng nhiệt', ' 79,100', ' 79,100', ' 90,000', 23, 2138, '2020-12-01 00:19:24', '2020-12-01 00:19:24'),
(11428, 'Nội soi mũi hoặc vòm hoặc họng có sinh thiết', 'Nội soi mũi hoặc vòm hoặc họng có sinh thiết', ' 513,000', ' 513,000', ' 530,000', 23, 2138, '2020-12-01 00:19:24', '2020-12-01 00:19:24'),
(11429, 'Nội soi hạ họng ống cứng lấy dị vật gây tê/gây mê', 'Nội soi hạ họng ống cứng lấy dị vật gây tê/gây mê', ' 513,000', ' 513,000', ' 530,000', 23, 2138, '2020-12-01 00:19:24', '2020-12-01 00:19:24'),
(11430, 'Nội soi hạ họng ống cứng sinh thiết u gây tê/gây mê', 'Nội soi hạ họng ống cứng sinh thiết u gây tê/gây mê', ' 513,000', ' 513,000', ' 530,000', 23, 2138, '2020-12-01 00:19:24', '2020-12-01 00:19:24'),
(11431, 'Hút đờm hầu họng ', 'Hút đờm hầu họng ', ' 11,100', ' 11,100', ' 15,000', 23, 2138, '2020-12-01 00:19:24', '2020-12-01 00:19:24'),
(11432, 'Phẫu thuật cắt bỏ u nang vành tai/u bả đậu dái tai [gây tê]', 'Phẫu thuật cắt bỏ u nang vành tai/u bả đậu dái tai [gây tê]', ' 834,000', ' 834,000', '-', 23, 2138, '2020-12-01 00:19:24', '2020-12-01 00:19:24'),
(11433, 'Phẫu thuật cắt bỏ u nang vành tai/u bả đậu dái tai [gây mê]', 'Phẫu thuật cắt bỏ u nang vành tai/u bả đậu dái tai [gây mê]', ' 1,334,000', ' 1,334,000', '-', 23, 2138, '2020-12-01 00:19:24', '2020-12-01 00:19:24'),
(11434, 'Phẫu thuật cắt bỏ u phần mềm', 'Phẫu thuật cắt bỏ u phần mềm', '-', '-', '150,000-300,000', 23, 2138, '2020-12-01 00:19:24', '2020-12-01 00:19:24'),
(11435, 'Cắt u nháy Đơn giản', 'Cắt u nháy Đơn giản', '-', '-', ' 400,000', 23, 2138, '2020-12-01 00:19:24', '2020-12-01 00:19:24'),
(11436, 'Cắt u nháy Phức tạp', 'Cắt u nháy Phức tạp', '-', '-', ' 800,000', 23, 2138, '2020-12-01 00:19:24', '2020-12-01 00:19:24'),
(11437, 'Phẫu thuật sinh thiết hạch cổ', 'Phẫu thuật sinh thiết hạch cổ', ' 3,002,000', ' 3,002,000', '-', 23, 2138, '2020-12-01 00:19:24', '2020-12-01 00:19:24'),
(11438, 'Chích áp xe nhỏ vùng đầu cổ', 'Chích áp xe nhỏ vùng đầu cổ', ' 186,000', ' 186,000', ' 200,000', 23, 2138, '2020-12-01 00:19:24', '2020-12-01 00:19:24'),
(11439, 'Phẫu thuật cắt u da vùng mặt', 'Phẫu thuật cắt u da vùng mặt', ' 2,627,000', ' 2,627,000', '-', 23, 2138, '2020-12-01 00:19:24', '2020-12-01 00:19:24'),
(11440, 'Thay băng', 'Thay băng', '-', ' 35,000', ' 40,000', 23, 2138, '2020-12-01 00:19:24', '2020-12-01 00:19:24'),
(11441, 'Thay băng, cắt chỉ vết mổ [THAY BĂNG VT CHIỀU DÀI < 15 CM (TMH)]', 'Thay băng, cắt chỉ vết mổ [THAY BĂNG VT CHIỀU DÀI < 15 CM (TMH)]', ' 57,600', ' 57,600', '-', 23, 2138, '2020-12-01 00:19:24', '2020-12-01 00:19:24'),
(11442, 'Cắt chỉ sau phẫu thuật', 'Cắt chỉ sau phẫu thuật', ' 32,900', ' 32,900', ' 40,000', 23, 2138, '2020-12-01 00:19:24', '2020-12-01 00:19:24'),
(11443, 'Khâu vết thương đơn giản vùng đầu, mặt, cổ [Nông chiều dài', 'Khâu vết thương đơn giản vùng đầu, mặt, cổ [Nông chiều dài', ' 178,000', ' 178,000', ' 190,000', 23, 2138, '2020-12-01 00:19:24', '2020-12-01 00:19:24'),
(11444, 'Khâu vết thương đơn giản vùng đầu, mặt, cổ [Nông chiều dài >=10cm]', 'Khâu vết thương đơn giản vùng đầu, mặt, cổ [Nông chiều dài >=10cm]', ' 237,000', ' 237,000', ' 250,000', 23, 2138, '2020-12-01 00:19:24', '2020-12-01 00:19:24'),
(11445, 'Khâu vết thương đơn giản vùng đầu, mặt, cổ [Sâu chiều dài <10cm] ', 'Khâu vết thương đơn giản vùng đầu, mặt, cổ [Sâu chiều dài <10cm] ', ' 257,000', ' 257,000', ' 270,000', 23, 2138, '2020-12-01 00:19:24', '2020-12-01 00:19:24'),
(11446, 'Khâu vết thương đơn giản vùng đầu, mặt, cổ [Sâu chiều dài >=10cm] ', 'Khâu vết thương đơn giản vùng đầu, mặt, cổ [Sâu chiều dài >=10cm] ', ' 305,000', ' 305,000', ' 320,000', 23, 2138, '2020-12-01 00:19:24', '2020-12-01 00:19:24'),
(11447, 'Đo khúc xạ máy', 'Đo khúc xạ máy', ' 9,900', ' 9,900', ' 15,000', 23, 2139, '2020-12-01 00:19:24', '2020-12-01 00:19:24'),
(11448, 'Đo khúc xạ khách quan (soi bóng đồng tử - Skiascope)', 'Đo khúc xạ khách quan (soi bóng đồng tử - Skiascope)', ' 29,900', ' 29,900', ' 35,000', 23, 2139, '2020-12-01 00:19:24', '2020-12-01 00:19:24'),
(11449, 'Đo nhãn áp (Maclakov, Goldmann, Schiotz…..)', 'Đo nhãn áp (Maclakov, Goldmann, Schiotz…..)', ' 25,900', ' 25,900', ' 30,000', 23, 2139, '2020-12-01 00:19:24', '2020-12-01 00:19:24'),
(11450, 'Đo khúc xạ giác mạc Javal', 'Đo khúc xạ giác mạc Javal', ' 36,200', ' 36,200', ' 40,000', 23, 2139, '2020-12-01 00:19:24', '2020-12-01 00:19:24'),
(11451, 'Soi đáy mắt trực tiếp', 'Soi đáy mắt trực tiếp', ' 52,500', ' 52,500', ' 60,000', 23, 2139, '2020-12-01 00:19:24', '2020-12-01 00:19:24'),
(11452, 'Siêu âm mắt (siêu âm thường qui)', 'Siêu âm mắt (siêu âm thường qui)', ' 59,500', ' 59,500', ' 65,000', 23, 2139, '2020-12-01 00:19:24', '2020-12-01 00:19:24'),
(11453, 'Nặn tuyến bờ mi, đánh bờ mi [NẶN TUYẾN BỜ MI]', 'Nặn tuyến bờ mi, đánh bờ mi [NẶN TUYẾN BỜ MI]', ' 35,200', ' 35,200', ' 40,000', 23, 2139, '2020-12-01 00:19:24', '2020-12-01 00:19:24'),
(11454, 'Bơm rửa lệ đạo', 'Bơm rửa lệ đạo', ' 36,700', ' 36,700', ' 40,000', 23, 2139, '2020-12-01 00:19:24', '2020-12-01 00:19:24'),
(11455, 'Bơm thông lệ đạo [1 Mắt]', 'Bơm thông lệ đạo [1 Mắt]', ' 59,400', ' 59,400', ' 65,000', 23, 2139, '2020-12-01 00:19:24', '2020-12-01 00:19:24'),
(11456, 'Bơm thông lệ đạo [2 Mắt]', 'Bơm thông lệ đạo [2 Mắt]', ' 94,400', ' 94,400', ' 105,000', 23, 2139, '2020-12-01 00:19:24', '2020-12-01 00:19:24'),
(11457, 'Lấy dị vật kết mạc', 'Lấy dị vật kết mạc', ' 64,400', ' 64,400', ' 70,000', 23, 2139, '2020-12-01 00:19:24', '2020-12-01 00:19:24'),
(11458, 'Lấy dị vật giác mạc sâu [nông, gây tê]', 'Lấy dị vật giác mạc sâu [nông, gây tê]', ' 82,100', ' 82,100', ' 90,000', 23, 2139, '2020-12-01 00:19:24', '2020-12-01 00:19:24'),
(11459, 'Lấy dị vật giác mạc sâu [sâu, gây tê]', 'Lấy dị vật giác mạc sâu [sâu, gây tê]', ' 327,000', ' 327,000', ' 340,000', 23, 2139, '2020-12-01 00:19:24', '2020-12-01 00:19:24'),
(11460, 'Chích chắp, lẹo, nang lông mi; chích áp xe mi, kết mạc', 'Chích chắp, lẹo, nang lông mi; chích áp xe mi, kết mạc', ' 78,400', ' 78,400', ' 85,000', 23, 2139, '2020-12-01 00:19:24', '2020-12-01 00:19:24'),
(11461, 'Cắt bỏ những u nhỏ, kyst, sẹo của da, tổ chức dưới da', 'Cắt bỏ những u nhỏ, kyst, sẹo của da, tổ chức dưới da', '-', ' 153,000', ' 160,000', 23, 2139, '2020-12-01 00:19:24', '2020-12-01 00:19:24'),
(11462, 'Cắt bỏ chắp có bọc', 'Cắt bỏ chắp có bọc', ' 78,400', ' 78,400', ' 85,000', 23, 2139, '2020-12-01 00:19:24', '2020-12-01 00:19:24'),
(11463, 'Tiêm dưới kết mạc', 'Tiêm dưới kết mạc', ' 47,500', ' 47,500', ' 55,000', 23, 2139, '2020-12-01 00:19:24', '2020-12-01 00:19:24'),
(11464, 'Tiêm hậu nhãn cầu', 'Tiêm hậu nhãn cầu', ' 47,500', ' 47,500', ' 55,000', 23, 2139, '2020-12-01 00:19:24', '2020-12-01 00:19:24'),
(11465, 'Rửa cùng đồ', 'Rửa cùng đồ', ' 41,600', ' 41,600', ' 50,000', 23, 2139, '2020-12-01 00:19:24', '2020-12-01 00:19:24'),
(11466, 'Đốt lông xiêu, nhổ lông siêu', 'Đốt lông xiêu, nhổ lông siêu', ' 47,900', ' 47,900', ' 55,000', 23, 2139, '2020-12-01 00:19:24', '2020-12-01 00:19:24'),
(11467, 'Lấy calci kết mạc', 'Lấy calci kết mạc', ' 35,200', ' 35,200', ' 40,000', 23, 2139, '2020-12-01 00:19:24', '2020-12-01 00:19:24'),
(11468, 'Cắt u da mi khơng ghép', 'Cắt u da mi khơng ghép', ' 724,000', ' 724,000', ' 745,000', 23, 2139, '2020-12-01 00:19:24', '2020-12-01 00:19:24'),
(11469, 'Mổ u vàng 1M', 'Mổ u vàng 1M', '-', '-', ' 300,000', 23, 2139, '2020-12-01 00:19:24', '2020-12-01 00:19:24'),
(11470, 'PT u tái tạo bờ mi', 'PT u tái tạo bờ mi', '-', '-', ' 700,000', 23, 2139, '2020-12-01 00:19:24', '2020-12-01 00:19:24'),
(11471, 'Phẫu thuật mộng đơn thuần', 'Phẫu thuật mộng đơn thuần', ' 870,000', ' 870,000', '-', 23, 2139, '2020-12-01 00:19:24', '2020-12-01 00:19:24'),
(11472, 'Phẫu thuật mộng có ghép (kết mạc rời tự thân, màng ối...) có hoặc không áp thuốc chống chuyển hoá', 'Phẫu thuật mộng có ghép (kết mạc rời tự thân, màng ối...) có hoặc không áp thuốc chống chuyển hoá', ' 840,000', ' 840,000', '-', 23, 2139, '2020-12-01 00:19:24', '2020-12-01 00:19:24'),
(11473, 'Phẫu thuật mộng có ghép (kết mạc rời tự thân, màng ối...) có hoặc không áp thuốc chống chuyển hoá [gây tê]', 'Phẫu thuật mộng có ghép (kết mạc rời tự thân, màng ối...) có hoặc không áp thuốc chống chuyển hoá [gây tê]', ' 963,000', ' 963,000', '-', 23, 2139, '2020-12-01 00:19:24', '2020-12-01 00:19:24'),
(11474, 'Phẫu thuật mộng có ghép (kết mạc rời tự thân, màng ối...) có hoặc không áp thuốc chống chuyển hóa [gây mê]', 'Phẫu thuật mộng có ghép (kết mạc rời tự thân, màng ối...) có hoặc không áp thuốc chống chuyển hóa [gây mê]', ' 1,477,000', ' 1,477,000', '-', 23, 2139, '2020-12-01 00:19:24', '2020-12-01 00:19:24'),
(11475, 'Cắt mộng phương pháp vùi, cắt bỏ đơn thuần', 'Cắt mộng phương pháp vùi, cắt bỏ đơn thuần', '-', '-', ' 1,100,000', 23, 2139, '2020-12-01 00:19:24', '2020-12-01 00:19:24'),
(11476, 'Phẫu thuật quặm [1 mi - tê]', 'Phẫu thuật quặm [1 mi - tê]', ' 638,000', ' 638,000', '-', 23, 2139, '2020-12-01 00:19:24', '2020-12-01 00:19:24'),
(11477, 'Phẫu thuật quặm [2 mi - tê]', 'Phẫu thuật quặm [2 mi - tê]', ' 845,000', ' 845,000', '-', 23, 2139, '2020-12-01 00:19:24', '2020-12-01 00:19:24'),
(11478, 'Phẫu thuật quặm [3 mi - tê]', 'Phẫu thuật quặm [3 mi - tê]', ' 1,068,000', ' 1,068,000', '-', 23, 2139, '2020-12-01 00:19:24', '2020-12-01 00:19:24'),
(11479, 'Phẫu thuật quặm [4 mi - tê]', 'Phẫu thuật quặm [4 mi - tê]', ' 1,236,000', ' 1,236,000', '-', 23, 2139, '2020-12-01 00:19:24', '2020-12-01 00:19:24'),
(11480, 'Phẫu thuật quặm [1 mi - mê]', 'Phẫu thuật quặm [1 mi - mê]', ' 1,235,000', ' 1,235,000', '-', 23, 2139, '2020-12-01 00:19:24', '2020-12-01 00:19:24'),
(11481, 'Phẫu thuật quặm [2 mi - mê]', 'Phẫu thuật quặm [2 mi - mê]', ' 1,417,000', ' 1,417,000', '-', 23, 2139, '2020-12-01 00:19:24', '2020-12-01 00:19:24'),
(11482, 'Phẫu thuật quặm [3 mi - mê]', 'Phẫu thuật quặm [3 mi - mê]', ' 1,640,000', ' 1,640,000', '-', 23, 2139, '2020-12-01 00:19:24', '2020-12-01 00:19:24');
INSERT INTO `db_chidinh` (`id`, `name`, `slug`, `price_bhyt`, `price_dichvu`, `price_dichvutyc`, `group_id`, `category_id`, `created_at`, `updated_at`) VALUES
(11483, 'Phẫu thuật quặm [4 mi - mê]', 'Phẫu thuật quặm [4 mi - mê]', ' 1,837,000', ' 1,837,000', '-', 23, 2139, '2020-12-01 00:19:24', '2020-12-01 00:19:24'),
(11484, 'PT Quặm  (Pana, Guenod, Nataf, trabut)', 'PT Quặm  (Pana, Guenod, Nataf, trabut)', '-', '-', ' 1,400,000', 23, 2139, '2020-12-01 00:19:24', '2020-12-01 00:19:24'),
(11485, 'Phẫu thuật rút ngắn cơ nâng mi trên điều trị sụp mi', 'Phẫu thuật rút ngắn cơ nâng mi trên điều trị sụp mi', ' 1,304,000', ' 1,304,000', '-', 23, 2139, '2020-12-01 00:19:24', '2020-12-01 00:19:24'),
(11486, 'Khâu phục hồi bờ mi', 'Khâu phục hồi bờ mi', ' 693,000', ' 693,000', ' 730,000', 23, 2139, '2020-12-01 00:19:24', '2020-12-01 00:19:24'),
(11487, 'Khâu cò mi, tháo cò', 'Khâu cò mi, tháo cò', ' 400,000', ' 400,000', ' 430,000', 23, 2139, '2020-12-01 00:19:24', '2020-12-01 00:19:24'),
(11488, 'Xử lý vết thương phần mềm, tổn thương nông vùng mắt', 'Xử lý vết thương phần mềm, tổn thương nông vùng mắt', ' 926,000', ' 926,000', ' 970,000', 23, 2139, '2020-12-01 00:19:24', '2020-12-01 00:19:24'),
(11489, 'Chữa bỏng mắt do hàn điện', 'Chữa bỏng mắt do hàn điện', '-', ' 29,000', ' 35,000', 23, 2139, '2020-12-01 00:19:24', '2020-12-01 00:19:24'),
(11490, 'Chữa bỏng mắt do hóa chất', 'Chữa bỏng mắt do hóa chất', '-', '-', ' 100,000', 23, 2139, '2020-12-01 00:19:24', '2020-12-01 00:19:24'),
(11491, 'Cắt chỉ khu giác mạc', 'Cắt chỉ khu giác mạc', ' 32,900', ' 32,900', ' 40,000', 23, 2139, '2020-12-01 00:19:24', '2020-12-01 00:19:24'),
(11492, 'Cắt chỉ khu kết mạc', 'Cắt chỉ khu kết mạc', ' 32,900', ' 32,900', ' 40,000', 23, 2139, '2020-12-01 00:19:24', '2020-12-01 00:19:24'),
(11493, 'Cắt chỉ sau phẫu thuật', 'Cắt chỉ sau phẫu thuật', ' 32,900', ' 32,900', ' 40,000', 23, 2139, '2020-12-01 00:19:24', '2020-12-01 00:19:24'),
(11494, 'Cắt chỉ sau phẫu thuật sụp mi', 'Cắt chỉ sau phẫu thuật sụp mi', ' 32,900', ' 32,900', ' 40,000', 23, 2139, '2020-12-01 00:19:24', '2020-12-01 00:19:24'),
(11495, 'Cắt chỉ sau phẫu thuật lác', 'Cắt chỉ sau phẫu thuật lác', ' 32,900', ' 32,900', ' 40,000', 23, 2139, '2020-12-01 00:19:24', '2020-12-01 00:19:24'),
(11496, 'Cắt chỉ khâu da mi đơn giản', 'Cắt chỉ khâu da mi đơn giản', ' 32,900', ' 32,900', ' 40,000', 23, 2139, '2020-12-01 00:19:24', '2020-12-01 00:19:24'),
(11497, 'Khâu da mi đơn giản', 'Khâu da mi đơn giản', ' 809,000', ' 809,000', ' 850,000', 23, 2139, '2020-12-01 00:19:24', '2020-12-01 00:19:24'),
(11498, 'Khâu kết mạc', 'Khâu kết mạc', ' 809,000', ' 809,000', ' 850,000', 23, 2139, '2020-12-01 00:19:24', '2020-12-01 00:19:24'),
(11499, 'Cắt u kết mạc không vá', 'Cắt u kết mạc không vá', ' 755,000', ' 755,000', ' 800,000', 23, 2139, '2020-12-01 00:19:24', '2020-12-01 00:19:24'),
(11500, 'Cắt mí đôi thẩm mỹ', 'Cắt mí đôi thẩm mỹ', '-', '-', ' 1,500,000', 23, 2139, '2020-12-01 00:19:24', '2020-12-01 00:19:24'),
(11501, 'Lấy mỡ mi dưới', 'Lấy mỡ mi dưới', '-', '-', ' 1,040,000', 23, 2139, '2020-12-01 00:19:24', '2020-12-01 00:19:24'),
(11502, 'Xẻ mí đôi', 'Xẻ mí đôi', '-', '-', ' 1,040,000', 23, 2139, '2020-12-01 00:19:24', '2020-12-01 00:19:24'),
(11503, 'Vá da tạo hình mi', 'Vá da tạo hình mi', ' 1,062,000', ' 1,062,000', '                     -   ', 23, 2139, '2020-12-01 00:19:24', '2020-12-01 00:19:24'),
(11504, 'Mở rộng khe mắt', 'Mở rộng khe mắt', '-', '-', ' 1,040,000', 23, 2139, '2020-12-01 00:19:24', '2020-12-01 00:19:24'),
(11505, 'PT nếp quạt góc mắt', 'PT nếp quạt góc mắt', '-', '-', ' 1,040,000', 23, 2139, '2020-12-01 00:19:24', '2020-12-01 00:19:24'),
(11506, 'Cắt bỏ nốt ruồi', 'Cắt bỏ nốt ruồi', '-', '-', ' 65,000', 23, 2139, '2020-12-01 00:19:24', '2020-12-01 00:19:24'),
(11507, 'Sửa sẹo xấu, sẹo quá phát', 'Sửa sẹo xấu, sẹo quá phát', '-', '-', ' 1,040,000', 23, 2139, '2020-12-01 00:19:24', '2020-12-01 00:19:24'),
(11508, 'Phẫu thuật tán nhuyễn thể thủy tinh bằng siêu âm (Phaco) có hoặc không đặt IOL', 'Phẫu thuật tán nhuyễn thể thủy tinh bằng siêu âm (Phaco) có hoặc không đặt IOL', ' 2,654,000', ' 2,654,000', '-', 23, 2139, '2020-12-01 00:19:24', '2020-12-01 00:19:24'),
(11509, 'Cắt thể thủy tinh, dịch kính có hoặc không cố định IOL', 'Cắt thể thủy tinh, dịch kính có hoặc không cố định IOL', ' 1,212,000', ' 1,212,000', '-', 23, 2139, '2020-12-01 00:19:24', '2020-12-01 00:19:24'),
(11510, 'Cắt bè củng giác mạc (Trabeculectomy)', 'Cắt bè củng giác mạc (Trabeculectomy)', ' 1,104,000', ' 1,104,000', '-', 23, 2139, '2020-12-01 00:19:24', '2020-12-01 00:19:24'),
(11511, 'Gọt giác mạc đơn thuần', 'Gọt giác mạc đơn thuần', ' 770,000', ' 770,000', '-', 23, 2139, '2020-12-01 00:19:24', '2020-12-01 00:19:24'),
(11512, 'Phẫu thuật lác thông thường [1 mắt]', 'Phẫu thuật lác thông thường [1 mắt]', ' 740,000', ' 740,000', '-', 23, 2139, '2020-12-01 00:19:24', '2020-12-01 00:19:24'),
(11513, 'Phẫu thuật lác thông thường [2 mắt]', 'Phẫu thuật lác thông thường [2 mắt]', ' 1,170,000', ' 1,170,000', '-', 23, 2139, '2020-12-01 00:19:24', '2020-12-01 00:19:24'),
(11514, 'Phẫu thuật mở rộng khe mi', 'Phẫu thuật mở rộng khe mi', ' 643,000', ' 643,000', '-', 23, 2139, '2020-12-01 00:19:24', '2020-12-01 00:19:24'),
(11515, 'Khâu giác mạc', 'Khâu giác mạc', ' 764,000', ' 764,000', ' 790,000', 23, 2139, '2020-12-01 00:19:24', '2020-12-01 00:19:24'),
(11516, 'Cắt bỏ túi lệ', 'Cắt bỏ túi lệ', ' 840,000', ' 840,000', '-', 23, 2139, '2020-12-01 00:19:24', '2020-12-01 00:19:24'),
(11517, 'Lấy thể thủy tinh sa, lệch trong bao phối hợp cắt dịch kính có hoặc không cố định IOL', 'Lấy thể thủy tinh sa, lệch trong bao phối hợp cắt dịch kính có hoặc không cố định IOL', ' 1,212,000', ' 1,212,000', '-', 23, 2139, '2020-12-01 00:19:24', '2020-12-01 00:19:24'),
(11518, 'Đo công suất thể thủy tinh nhân tạo bằng siêu âm', 'Đo công suất thể thủy tinh nhân tạo bằng siêu âm', ' 59,100', ' 59,100', ' 65,000', 23, 2139, '2020-12-01 00:19:24', '2020-12-01 00:19:24'),
(11519, 'Nghiệm pháp phát hiện glôcôm', 'Nghiệm pháp phát hiện glôcôm', ' 107,000', ' 107,000', ' 115,000', 23, 2139, '2020-12-01 00:19:24', '2020-12-01 00:19:24'),
(11520, 'Mở bao sau bằng phẫu thuật', 'Mở bao sau bằng phẫu thuật', ' 590,000', ' 590,000', '-', 23, 2139, '2020-12-01 00:19:24', '2020-12-01 00:19:24'),
(11521, 'Phẫu thuật cắt mống mắt chu biên', 'Phẫu thuật cắt mống mắt chu biên', ' 520,000', ' 520,000', '-', 23, 2139, '2020-12-01 00:19:24', '2020-12-01 00:19:24'),
(11522, 'Phẫu thuật đặt thể thủy tinh nhân tạo (IOL) thì 2 (không cắt dịch kính)', 'Phẫu thuật đặt thể thủy tinh nhân tạo (IOL) thì 2 (không cắt dịch kính)', ' 1,970,000', ' 1,970,000', '-', 23, 2139, '2020-12-01 00:19:24', '2020-12-01 00:19:24'),
(11523, 'Phẫu thuật lấy thể thủy tinh ngồi bao có hoặc không đặt IOL', 'Phẫu thuật lấy thể thủy tinh ngồi bao có hoặc không đặt IOL', ' 1,634,000', ' 1,634,000', '-', 23, 2139, '2020-12-01 00:19:24', '2020-12-01 00:19:24'),
(11524, 'Đo sắc giác', 'Đo sắc giác', ' 65,900', ' 65,900', ' 75,000', 23, 2139, '2020-12-01 00:19:24', '2020-12-01 00:19:24'),
(11525, 'Siêu âm bán phần trước', 'Siêu âm bán phần trước', ' 208,000', ' 208,000', ' 220,000', 23, 2139, '2020-12-01 00:19:24', '2020-12-01 00:19:24'),
(11526, 'Soi góc tiền phòng', 'Soi góc tiền phòng', ' 52,500', ' 52,500', ' 60,000', 23, 2139, '2020-12-01 00:19:24', '2020-12-01 00:19:24'),
(11527, 'Tách dính mi cầu, ghép kết mạc rời hoặc màng ối', 'Tách dính mi cầu, ghép kết mạc rời hoặc màng ối', ' 2,223,000', ' 2,223,000', '-', 23, 2139, '2020-12-01 00:19:24', '2020-12-01 00:19:24'),
(11528, 'Test thử cảm giác giác mạc', 'Test thử cảm giác giác mạc', ' 39,600', ' 39,600', ' 45,000', 23, 2139, '2020-12-01 00:19:24', '2020-12-01 00:19:24'),
(11529, 'Sinh thiết tổ chức kết mạc', 'Sinh thiết tổ chức kết mạc', ' 150,000', ' 150,000', ' 160,000', 23, 2139, '2020-12-01 00:19:24', '2020-12-01 00:19:24'),
(11530, 'Cắt chỉ sau phẫu thuật', 'Cắt chỉ sau phẫu thuật', ' 32,900', ' 32,900', ' 40,000', 23, 2140, '2020-12-01 00:19:24', '2020-12-01 00:19:24'),
(11531, 'Thay băng', 'Thay băng', '-', ' 35,000', ' 40,000', 23, 2140, '2020-12-01 00:19:24', '2020-12-01 00:19:24'),
(11532, 'Thay băng, cắt chỉ vết mổ [TB VT CHIỀU DÀI < 15 CM (NG)]', 'Thay băng, cắt chỉ vết mổ [TB VT CHIỀU DÀI < 15 CM (NG)]', ' 57,600', ' 57,600', '-', 23, 2140, '2020-12-01 00:19:24', '2020-12-01 00:19:24'),
(11533, 'Thay băng, cắt chỉ vết mổ [TB VT CHIỀU DÀI >15 CM ĐẾN 30 CM(NG)]', 'Thay băng, cắt chỉ vết mổ [TB VT CHIỀU DÀI >15 CM ĐẾN 30 CM(NG)]', ' 82,400', ' 82,400', '-', 23, 2140, '2020-12-01 00:19:24', '2020-12-01 00:19:24'),
(11534, 'Thay băng, cắt chỉ vết mổ [TB VT CHIỀU DÀI TỪ 30CM ĐẾN < 50 CM (NG)]', 'Thay băng, cắt chỉ vết mổ [TB VT CHIỀU DÀI TỪ 30CM ĐẾN < 50 CM (NG)]', ' 112,000', ' 112,000', '-', 23, 2140, '2020-12-01 00:19:24', '2020-12-01 00:19:24'),
(11535, 'Thay băng, cắt chỉ vết mổ [TB VT CHIỀU DÀI < 30 CM NHIỄM TRÙNG (NG)]', 'Thay băng, cắt chỉ vết mổ [TB VT CHIỀU DÀI < 30 CM NHIỄM TRÙNG (NG)]', ' 134,000', ' 134,000', '-', 23, 2140, '2020-12-01 00:19:24', '2020-12-01 00:19:24'),
(11536, 'Thay băng, cắt chỉ vết mổ [TB VT CHIỀU DÀI TỪ 30CM ĐẾN 50 CM NHIỄM TRÙNG (NG)]', 'Thay băng, cắt chỉ vết mổ [TB VT CHIỀU DÀI TỪ 30CM ĐẾN 50 CM NHIỄM TRÙNG (NG)]', ' 179,000', ' 179,000', '-', 23, 2140, '2020-12-01 00:19:24', '2020-12-01 00:19:24'),
(11537, 'Thay băng, cắt chỉ vết mổ [TB VT CHIỀU DI > 50 CM NHIỄM TRNG (NG)]', 'Thay băng, cắt chỉ vết mổ [TB VT CHIỀU DI > 50 CM NHIỄM TRNG (NG)]', ' 240,000', ' 240,000', '-', 23, 2140, '2020-12-01 00:19:24', '2020-12-01 00:19:24'),
(11538, 'Thay băng bỏng', 'Thay băng bỏng', '-', '-', '50,000-100,000', 23, 2140, '2020-12-01 00:19:24', '2020-12-01 00:19:24'),
(11539, 'Thay băng điều trị vết bỏng từ 20% - 39% diện tích cơ thể ở người lớn', 'Thay băng điều trị vết bỏng từ 20% - 39% diện tích cơ thể ở người lớn', ' 547,000', ' 547,000', ' 560,000', 23, 2140, '2020-12-01 00:19:24', '2020-12-01 00:19:24'),
(11540, 'Thay băng điều trị vết bỏng từ 10% - 19% diện tích cơ thể ở người lớn', 'Thay băng điều trị vết bỏng từ 10% - 19% diện tích cơ thể ở người lớn', ' 410,000', ' 410,000', ' 420,000', 23, 2140, '2020-12-01 00:19:24', '2020-12-01 00:19:24'),
(11541, 'Thay băng điều trị vết bỏng dưới 10% diện tích cơ thể ở người lớn', 'Thay băng điều trị vết bỏng dưới 10% diện tích cơ thể ở người lớn', ' 242,000', ' 242,000', ' 250,000', 23, 2140, '2020-12-01 00:19:24', '2020-12-01 00:19:24'),
(11542, 'Thay băng điều trị vết thương mạn tính ', 'Thay băng điều trị vết thương mạn tính ', ' 246,000', ' 246,000', ' 250,000', 23, 2140, '2020-12-01 00:19:24', '2020-12-01 00:19:24'),
(11543, 'Công đeo các dụng cụ', 'Công đeo các dụng cụ', '-', '-', ' 20,000', 23, 2140, '2020-12-01 00:19:24', '2020-12-01 00:19:24'),
(11544, 'Khí dung thuốc giãn phế quản', 'Khí dung thuốc giãn phế quản', ' 20,400', ' 20,400', ' 25,000', 23, 2140, '2020-12-01 00:19:24', '2020-12-01 00:19:24'),
(11545, 'Điện tim thường', 'Điện tim thường', ' 32,800', ' 32,800', ' 40,000', 23, 2140, '2020-12-01 00:19:24', '2020-12-01 00:19:24'),
(11546, 'Thụt tháo phân', 'Thụt tháo phân', ' 82,100', ' 82,100', ' 90,000', 23, 2140, '2020-12-01 00:19:24', '2020-12-01 00:19:24'),
(11547, 'Chích rạch nhọt, Apxe nhỏ dẫn lưu', 'Chích rạch nhọt, Apxe nhỏ dẫn lưu', '-', ' 186,000', ' 200,000', 23, 2140, '2020-12-01 00:19:24', '2020-12-01 00:19:24'),
(11548, 'Chích rạch, dẫn lưu ổ áp xe trên người bệnh đái tháo đường', 'Chích rạch, dẫn lưu ổ áp xe trên người bệnh đái tháo đường', ' 186,000', ' 186,000', ' 200,000', 23, 2140, '2020-12-01 00:19:24', '2020-12-01 00:19:24'),
(11549, 'Tiêm cân gan chân', 'Tiêm cân gan chân', ' 91,500', ' 91,500', ' 100,000', 23, 2140, '2020-12-01 00:19:24', '2020-12-01 00:19:24'),
(11550, 'Tiêm khớp gối', 'Tiêm khớp gối', ' 91,500', ' 91,500', ' 100,000', 23, 2140, '2020-12-01 00:19:24', '2020-12-01 00:19:24'),
(11551, 'Tiêm khớp cổ chân', 'Tiêm khớp cổ chân', ' 91,500', ' 91,500', ' 100,000', 23, 2140, '2020-12-01 00:19:24', '2020-12-01 00:19:24'),
(11552, 'Tiêm khớp cổ tay', 'Tiêm khớp cổ tay', ' 91,500', ' 91,500', ' 100,000', 23, 2140, '2020-12-01 00:19:24', '2020-12-01 00:19:24'),
(11553, 'Tiêm khớp khuỷu tay', 'Tiêm khớp khuỷu tay', ' 91,500', ' 91,500', ' 100,000', 23, 2140, '2020-12-01 00:19:24', '2020-12-01 00:19:24'),
(11554, 'Tiêm khớp vai', 'Tiêm khớp vai', ' 91,500', ' 91,500', ' 100,000', 23, 2140, '2020-12-01 00:19:24', '2020-12-01 00:19:24'),
(11555, 'Tiêm khớp đòn - cùng vai', 'Tiêm khớp đòn - cùng vai', ' 91,500', ' 91,500', ' 100,000', 23, 2140, '2020-12-01 00:19:24', '2020-12-01 00:19:24'),
(11556, 'Tiêm hội chứng DeQuervain', 'Tiêm hội chứng DeQuervain', ' 91,500', ' 91,500', ' 100,000', 23, 2140, '2020-12-01 00:19:24', '2020-12-01 00:19:24'),
(11557, 'Tiêm hội chứng dđường hầm cổ tay', 'Tiêm hội chứng dđường hầm cổ tay', ' 91,500', ' 91,500', ' 100,000', 23, 2140, '2020-12-01 00:19:24', '2020-12-01 00:19:24'),
(11558, 'Tiêm gân gấp ngón tay', 'Tiêm gân gấp ngón tay', ' 91,500', ' 91,500', ' 100,000', 23, 2140, '2020-12-01 00:19:24', '2020-12-01 00:19:24'),
(11559, 'Tiêm gân nhị đầu khớp vai', 'Tiêm gân nhị đầu khớp vai', ' 91,500', ' 91,500', ' 100,000', 23, 2140, '2020-12-01 00:19:24', '2020-12-01 00:19:24'),
(11560, 'Tiêm gân trên gai (dưới gai, gân bao xoay khớp vai)', 'Tiêm gân trên gai (dưới gai, gân bao xoay khớp vai)', ' 91,500', ' 91,500', ' 100,000', 23, 2140, '2020-12-01 00:19:24', '2020-12-01 00:19:24'),
(11561, 'Tiêm điểm bám gân mỏm cùng vai', 'Tiêm điểm bám gân mỏm cùng vai', ' 91,500', ' 91,500', ' 100,000', 23, 2140, '2020-12-01 00:19:24', '2020-12-01 00:19:24'),
(11562, 'Tiêm gân gót', 'Tiêm gân gót', ' 91,500', ' 91,500', ' 100,000', 23, 2140, '2020-12-01 00:19:24', '2020-12-01 00:19:24'),
(11563, 'Tiêm điểm bám gân quanh khớp gối', 'Tiêm điểm bám gân quanh khớp gối', ' 91,500', ' 91,500', ' 100,000', 23, 2140, '2020-12-01 00:19:24', '2020-12-01 00:19:24'),
(11564, 'Tiêm điểm bám gân mỏm trâm quay (mỏm trâm trụ)', 'Tiêm điểm bám gân mỏm trâm quay (mỏm trâm trụ)', ' 91,500', ' 91,500', ' 100,000', 23, 2140, '2020-12-01 00:19:24', '2020-12-01 00:19:24'),
(11565, 'Tiêm điểm bám gân lồi cầu trong (lồi cầu ngoài) xương cánh tay', 'Tiêm điểm bám gân lồi cầu trong (lồi cầu ngoài) xương cánh tay', ' 91,500', ' 91,500', ' 100,000', 23, 2140, '2020-12-01 00:19:24', '2020-12-01 00:19:24'),
(11566, 'Nội soi khớp gối điều trị rửa khớp', 'Nội soi khớp gối điều trị rửa khớp', ' 3,250,000', ' 3,250,000', '-', 23, 2140, '2020-12-01 00:19:24', '2020-12-01 00:19:24'),
(11567, 'Chích rạch áp xe nhỏ', 'Chích rạch áp xe nhỏ', ' 186,000', ' 186,000', ' 200,000', 23, 2140, '2020-12-01 00:19:24', '2020-12-01 00:19:24'),
(11568, 'Chích áp xe phần mềm lớn', 'Chích áp xe phần mềm lớn', ' 186,000', ' 186,000', ' 200,000', 23, 2140, '2020-12-01 00:19:24', '2020-12-01 00:19:24'),
(11569, 'Hút dịch khớp gối', 'Hút dịch khớp gối', ' 114,000', ' 114,000', ' 120,000', 23, 2140, '2020-12-01 00:19:24', '2020-12-01 00:19:24'),
(11570, 'Hút dịch khớp khuỷu', 'Hút dịch khớp khuỷu', ' 114,000', ' 114,000', ' 120,000', 23, 2140, '2020-12-01 00:19:24', '2020-12-01 00:19:24'),
(11571, 'Hút dịch khớp cổ chân', 'Hút dịch khớp cổ chân', ' 114,000', ' 114,000', ' 120,000', 23, 2140, '2020-12-01 00:19:24', '2020-12-01 00:19:24'),
(11572, 'Hút dịch khớp cổ tay', 'Hút dịch khớp cổ tay', ' 114,000', ' 114,000', ' 120,000', 23, 2140, '2020-12-01 00:19:24', '2020-12-01 00:19:24'),
(11573, 'Hút nang bao hoạt dịch', 'Hút nang bao hoạt dịch', ' 114,000', ' 114,000', ' 120,000', 23, 2140, '2020-12-01 00:19:24', '2020-12-01 00:19:24'),
(11574, 'Khâu vết thương phần mềm dài dưới 10cm[Tổn Thương Nông, (Ng)]', 'Khâu vết thương phần mềm dài dưới 10cm[Tổn Thương Nông, (Ng)]', ' 178,000', ' 178,000', ' 190,000', 23, 2140, '2020-12-01 00:19:24', '2020-12-01 00:19:24'),
(11575, 'Khâu vết thương phần mềm dài trên 10cm [Tổn Thương Nông, (Ng)]', 'Khâu vết thương phần mềm dài trên 10cm [Tổn Thương Nông, (Ng)]', ' 237,000', ' 237,000', ' 250,000', 23, 2140, '2020-12-01 00:19:24', '2020-12-01 00:19:24'),
(11576, 'Khâu vết thương phần mềm dài dưới 10cm [Tổn Thương Sâu, (Ng)]', 'Khâu vết thương phần mềm dài dưới 10cm [Tổn Thương Sâu, (Ng)]', ' 257,000', ' 257,000', ' 270,000', 23, 2140, '2020-12-01 00:19:24', '2020-12-01 00:19:24'),
(11577, 'Khâu vết thương phần mềm dài trên 10cm [Tổn Thương sâu, (Ng)]', 'Khâu vết thương phần mềm dài trên 10cm [Tổn Thương sâu, (Ng)]', ' 305,000', ' 305,000', ' 320,000', 23, 2140, '2020-12-01 00:19:24', '2020-12-01 00:19:24'),
(11578, 'Phẫu thuật nội soi cắt hoạt mạc viêm khớp gối', 'Phẫu thuật nội soi cắt hoạt mạc viêm khớp gối', ' 3,250,000', ' 3,250,000', '-', 23, 2140, '2020-12-01 00:19:24', '2020-12-01 00:19:24'),
(11579, 'Phẫu thuật nội soi cắt lọc sụn khớp gối', 'Phẫu thuật nội soi cắt lọc sụn khớp gối', ' 3,250,000', ' 3,250,000', '-', 23, 2140, '2020-12-01 00:19:24', '2020-12-01 00:19:24'),
(11580, 'Phẫu thuật nội soi cắt sụn chêm', 'Phẫu thuật nội soi cắt sụn chêm', ' 3,250,000', ' 3,250,000', '-', 23, 2140, '2020-12-01 00:19:24', '2020-12-01 00:19:24'),
(11581, 'Phẫu thuật nội soi khâu sụn chêm', 'Phẫu thuật nội soi khâu sụn chêm', '-', ' 3,250,000', '-', 23, 2140, '2020-12-01 00:19:24', '2020-12-01 00:19:24'),
(11582, 'Xét nghiệm đường máu mao mạch tại giường [Ngoại]', 'Xét nghiệm đường máu mao mạch tại giường [Ngoại]', ' 15,200', ' 15,200', '-', 23, 2140, '2020-12-01 00:19:24', '2020-12-01 00:19:24'),
(11583, 'Định nhóm máu tại giường bệnh trước truyền máu [Ng]', 'Định nhóm máu tại giường bệnh trước truyền máu [Ng]', ' 23,100', ' 23,100', '-', 23, 2140, '2020-12-01 00:19:24', '2020-12-01 00:19:24'),
(11584, 'Phẫu thuật điều trị nhiễm trùng vết mổ ngực [ĐG]', 'Phẫu thuật điều trị nhiễm trùng vết mổ ngực [ĐG]', ' 1,965,000', ' 1,965,000', '-', 23, 2140, '2020-12-01 00:19:24', '2020-12-01 00:19:24'),
(11585, 'Phẫu thuật điều trị nhiễm trùng vết mổ ngực [PT]', 'Phẫu thuật điều trị nhiễm trùng vết mổ ngực [PT]', ' 1,965,000', ' 1,965,000', '-', 23, 2140, '2020-12-01 00:19:24', '2020-12-01 00:19:24'),
(11586, 'Phẫu thuật điều trị vết thương ngực hở đơn thuần', 'Phẫu thuật điều trị vết thương ngực hở đơn thuần', ' 6,799,000', ' 6,799,000', '-', 23, 2140, '2020-12-01 00:19:24', '2020-12-01 00:19:24'),
(11587, 'Đặt catheter tĩnh mạch ngoại biên', 'Đặt catheter tĩnh mạch ngoại biên', ' 21,400', ' 21,400', '-', 23, 2140, '2020-12-01 00:19:24', '2020-12-01 00:19:24'),
(11588, 'Đặt ống nội khí quản', 'Đặt ống nội khí quản', ' 568,000', ' 568,000', '-', 23, 2140, '2020-12-01 00:19:24', '2020-12-01 00:19:24'),
(11589, 'Sinh thiết hạch, cơ, thần kinh và các u dưới da', 'Sinh thiết hạch, cơ, thần kinh và các u dưới da', ' 262,000', ' 262,000', '-', 23, 2140, '2020-12-01 00:19:24', '2020-12-01 00:19:24'),
(11590, 'Cắt bướu < 2cm', 'Cắt bướu < 2cm', '-', ' 300,000', '-', 23, 2140, '2020-12-01 00:19:24', '2020-12-01 00:19:24'),
(11591, 'Cắt bướu 2-5 cm', 'Cắt bướu 2-5 cm', '-', ' 600,000', '-', 23, 2140, '2020-12-01 00:19:24', '2020-12-01 00:19:24'),
(11592, 'Cắt bướu >5cm', 'Cắt bướu >5cm', '-', ' 1,200,000', '-', 23, 2140, '2020-12-01 00:19:24', '2020-12-01 00:19:24'),
(11593, 'Phẫu thuật u thần kinh trên da', 'Phẫu thuật u thần kinh trên da', ' 705,000', ' 705,000', '-', 23, 2140, '2020-12-01 00:19:24', '2020-12-01 00:19:24'),
(11594, 'Cắt các loại u vùng da đầu, cổ có đường kính 5 đến 10 cm [GM]', 'Cắt các loại u vùng da đầu, cổ có đường kính 5 đến 10 cm [GM]', ' 1,126,000', ' 1,126,000', '-', 23, 2140, '2020-12-01 00:19:24', '2020-12-01 00:19:24'),
(11595, 'Cắt các loại u vùng da đầu, cổ có đường kính dưới 5 cm [GM]', 'Cắt các loại u vùng da đầu, cổ có đường kính dưới 5 cm [GM]', ' 705,000', ' 705,000', '-', 23, 2140, '2020-12-01 00:19:24', '2020-12-01 00:19:24'),
(11596, 'Cắt các u lành vùng cổ', 'Cắt các u lành vùng cổ', ' 2,627,000', ' 2,627,000', '-', 23, 2140, '2020-12-01 00:19:24', '2020-12-01 00:19:24'),
(11597, 'Cắt u phần mềm vùng cổ', 'Cắt u phần mềm vùng cổ', ' 2,627,000', ' 2,627,000', '-', 23, 2140, '2020-12-01 00:19:24', '2020-12-01 00:19:24'),
(11598, 'Cắt các loại u vùng mặt có đường kính dưới 5 cm', 'Cắt các loại u vùng mặt có đường kính dưới 5 cm', ' 705,000', ' 705,000', '-', 23, 2140, '2020-12-01 00:19:24', '2020-12-01 00:19:24'),
(11599, 'Cắt u máu khu trú, đường kính dưới 5 cm', 'Cắt u máu khu trú, đường kính dưới 5 cm', ' 1,784,000', ' 1,784,000', '-', 23, 2140, '2020-12-01 00:19:24', '2020-12-01 00:19:24'),
(11600, 'Phẫu thuật cắt u máu lớn (đường kính ≥ 10 cm)', 'Phẫu thuật cắt u máu lớn (đường kính ≥ 10 cm)', ' 3,014,000', ' 3,014,000', '-', 23, 2140, '2020-12-01 00:19:24', '2020-12-01 00:19:24'),
(11601, 'Phẫu thuật cắt u máu nhỏ (đường kính < 10 cm)', 'Phẫu thuật cắt u máu nhỏ (đường kính < 10 cm)', ' 3,014,000', ' 3,014,000', '-', 23, 2140, '2020-12-01 00:19:24', '2020-12-01 00:19:24'),
(11602, 'Cắt u máu/u bạch mạch dưới da đường kính từ 5 - 10cm', 'Cắt u máu/u bạch mạch dưới da đường kính từ 5 - 10cm', ' 2,754,000', ' 2,754,000', '-', 23, 2140, '2020-12-01 00:19:24', '2020-12-01 00:19:24'),
(11603, 'Cắt u máu, u bạch huyết thành ngực đường kính dưới 5 cm', 'Cắt u máu, u bạch huyết thành ngực đường kính dưới 5 cm', ' 1,965,000', ' 1,965,000', '-', 23, 2140, '2020-12-01 00:19:24', '2020-12-01 00:19:24'),
(11604, 'Cắt u máu, u bạch huyết thành ngực đường kính 5 - 10 cm', 'Cắt u máu, u bạch huyết thành ngực đường kính 5 - 10 cm', ' 3,014,000', ' 3,014,000', '-', 23, 2140, '2020-12-01 00:19:24', '2020-12-01 00:19:24'),
(11605, 'Cắt u vú lành tính', 'Cắt u vú lành tính', ' 2,862,000', ' 2,862,000', '-', 23, 2140, '2020-12-01 00:19:24', '2020-12-01 00:19:24'),
(11606, 'Dẫn lưu áp xe gan', 'Dẫn lưu áp xe gan', ' 2,832,000', ' 2,832,000', '-', 23, 2140, '2020-12-01 00:19:24', '2020-12-01 00:19:24'),
(11607, 'Cắt u mỡ, u bã đậu vùng hàm mặt đường kính trên 5 cm [Gây mê]', 'Cắt u mỡ, u bã đậu vùng hàm mặt đường kính trên 5 cm [Gây mê]', ' 1,334,000', ' 1,334,000', '-', 23, 2140, '2020-12-01 00:19:24', '2020-12-01 00:19:24'),
(11608, 'Cắt u mỡ, u bã đậu vùng hàm mặt đường kính trên 5 cm [Gây tê]', 'Cắt u mỡ, u bã đậu vùng hàm mặt đường kính trên 5 cm [Gây tê]', ' 834,000', ' 834,000', '-', 23, 2140, '2020-12-01 00:19:24', '2020-12-01 00:19:24'),
(11609, 'Cắt u mỡ, u bã đậu vùng hàm mặt đường kính dưới 5 cm [Gây tê]', 'Cắt u mỡ, u bã đậu vùng hàm mặt đường kính dưới 5 cm [Gây tê]', ' 834,000', ' 834,000', '-', 23, 2140, '2020-12-01 00:19:24', '2020-12-01 00:19:24'),
(11610, 'Cắt u lành phần mềm đường kính trên 10cm', 'Cắt u lành phần mềm đường kính trên 10cm', ' 1,784,000', ' 1,784,000', '-', 23, 2140, '2020-12-01 00:19:24', '2020-12-01 00:19:24'),
(11611, 'Cắt u lành phần mềm đường kính dưới 10cm', 'Cắt u lành phần mềm đường kính dưới 10cm', ' 1,784,000', ' 1,784,000', '-', 23, 2140, '2020-12-01 00:19:24', '2020-12-01 00:19:24'),
(11612, 'Cắt u tuyến nước bọt dưới hàm', 'Cắt u tuyến nước bọt dưới hàm', ' 4,623,000', ' 4,623,000', '-', 23, 2140, '2020-12-01 00:19:24', '2020-12-01 00:19:24'),
(11613, 'Phẫu thuật nội soi cầm máu sau mổ', 'Phẫu thuật nội soi cầm máu sau mổ', ' 2,167,000', ' 2,167,000', '-', 23, 2140, '2020-12-01 00:19:24', '2020-12-01 00:19:24'),
(11614, 'Cắt toàn bộ tuyến giáp trong bướu giáp đa nhân', 'Cắt toàn bộ tuyến giáp trong bướu giáp đa nhân', ' 4,166,000', ' 4,166,000', '-', 23, 2140, '2020-12-01 00:19:24', '2020-12-01 00:19:24'),
(11615, 'Cắt bán phần 1 thuỳ tuyến giáp trong bướu giáp nhân', 'Cắt bán phần 1 thuỳ tuyến giáp trong bướu giáp nhân', ' 2,772,000', ' 2,772,000', '-', 23, 2140, '2020-12-01 00:19:24', '2020-12-01 00:19:24'),
(11616, 'Cắt 1 thuỳ tuyến giáp trong bướu giáp nhân', 'Cắt 1 thuỳ tuyến giáp trong bướu giáp nhân', ' 3,345,000', ' 3,345,000', '-', 23, 2140, '2020-12-01 00:19:24', '2020-12-01 00:19:24'),
(11617, 'Cắt bán phần 1 thuỳ tuyến giáp và lấy nhân thùy còn lại trong bướu giáp nhân', 'Cắt bán phần 1 thuỳ tuyến giáp và lấy nhân thùy còn lại trong bướu giáp nhân', ' 3,345,000', ' 3,345,000', '-', 23, 2140, '2020-12-01 00:19:24', '2020-12-01 00:19:24'),
(11618, 'Phẫu thuật cầm máu lại sau mổ tuyến giáp', 'Phẫu thuật cầm máu lại sau mổ tuyến giáp', ' 3,345,000', ' 3,345,000', '-', 23, 2140, '2020-12-01 00:19:24', '2020-12-01 00:19:24'),
(11619, 'Cắt 1 thuỳ tuyến giáp và lấy nhân thùy còn lại trong bướu giáp nhân', 'Cắt 1 thuỳ tuyến giáp và lấy nhân thùy còn lại trong bướu giáp nhân', ' 4,166,000', ' 4,166,000', '-', 23, 2140, '2020-12-01 00:19:24', '2020-12-01 00:19:24'),
(11620, 'Cắt bán phần 2 thuỳ tuyến giáp trong bướu giáp đa nhân', 'Cắt bán phần 2 thuỳ tuyến giáp trong bướu giáp đa nhân', ' 4,166,000', ' 4,166,000', '-', 23, 2140, '2020-12-01 00:19:24', '2020-12-01 00:19:24'),
(11621, 'Cắt bán phần 2 thuỳ tuyến giáp trong bướu giáp đa nhân bằng dao siêu âm', 'Cắt bán phần 2 thuỳ tuyến giáp trong bướu giáp đa nhân bằng dao siêu âm', ' 6,560,000', ' 6,560,000', '-', 23, 2140, '2020-12-01 00:19:24', '2020-12-01 00:19:24'),
(11622, 'Cắt bán phần 2 thùy tuyến giáp trong bướu giáp đơn thuần không có nhân', 'Cắt bán phần 2 thùy tuyến giáp trong bướu giáp đơn thuần không có nhân', ' 4,166,000', ' 4,166,000', '-', 23, 2140, '2020-12-01 00:19:24', '2020-12-01 00:19:24'),
(11623, 'Cắt 1 thuỳ tuyến giáp trong bướu giáp nhân độc', 'Cắt 1 thuỳ tuyến giáp trong bướu giáp nhân độc', ' 3,345,000', ' 3,345,000', '-', 23, 2140, '2020-12-01 00:19:24', '2020-12-01 00:19:24'),
(11624, 'Cắt 1 thuỳ tuyến giáp trong bướu giáp nhân độc bằng dao siêu âm', 'Cắt 1 thuỳ tuyến giáp trong bướu giáp nhân độc bằng dao siêu âm', ' 4,468,000', ' 4,468,000', '-', 23, 2140, '2020-12-01 00:19:24', '2020-12-01 00:19:24'),
(11625, 'Cắt toàn bộ tuyến giáp trong bướu giáp đa nhân độc', 'Cắt toàn bộ tuyến giáp trong bướu giáp đa nhân độc', ' 4,166,000', ' 4,166,000', '-', 23, 2140, '2020-12-01 00:19:24', '2020-12-01 00:19:24'),
(11626, 'Cắt 1 thùy tuyến giáp và cắt bán phần thùy còn lại trong Basedow', 'Cắt 1 thùy tuyến giáp và cắt bán phần thùy còn lại trong Basedow', ' 4,166,000', ' 4,166,000', '-', 23, 2140, '2020-12-01 00:19:24', '2020-12-01 00:19:24'),
(11627, 'Cắt toàn bộ tuyến giáp trong Basedow', 'Cắt toàn bộ tuyến giáp trong Basedow', ' 4,166,000', ' 4,166,000', '-', 23, 2140, '2020-12-01 00:19:24', '2020-12-01 00:19:24'),
(11628, 'Cắt gần toàn bộ tuyến giáp trong Basedow', 'Cắt gần toàn bộ tuyến giáp trong Basedow', ' 4,166,000', ' 4,166,000', '-', 23, 2140, '2020-12-01 00:19:24', '2020-12-01 00:19:24'),
(11629, 'Phẫu thuật bóc u thành ngực', 'Phẫu thuật bóc u thành ngực', ' 1,965,000', ' 1,965,000', '-', 23, 2140, '2020-12-01 00:19:24', '2020-12-01 00:19:24'),
(11630, 'Phẫu thuật cắt u thành ngực', 'Phẫu thuật cắt u thành ngực', ' 1,965,000', ' 1,965,000', '-', 23, 2140, '2020-12-01 00:19:24', '2020-12-01 00:19:24'),
(11631, 'Phẫu thuật nội soi cắt 1 thùy tuyến giáp', 'Phẫu thuật nội soi cắt 1 thùy tuyến giáp', ' 5,772,000', ' 5,772,000', '-', 23, 2140, '2020-12-01 00:19:24', '2020-12-01 00:19:24'),
(11632, 'Phẫu thuật nội soi cắt 1 thùy tuyến giáp + eo giáp', 'Phẫu thuật nội soi cắt 1 thùy tuyến giáp + eo giáp', ' 5,772,000', ' 5,772,000', '-', 23, 2140, '2020-12-01 00:19:24', '2020-12-01 00:19:24'),
(11633, 'Phẫu thuật nội soi cắt bán phần 1 thùy tuyến giáp', 'Phẫu thuật nội soi cắt bán phần 1 thùy tuyến giáp', ' 5,772,000', ' 5,772,000', '-', 23, 2140, '2020-12-01 00:19:24', '2020-12-01 00:19:24'),
(11634, 'Phẫu thuật nội soi cắt bán phần 2 thùy tuyến giáp', 'Phẫu thuật nội soi cắt bán phần 2 thùy tuyến giáp', ' 5,772,000', ' 5,772,000', '-', 23, 2140, '2020-12-01 00:19:24', '2020-12-01 00:19:24'),
(11635, 'Phẫu thuật nội soi cắt toàn bộ tuyến giáp', 'Phẫu thuật nội soi cắt toàn bộ tuyến giáp', ' 5,772,000', ' 5,772,000', '-', 23, 2140, '2020-12-01 00:19:24', '2020-12-01 00:19:24'),
(11636, 'Phẫu thuật nội soi cắt nhân độc tuyến giáp', 'Phẫu thuật nội soi cắt nhân độc tuyến giáp', ' 5,772,000', ' 5,772,000', '-', 23, 2140, '2020-12-01 00:19:24', '2020-12-01 00:19:24'),
(11637, 'Phẫu thuật nội soi cắt bán phần 2 thuỳ tuyến giáp trong bướu giáp đa nhân', 'Phẫu thuật nội soi cắt bán phần 2 thuỳ tuyến giáp trong bướu giáp đa nhân', ' 5,772,000', ' 5,772,000', '-', 23, 2140, '2020-12-01 00:19:24', '2020-12-01 00:19:24'),
(11638, 'Phẫu thuật nội soi cắt bán phần 2 thuỳ tuyến giáp trong bướu giáp đa nhân độc', 'Phẫu thuật nội soi cắt bán phần 2 thuỳ tuyến giáp trong bướu giáp đa nhân độc', ' 5,772,000', ' 5,772,000', '-', 23, 2140, '2020-12-01 00:19:24', '2020-12-01 00:19:24'),
(11639, 'Phẫu thuật nội soi cắt toàn bộ tuyến giáp trong bướu giáp đa nhân', 'Phẫu thuật nội soi cắt toàn bộ tuyến giáp trong bướu giáp đa nhân', ' 7,652,000', ' 7,652,000', '-', 23, 2140, '2020-12-01 00:19:24', '2020-12-01 00:19:24'),
(11640, 'Phẫu thuật nội soi cắt toàn bộ tuyến giáp trong bướu giáp đa nhân độc', 'Phẫu thuật nội soi cắt toàn bộ tuyến giáp trong bướu giáp đa nhân độc', ' 7,652,000', ' 7,652,000', '-', 23, 2140, '2020-12-01 00:19:24', '2020-12-01 00:19:24'),
(11641, 'Phẫu thuật nội soi cắt gần toàn bộ tuyến giáp trong bệnh basedow.', 'Phẫu thuật nội soi cắt gần toàn bộ tuyến giáp trong bệnh basedow.', ' 5,772,000', ' 5,772,000', '-', 23, 2140, '2020-12-01 00:19:24', '2020-12-01 00:19:24'),
(11642, 'Phẫu thuật nội soi cắt toàn bộ tuyến giáp trong bệnh basedow.', 'Phẫu thuật nội soi cắt toàn bộ tuyến giáp trong bệnh basedow.', ' 7,652,000', ' 7,652,000', '-', 23, 2140, '2020-12-01 00:19:24', '2020-12-01 00:19:24'),
(11643, 'Cắt bán phần 1 thuỳ tuyến giáp trong bướu giáp nhân bằng dao siêu âm', 'Cắt bán phần 1 thuỳ tuyến giáp trong bướu giáp nhân bằng dao siêu âm', ' 4,281,000', ' 4,281,000', '-', 23, 2140, '2020-12-01 00:19:24', '2020-12-01 00:19:24'),
(11644, 'Cắt 1 thuỳ tuyến giáp trong bướu giáp nhân bằng dao siêu âm', 'Cắt 1 thuỳ tuyến giáp trong bướu giáp nhân bằng dao siêu âm', ' 4,468,000', ' 4,468,000', '-', 23, 2140, '2020-12-01 00:19:24', '2020-12-01 00:19:24'),
(11645, 'Cắt bán phần 1 thuỳ tuyến giáp và lấy nhân thùy còn lại trong bướu giáp nhân bằng dao siêu âm', 'Cắt bán phần 1 thuỳ tuyến giáp và lấy nhân thùy còn lại trong bướu giáp nhân bằng dao siêu âm', ' 4,468,000', ' 4,468,000', '-', 23, 2140, '2020-12-01 00:19:24', '2020-12-01 00:19:24'),
(11646, 'Cắt 1 thuỳ tuyến giáp và lấy nhân thùy còn lại trong bướu giáp nhân bằng dao siêu âm', 'Cắt 1 thuỳ tuyến giáp và lấy nhân thùy còn lại trong bướu giáp nhân bằng dao siêu âm', ' 6,560,000', ' 6,560,000', '-', 23, 2140, '2020-12-01 00:19:24', '2020-12-01 00:19:24'),
(11647, 'Cắt toàn bộ tuyến giáp trong bướu giáp đa nhân bằng dao siêu âm', 'Cắt toàn bộ tuyến giáp trong bướu giáp đa nhân bằng dao siêu âm', ' 6,560,000', ' 6,560,000', '-', 23, 2140, '2020-12-01 00:19:24', '2020-12-01 00:19:24'),
(11648, 'Cắt toàn bộ tuyến giáp trong bướu giáp đa nhân độc bằng dao siêu âm', 'Cắt toàn bộ tuyến giáp trong bướu giáp đa nhân độc bằng dao siêu âm', ' 6,560,000', ' 6,560,000', '-', 23, 2140, '2020-12-01 00:19:24', '2020-12-01 00:19:24'),
(11649, 'Cắt gần toàn bộ tuyến giáp trong Basedow bằng dao siêu âm', 'Cắt gần toàn bộ tuyến giáp trong Basedow bằng dao siêu âm', ' 6,560,000', ' 6,560,000', '-', 23, 2140, '2020-12-01 00:19:24', '2020-12-01 00:19:24'),
(11650, 'Cắt toàn bộ tuyến giáp trong Basedow bằng dao siêu âm', 'Cắt toàn bộ tuyến giáp trong Basedow bằng dao siêu âm', ' 6,560,000', ' 6,560,000', '-', 23, 2140, '2020-12-01 00:19:24', '2020-12-01 00:19:24'),
(11651, 'Chọc dò dịch màng phổi [Ng]', 'Chọc dò dịch màng phổi [Ng]', ' 137,000', ' 137,000', '-', 23, 2140, '2020-12-01 00:19:24', '2020-12-01 00:19:24'),
(11652, 'Phẫu thuật bóc tách, cắt bỏ hạch lao to vùng nách', 'Phẫu thuật bóc tách, cắt bỏ hạch lao to vùng nách', ' 3,817,000', ' 3,817,000', '-', 23, 2140, '2020-12-01 00:19:24', '2020-12-01 00:19:24'),
(11653, 'Phẫu thuật bóc tách, cắt bỏ hạch lao to vùng cổ', 'Phẫu thuật bóc tách, cắt bỏ hạch lao to vùng cổ', ' 3,817,000', ' 3,817,000', '-', 23, 2140, '2020-12-01 00:19:24', '2020-12-01 00:19:24'),
(11654, 'Phẫu thuật nạo dò hạch lao vùng bẹn', 'Phẫu thuật nạo dò hạch lao vùng bẹn', ' 2,887,000', ' 2,887,000', '-', 23, 2140, '2020-12-01 00:19:24', '2020-12-01 00:19:24'),
(11655, 'Nạo vét hạch D1', 'Nạo vét hạch D1', ' 3,817,000', ' 3,817,000', '-', 23, 2140, '2020-12-01 00:19:24', '2020-12-01 00:19:24'),
(11656, 'Nạo vét hạch D2', 'Nạo vét hạch D2', ' 3,817,000', ' 3,817,000', '-', 23, 2140, '2020-12-01 00:19:24', '2020-12-01 00:19:24'),
(11657, 'Phẫu thuật nạo dị hạch lao vùng cổ', 'Phẫu thuật nạo dị hạch lao vùng cổ', ' 2,887,000', ' 2,887,000', '-', 23, 2140, '2020-12-01 00:19:24', '2020-12-01 00:19:24'),
(11658, 'Phẫu thuật nạo dị hạch lao vùng nách ', 'Phẫu thuật nạo dị hạch lao vùng nách ', ' 2,887,000', ' 2,887,000', '-', 23, 2140, '2020-12-01 00:19:24', '2020-12-01 00:19:24'),
(11659, 'Phẫu thuật nạo viêm lao thành ngực', 'Phẫu thuật nạo viêm lao thành ngực', ' 2,887,000', ' 2,887,000', '-', 23, 2140, '2020-12-01 00:19:24', '2020-12-01 00:19:24'),
(11660, 'Phẫu thuật lấy xương chết, nạo viêm', 'Phẫu thuật lấy xương chết, nạo viêm', ' 2,887,000', ' 2,887,000', '-', 23, 2140, '2020-12-01 00:19:24', '2020-12-01 00:19:24'),
(11661, 'Phẫu thuật dẫn lưu tối thiểu khoang màng phổi', 'Phẫu thuật dẫn lưu tối thiểu khoang màng phổi', ' 1,756,000', ' 1,756,000', '-', 23, 2140, '2020-12-01 00:19:24', '2020-12-01 00:19:24'),
(11662, 'Mở bụng thăm dò, sinh thiết', 'Mở bụng thăm dò, sinh thiết', ' 2,514,000', ' 2,514,000', '-', 23, 2140, '2020-12-01 00:19:24', '2020-12-01 00:19:24'),
(11663, 'Mở bụng thăm dò, lau rửa ổ bụng, đặt dẫn lưu', 'Mở bụng thăm dò, lau rửa ổ bụng, đặt dẫn lưu', ' 2,514,000', ' 2,514,000', '-', 23, 2140, '2020-12-01 00:19:24', '2020-12-01 00:19:24'),
(11664, 'Mở bụng thăm dò', 'Mở bụng thăm dò', ' 2,514,000', ' 2,514,000', '-', 23, 2140, '2020-12-01 00:19:24', '2020-12-01 00:19:24'),
(11665, 'Thông bàng quang', 'Thông bàng quang', ' 373,000', ' 373,000', '-', 23, 2140, '2020-12-01 00:19:24', '2020-12-01 00:19:24'),
(11666, 'Khâu vết thương thành bụng', 'Khâu vết thương thành bụng', ' 1,965,000', ' 1,965,000', '-', 23, 2140, '2020-12-01 00:19:24', '2020-12-01 00:19:24'),
(11667, 'Phẫu thuật cắt u thành bụng', 'Phẫu thuật cắt u thành bụng', ' 1,965,000', ' 1,965,000', '-', 23, 2140, '2020-12-01 00:19:24', '2020-12-01 00:19:24'),
(11668, 'Phẫu thuật khâu phục hồi thành bụng do toác vết mổ', 'Phẫu thuật khâu phục hồi thành bụng do toác vết mổ', ' 2,612,000', ' 2,612,000', '-', 23, 2140, '2020-12-01 00:19:24', '2020-12-01 00:19:24'),
(11669, 'Phẫu thuật điều trị apxe tồn dư, dẫn lưu ổ bụng', 'Phẫu thuật điều trị apxe tồn dư, dẫn lưu ổ bụng', ' 2,832,000', ' 2,832,000', '-', 23, 2140, '2020-12-01 00:19:24', '2020-12-01 00:19:24'),
(11670, 'Phẫu thuật nội soi dẫn lưu áp xe tồn dư', 'Phẫu thuật nội soi dẫn lưu áp xe tồn dư', ' 2,167,000', ' 2,167,000', '-', 23, 2140, '2020-12-01 00:19:24', '2020-12-01 00:19:24'),
(11671, 'Nội soi ổ bụng chẩn đoán', 'Nội soi ổ bụng chẩn đoán', ' 1,456,000', ' 1,456,000', '-', 23, 2140, '2020-12-01 00:19:24', '2020-12-01 00:19:24'),
(11672, 'Phẫu thuật nội soi đặt lưới nhân tạo trong ổ bụng', 'Phẫu thuật nội soi đặt lưới nhân tạo trong ổ bụng', ' 2,167,000', ' 2,167,000', '-', 23, 2140, '2020-12-01 00:19:24', '2020-12-01 00:19:24'),
(11673, 'Phẫu thuật nội soi sinh thiết hạch ổ bụng', 'Phẫu thuật nội soi sinh thiết hạch ổ bụng', ' 1,456,000', ' 1,456,000', '-', 23, 2140, '2020-12-01 00:19:24', '2020-12-01 00:19:24'),
(11674, 'Phẫu thuật nội soi sinh thiết u trong ổ bụng', 'Phẫu thuật nội soi sinh thiết u trong ổ bụng', ' 1,456,000', ' 1,456,000', '-', 23, 2140, '2020-12-01 00:19:24', '2020-12-01 00:19:24'),
(11675, 'Phẫu thuật nội soi rửa bụng, dẫn lưu', 'Phẫu thuật nội soi rửa bụng, dẫn lưu', ' 2,167,000', ' 2,167,000', '-', 23, 2140, '2020-12-01 00:19:24', '2020-12-01 00:19:24'),
(11676, 'Mở thông hỗng tràng hoặc mở thông hồi tràng', 'Mở thông hỗng tràng hoặc mở thông hồi tràng', ' 2,514,000', ' 2,514,000', '-', 23, 2140, '2020-12-01 00:19:24', '2020-12-01 00:19:24'),
(11677, 'Phẫu thuật lấy toàn bộ trĩ vòng', 'Phẫu thuật lấy toàn bộ trĩ vòng', ' 2,562,000', ' 2,562,000', '-', 23, 2140, '2020-12-01 00:19:24', '2020-12-01 00:19:24'),
(11678, 'Phẫu thuật Longo', 'Phẫu thuật Longo', ' 2,254,000', ' 2,254,000', '-', 23, 2140, '2020-12-01 00:19:24', '2020-12-01 00:19:24'),
(11679, 'Phẫu thuật khâu treo và triệt mạch trĩ (THD)', 'Phẫu thuật khâu treo và triệt mạch trĩ (THD)', ' 2,562,000', ' 2,562,000', '-', 23, 2140, '2020-12-01 00:19:24', '2020-12-01 00:19:24'),
(11680, 'Phẫu thuật cắt 1 búi trĩ', 'Phẫu thuật cắt 1 búi trĩ', ' 2,562,000', ' 2,562,000', '-', 23, 2140, '2020-12-01 00:19:24', '2020-12-01 00:19:24'),
(11681, 'Phẫu thuật cắt trĩ kinh điển (phương pháp Milligan - Morgan hoặc Ferguson)', 'Phẫu thuật cắt trĩ kinh điển (phương pháp Milligan - Morgan hoặc Ferguson)', ' 2,562,000', ' 2,562,000', '-', 23, 2140, '2020-12-01 00:19:24', '2020-12-01 00:19:24'),
(11682, 'Điều trị nứt kẽ hậu môn bằng cắt cơ tròn trong (vị trí 3 giờ và 9 giờ)', 'Điều trị nứt kẽ hậu môn bằng cắt cơ tròn trong (vị trí 3 giờ và 9 giờ)', ' 2,562,000', ' 2,562,000', '-', 23, 2140, '2020-12-01 00:19:24', '2020-12-01 00:19:24'),
(11683, 'Đóng hậu môn nhân tạo', 'Đóng hậu môn nhân tạo', ' 4,293,000', ' 4,293,000', '-', 23, 2140, '2020-12-01 00:19:24', '2020-12-01 00:19:24'),
(11684, 'Làm hậu môn nhân tạo', 'Làm hậu môn nhân tạo', ' 2,514,000', ' 2,514,000', '-', 23, 2140, '2020-12-01 00:19:24', '2020-12-01 00:19:24'),
(11685, 'Phẫu thuật điều trị áp xe hậu môn phức tạp', 'Phẫu thuật điều trị áp xe hậu môn phức tạp', ' 2,562,000', ' 2,562,000', '-', 23, 2140, '2020-12-01 00:19:24', '2020-12-01 00:19:24'),
(11686, 'Phẫu thuật điều trị rò hậu môn đơn giản', 'Phẫu thuật điều trị rò hậu môn đơn giản', ' 2,562,000', ' 2,562,000', '-', 23, 2140, '2020-12-01 00:19:24', '2020-12-01 00:19:24'),
(11687, 'Phẫu thuật rò hậu môn phức tạp hay phẫu thuật lại', 'Phẫu thuật rò hậu môn phức tạp hay phẫu thuật lại', ' 2,562,000', ' 2,562,000', '-', 23, 2140, '2020-12-01 00:19:24', '2020-12-01 00:19:24'),
(11688, 'Phẫu thuật chích, dẫn lưu áp xe cạnh hậu môn đơn giản', 'Phẫu thuật chích, dẫn lưu áp xe cạnh hậu môn đơn giản', ' 2,562,000', ' 2,562,000', '-', 23, 2140, '2020-12-01 00:19:24', '2020-12-01 00:19:24'),
(11689, 'Phẫu thuật cắt u nhú ống hậu môn (condylome)', 'Phẫu thuật cắt u nhú ống hậu môn (condylome)', ' 1,242,000', ' 1,242,000', '-', 23, 2140, '2020-12-01 00:19:25', '2020-12-01 00:19:25'),
(11690, 'Cắt u lành tính ống hậu môn (u cơ, polyp…)', 'Cắt u lành tính ống hậu môn (u cơ, polyp…)', ' 1,242,000', ' 1,242,000', '-', 23, 2140, '2020-12-01 00:19:25', '2020-12-01 00:19:25'),
(11691, 'Cắt đại tràng phải hoặc đại tràng trái nối ngay', 'Cắt đại tràng phải hoặc đại tràng trái nối ngay', ' 4,470,000', ' 4,470,000', '-', 23, 2140, '2020-12-01 00:19:25', '2020-12-01 00:19:25'),
(11692, 'Cắt đoạn đại tràng nối ngay', 'Cắt đoạn đại tràng nối ngay', ' 4,470,000', ' 4,470,000', '-', 23, 2140, '2020-12-01 00:19:25', '2020-12-01 00:19:25'),
(11693, 'Đẩy bã thức ăn xuống đại tràng', 'Đẩy bã thức ăn xuống đại tràng', ' 3,579,000', ' 3,579,000', '-', 23, 2140, '2020-12-01 00:19:25', '2020-12-01 00:19:25'),
(11694, 'Khâu lỗ thủng đại tràng', 'Khâu lỗ thủng đại tràng', ' 3,579,000', ' 3,579,000', '-', 23, 2140, '2020-12-01 00:19:25', '2020-12-01 00:19:25'),
(11695, 'Phẫu thuật nội soi khâu thủng đại tràng', 'Phẫu thuật nội soi khâu thủng đại tràng', ' 2,561,000', ' 2,561,000', '-', 23, 2140, '2020-12-01 00:19:25', '2020-12-01 00:19:25'),
(11696, 'Phẫu thuật nội soi khâu vết thương đại tràng', 'Phẫu thuật nội soi khâu vết thương đại tràng', ' 2,561,000', ' 2,561,000', '-', 23, 2140, '2020-12-01 00:19:25', '2020-12-01 00:19:25'),
(11697, 'Phẫu thuật nội soi khu vết thương đại tràng + hậu môn nhân tạo', 'Phẫu thuật nội soi khu vết thương đại tràng + hậu môn nhân tạo', ' 3,241,000', ' 3,241,000', '-', 23, 2140, '2020-12-01 00:19:25', '2020-12-01 00:19:25'),
(11698, 'Phẫu thuật nội soi cắt đoạn đại tràng', 'Phẫu thuật nội soi cắt đoạn đại tràng', ' 4,241,000', ' 4,241,000', '-', 23, 2140, '2020-12-01 00:19:25', '2020-12-01 00:19:25'),
(11699, 'Phẫu thuật nội soi cắt đoạn đại trực tràng', 'Phẫu thuật nội soi cắt đoạn đại trực tràng', ' 4,241,000', ' 4,241,000', '-', 23, 2140, '2020-12-01 00:19:25', '2020-12-01 00:19:25'),
(11700, 'Phẫu thuật nội soi cắt đại tràng ngang', 'Phẫu thuật nội soi cắt đại tràng ngang', ' 4,241,000', ' 4,241,000', '-', 23, 2140, '2020-12-01 00:19:25', '2020-12-01 00:19:25'),
(11701, 'Phẫu thuật nội soi cắt đại tràng phải', 'Phẫu thuật nội soi cắt đại tràng phải', ' 4,241,000', ' 4,241,000', '-', 23, 2140, '2020-12-01 00:19:25', '2020-12-01 00:19:25'),
(11702, 'Phẫu thuật nội soi cắt đại tràng trái', 'Phẫu thuật nội soi cắt đại tràng trái', ' 4,241,000', ' 4,241,000', '-', 23, 2140, '2020-12-01 00:19:25', '2020-12-01 00:19:25'),
(11703, 'Phẫu thuật nội soi cắt đại tràng chậu hông', 'Phẫu thuật nội soi cắt đại tràng chậu hông', ' 4,241,000', ' 4,241,000', '-', 23, 2140, '2020-12-01 00:19:25', '2020-12-01 00:19:25'),
(11704, 'Phẫu thuật nội soi cắt túi thừa đại tràng', 'Phẫu thuật nội soi cắt túi thừa đại tràng', ' 2,561,000', ' 2,561,000', '-', 23, 2140, '2020-12-01 00:19:25', '2020-12-01 00:19:25'),
(11705, 'Cắt đoạn đại tràng, đưa 2 đầu đại tràng ra ngoài', 'Cắt đoạn đại tràng, đưa 2 đầu đại tràng ra ngoài', ' 4,470,000', ' 4,470,000', '-', 23, 2140, '2020-12-01 00:19:25', '2020-12-01 00:19:25'),
(11706, 'Cắt đoạn đại tràng, đóng đầu dưới, đưa đầu trên ra ngoài ổ bụng kiểu Hartmann', 'Cắt đoạn đại tràng, đóng đầu dưới, đưa đầu trên ra ngoài ổ bụng kiểu Hartmann', ' 4,470,000', ' 4,470,000', '-', 23, 2140, '2020-12-01 00:19:25', '2020-12-01 00:19:25'),
(11707, 'Cắt đại tràng phải hoặc đại tràng trái, đưa 2 đầu ruột ra ngoài', 'Cắt đại tràng phải hoặc đại tràng trái, đưa 2 đầu ruột ra ngoài', ' 4,470,000', ' 4,470,000', '-', 23, 2140, '2020-12-01 00:19:25', '2020-12-01 00:19:25'),
(11708, 'Cắt túi thừa đại tràng', 'Cắt túi thừa đại tràng', ' 3,579,000', ' 3,579,000', '-', 23, 2140, '2020-12-01 00:19:25', '2020-12-01 00:19:25'),
(11709, 'Dẫn lưu hoặc mở thông manh tràng', 'Dẫn lưu hoặc mở thông manh tràng', ' 2,514,000', ' 2,514,000', '-', 23, 2140, '2020-12-01 00:19:25', '2020-12-01 00:19:25'),
(11710, 'Phẫu thuật nội soi tháo lồng ruột và cố định manh tràng', 'Phẫu thuật nội soi tháo lồng ruột và cố định manh tràng', ' 4,276,000', ' 4,276,000', '-', 23, 2140, '2020-12-01 00:19:25', '2020-12-01 00:19:25'),
(11711, 'Phẫu thuật nội soi cắt manh tràng', 'Phẫu thuật nội soi cắt manh tràng', ' 4,241,000', ' 4,241,000', '-', 23, 2140, '2020-12-01 00:19:25', '2020-12-01 00:19:25'),
(11712, 'Cắt manh tràng và đoạn cuối hồi tràng', 'Cắt manh tràng và đoạn cuối hồi tràng', ' 4,470,000', ' 4,470,000', '-', 23, 2140, '2020-12-01 00:19:25', '2020-12-01 00:19:25'),
(11713, 'Cắt đoạn trực tràng nối ngay', 'Cắt đoạn trực tràng nối ngay', ' 4,470,000', ' 4,470,000', '-', 23, 2140, '2020-12-01 00:19:25', '2020-12-01 00:19:25'),
(11714, 'Cắt đoạn trực tràng, đóng đầu dưới đưa đầu trên ra ngoài kiểu Hartmann', 'Cắt đoạn trực tràng, đóng đầu dưới đưa đầu trên ra ngoài kiểu Hartmann', ' 4,470,000', ' 4,470,000', '-', 23, 2140, '2020-12-01 00:19:25', '2020-12-01 00:19:25'),
(11715, 'Khâu lỗ thủng, vết thương trực tràng', 'Khâu lỗ thủng, vết thương trực tràng', ' 3,579,000', ' 3,579,000', '-', 23, 2140, '2020-12-01 00:19:25', '2020-12-01 00:19:25'),
(11716, 'Phẫu thuật nội soi khâu thủng trực tràng', 'Phẫu thuật nội soi khâu thủng trực tràng', ' 2,561,000', ' 2,561,000', '-', 23, 2140, '2020-12-01 00:19:25', '2020-12-01 00:19:25'),
(11717, 'Phẫu thuật nội soi khâu thủng trực tràng + hậu môn nhân tạo', 'Phẫu thuật nội soi khâu thủng trực tràng + hậu môn nhân tạo', ' 3,241,000', ' 3,241,000', '-', 23, 2140, '2020-12-01 00:19:25', '2020-12-01 00:19:25'),
(11718, 'Phẫu thuật nội soi khâu vết thương trực tràng', 'Phẫu thuật nội soi khâu vết thương trực tràng', ' 2,561,000', ' 2,561,000', '-', 23, 2140, '2020-12-01 00:19:25', '2020-12-01 00:19:25'),
(11719, 'Phẫu thuật nội soi khâu vết thương trực tràng + hậu môn nhân tạo trên dòng', 'Phẫu thuật nội soi khâu vết thương trực tràng + hậu môn nhân tạo trên dòng', ' 3,241,000', ' 3,241,000', '-', 23, 2140, '2020-12-01 00:19:25', '2020-12-01 00:19:25'),
(11720, 'Lấy dị vật trực tràng', 'Lấy dị vật trực tràng', ' 3,579,000', ' 3,579,000', '-', 23, 2140, '2020-12-01 00:19:25', '2020-12-01 00:19:25'),
(11721, 'Phẫu thuật nội soi cắt trực tràng, đóng mỏm cụt trực tràng, mở hậu môn nhân tạo', 'Phẫu thuật nội soi cắt trực tràng, đóng mỏm cụt trực tràng, mở hậu môn nhân tạo', ' 4,241,000', ' 4,241,000', '-', 23, 2140, '2020-12-01 00:19:25', '2020-12-01 00:19:25'),
(11722, 'Phẫu thuật nội soi cố định trực tràng', 'Phẫu thuật nội soi cố định trực tràng', ' 4,276,000', ' 4,276,000', '-', 23, 2140, '2020-12-01 00:19:25', '2020-12-01 00:19:25'),
(11723, 'Phẫu thuật nội soi mở ruột lấy dị vật', 'Phẫu thuật nội soi mở ruột lấy dị vật', ' 2,697,000', ' 2,697,000', '-', 23, 2140, '2020-12-01 00:19:25', '2020-12-01 00:19:25'),
(11724, 'Cắt ruột thừa đơn thuần', 'Cắt ruột thừa đơn thuần', ' 2,561,000', ' 2,561,000', '-', 23, 2140, '2020-12-01 00:19:25', '2020-12-01 00:19:25'),
(11725, 'Cắt ruột thừa, lau rửa ổ bụng', 'Cắt ruột thừa, lau rửa ổ bụng', ' 2,561,000', ' 2,561,000', '-', 23, 2140, '2020-12-01 00:19:25', '2020-12-01 00:19:25'),
(11726, 'Phẫu thuật nội soi cắt ruột thừa', 'Phẫu thuật nội soi cắt ruột thừa', ' 2,564,000', ' 2,564,000', '-', 23, 2140, '2020-12-01 00:19:25', '2020-12-01 00:19:25'),
(11727, 'Phẫu thuật nội soi cắt ruột thừa + rửa bụng', 'Phẫu thuật nội soi cắt ruột thừa + rửa bụng', ' 2,564,000', ' 2,564,000', '-', 23, 2140, '2020-12-01 00:19:25', '2020-12-01 00:19:25'),
(11728, 'Phẫu thuật nội soi cắt lại mỏm ruột thừa', 'Phẫu thuật nội soi cắt lại mỏm ruột thừa', ' 2,564,000', ' 2,564,000', '-', 23, 2140, '2020-12-01 00:19:25', '2020-12-01 00:19:25'),
(11729, 'Dẫn lưu áp xe ruột thừa', 'Dẫn lưu áp xe ruột thừa', ' 2,832,000', ' 2,832,000', '-', 23, 2140, '2020-12-01 00:19:25', '2020-12-01 00:19:25'),
(11730, 'Phẫu thuật nội soi viêm phúc mạc do viêm ruột thừa', 'Phẫu thuật nội soi viêm phúc mạc do viêm ruột thừa', ' 2,896,000', ' 2,896,000', '-', 23, 2140, '2020-12-01 00:19:25', '2020-12-01 00:19:25'),
(11731, 'Phẫu thuật nội soi điều trị áp xe ruột thừa trong ổ bụng', 'Phẫu thuật nội soi điều trị áp xe ruột thừa trong ổ bụng', ' 2,561,000', ' 2,561,000', '-', 23, 2140, '2020-12-01 00:19:25', '2020-12-01 00:19:25'),
(11732, 'Cắt túi thừa tá tràng', 'Cắt túi thừa tá tràng', ' 2,561,000', ' 2,561,000', '-', 23, 2140, '2020-12-01 00:19:25', '2020-12-01 00:19:25'),
(11733, 'Khâu lỗ thủng dạ dày tá tràng', 'Khâu lỗ thủng dạ dày tá tràng', ' 3,579,000', ' 3,579,000', '-', 23, 2140, '2020-12-01 00:19:25', '2020-12-01 00:19:25'),
(11734, 'Phẫu thuật nội soi khâu thủng tá tràng', 'Phẫu thuật nội soi khâu thủng tá tràng', ' 2,167,000', ' 2,167,000', '-', 23, 2140, '2020-12-01 00:19:25', '2020-12-01 00:19:25'),
(11735, 'Phẫu thuật nội soi khâu vết thương tá tràng', 'Phẫu thuật nội soi khâu vết thương tá tràng', ' 2,167,000', ' 2,167,000', '-', 23, 2140, '2020-12-01 00:19:25', '2020-12-01 00:19:25'),
(11736, 'Phẫu thuật nội soi khâu thủng dạ dày', 'Phẫu thuật nội soi khâu thủng dạ dày', ' 2,896,000', ' 2,896,000', '-', 23, 2140, '2020-12-01 00:19:25', '2020-12-01 00:19:25'),
(11737, 'Phẫu thuật nội soi khâu vết thương dạ dày', 'Phẫu thuật nội soi khâu vết thương dạ dày', ' 2,896,000', ' 2,896,000', '-', 23, 2140, '2020-12-01 00:19:25', '2020-12-01 00:19:25'),
(11738, 'Mở thông dạ dày', 'Mở thông dạ dày', ' 2,514,000', ' 2,514,000', '-', 23, 2140, '2020-12-01 00:19:25', '2020-12-01 00:19:25'),
(11739, 'Phẫu thuật nội soi mở hỗng tràng ra da', 'Phẫu thuật nội soi mở hỗng tràng ra da', ' 2,697,000', ' 2,697,000', '-', 23, 2140, '2020-12-01 00:19:25', '2020-12-01 00:19:25'),
(11740, 'Phẫu thuật nội soi mở hồi tràng ra da', 'Phẫu thuật nội soi mở hồi tràng ra da', ' 2,697,000', ' 2,697,000', '-', 23, 2140, '2020-12-01 00:19:25', '2020-12-01 00:19:25'),
(11741, 'Mở dạ dày xử lý tổn thương', 'Mở dạ dày xử lý tổn thương', ' 3,579,000', ' 3,579,000', '-', 23, 2140, '2020-12-01 00:19:25', '2020-12-01 00:19:25'),
(11742, 'Cắt đoạn dạ dày', 'Cắt đoạn dạ dày', ' 7,266,000', ' 7,266,000', '-', 23, 2140, '2020-12-01 00:19:25', '2020-12-01 00:19:25'),
(11743, 'Cắt đoạn dạ dày và mạc nối lớn', 'Cắt đoạn dạ dày và mạc nối lớn', ' 7,266,000', ' 7,266,000', '-', 23, 2140, '2020-12-01 00:19:25', '2020-12-01 00:19:25'),
(11744, 'Cắt dạ dày hình chêm', 'Cắt dạ dày hình chêm', ' 3,579,000', ' 3,579,000', '-', 23, 2140, '2020-12-01 00:19:25', '2020-12-01 00:19:25'),
(11745, 'Khâu cầm máu ổ loét dạ dày', 'Khâu cầm máu ổ loét dạ dày', ' 3,579,000', ' 3,579,000', '-', 23, 2140, '2020-12-01 00:19:25', '2020-12-01 00:19:25'),
(11746, 'Cắt bỏ u mạc nối lớn', 'Cắt bỏ u mạc nối lớn', ' 4,670,000', ' 4,670,000', '-', 23, 2140, '2020-12-01 00:19:25', '2020-12-01 00:19:25'),
(11747, 'Khâu lại da vết phẫu thuật sau nhiễm khuẩn', 'Khâu lại da vết phẫu thuật sau nhiễm khuẩn', ' 257,000', ' 257,000', '-', 23, 2140, '2020-12-01 00:19:25', '2020-12-01 00:19:25'),
(11748, 'Tháo lồng ruột non', 'Tháo lồng ruột non', ' 2,498,000', ' 2,498,000', '-', 23, 2140, '2020-12-01 00:19:25', '2020-12-01 00:19:25'),
(11749, 'Tháo xoắn ruột non', 'Tháo xoắn ruột non', ' 2,498,000', ' 2,498,000', '-', 23, 2140, '2020-12-01 00:19:25', '2020-12-01 00:19:25'),
(11750, 'Đóng mở thông ruột non', 'Đóng mở thông ruột non', ' 3,579,000', ' 3,579,000', '-', 23, 2140, '2020-12-01 00:19:25', '2020-12-01 00:19:25'),
(11751, 'Cắt u mạc treo ruột', 'Cắt u mạc treo ruột', ' 4,670,000', ' 4,670,000', '-', 23, 2140, '2020-12-01 00:19:25', '2020-12-01 00:19:25'),
(11752, 'Phẫu thuật nội soi cắt u mạc treo ruột, không cắt ruột', 'Phẫu thuật nội soi cắt u mạc treo ruột, không cắt ruột', ' 3,680,000', ' 3,680,000', '-', 23, 2140, '2020-12-01 00:19:25', '2020-12-01 00:19:25'),
(11753, 'Phẫu thuật nội soi cắt u mạc treo ruột + cắt đoạn ruột non', 'Phẫu thuật nội soi cắt u mạc treo ruột + cắt đoạn ruột non', ' 4,241,000', ' 4,241,000', '-', 23, 2140, '2020-12-01 00:19:25', '2020-12-01 00:19:25'),
(11754, 'Phẫu thuật nội soi cắt nang mạc treo ruột', 'Phẫu thuật nội soi cắt nang mạc treo ruột', ' 3,680,000', ' 3,680,000', '-', 23, 2140, '2020-12-01 00:19:25', '2020-12-01 00:19:25'),
(11755, 'Phẫu thuật nội soi khu mạc treo', 'Phẫu thuật nội soi khu mạc treo', ' 2,167,000', ' 2,167,000', '-', 23, 2140, '2020-12-01 00:19:25', '2020-12-01 00:19:25'),
(11756, 'Cắt đoạn ruột non, lập lại lưu thông', 'Cắt đoạn ruột non, lập lại lưu thông', ' 4,629,000', ' 4,629,000', '-', 23, 2140, '2020-12-01 00:19:25', '2020-12-01 00:19:25'),
(11757, 'Cắt đoạn ruột non, đưa hai đầu ruột ra ngoài', 'Cắt đoạn ruột non, đưa hai đầu ruột ra ngoài', ' 4,629,000', ' 4,629,000', '-', 23, 2140, '2020-12-01 00:19:25', '2020-12-01 00:19:25');
INSERT INTO `db_chidinh` (`id`, `name`, `slug`, `price_bhyt`, `price_dichvu`, `price_dichvutyc`, `group_id`, `category_id`, `created_at`, `updated_at`) VALUES
(11758, 'Cắt đoạn ruột non, nối tận bên, đưa 1 đầu ra ngoài (Quénue)', 'Cắt đoạn ruột non, nối tận bên, đưa 1 đầu ra ngoài (Quénue)', ' 4,629,000', ' 4,629,000', '-', 23, 2140, '2020-12-01 00:19:25', '2020-12-01 00:19:25'),
(11759, 'Nối tắt ruột non - đại tràng hoặc trực tràng', 'Nối tắt ruột non - đại tràng hoặc trực tràng', ' 4,293,000', ' 4,293,000', '-', 23, 2140, '2020-12-01 00:19:25', '2020-12-01 00:19:25'),
(11760, 'Nối tắt ruột non - đại trng hoặc trực trng', 'Nối tắt ruột non - đại trng hoặc trực trng', ' 4,293,000', ' 4,293,000', '-', 23, 2140, '2020-12-01 00:19:25', '2020-12-01 00:19:25'),
(11761, 'Phẫu thuật nội soi nối tắt ruột non - ruột non', 'Phẫu thuật nội soi nối tắt ruột non - ruột non', ' 4,241,000', ' 4,241,000', '-', 23, 2140, '2020-12-01 00:19:25', '2020-12-01 00:19:25'),
(11762, 'Phẫu thuật nội soi gỡ dính ruột', 'Phẫu thuật nội soi gỡ dính ruột', ' 2,498,000', ' 2,498,000', '-', 23, 2140, '2020-12-01 00:19:25', '2020-12-01 00:19:25'),
(11763, 'Cắt nhiều đoạn ruột non', 'Cắt nhiều đoạn ruột non', ' 4,629,000', ' 4,629,000', '-', 23, 2140, '2020-12-01 00:19:25', '2020-12-01 00:19:25'),
(11764, 'Cắt ruột non hình chêm', 'Cắt ruột non hình chêm', ' 3,579,000', ' 3,579,000', '-', 23, 2140, '2020-12-01 00:19:25', '2020-12-01 00:19:25'),
(11765, 'Khâu lỗ thủng hoặc khâu vết thương ruột non', 'Khâu lỗ thủng hoặc khâu vết thương ruột non', ' 3,579,000', ' 3,579,000', '-', 23, 2140, '2020-12-01 00:19:25', '2020-12-01 00:19:25'),
(11766, 'Phẫu thuật nội soi khâu vết thương ruột non', 'Phẫu thuật nội soi khâu vết thương ruột non', ' 2,167,000', ' 2,167,000', '-', 23, 2140, '2020-12-01 00:19:25', '2020-12-01 00:19:25'),
(11767, 'Phẫu thuật nội soi cắt đoạn ruột non', 'Phẫu thuật nội soi cắt đoạn ruột non', ' 4,241,000', ' 4,241,000', '-', 23, 2140, '2020-12-01 00:19:25', '2020-12-01 00:19:25'),
(11768, 'Phẫu thuật nội soi khâu thủng ruột non', 'Phẫu thuật nội soi khâu thủng ruột non', ' 2,664,000', ' 2,664,000', '-', 23, 2140, '2020-12-01 00:19:25', '2020-12-01 00:19:25'),
(11769, 'Mở ruột non lấy dị vật (bã thức ăn, giun, mảnh kim loại,…)', 'Mở ruột non lấy dị vật (bã thức ăn, giun, mảnh kim loại,…)', ' 3,579,000', ' 3,579,000', '-', 23, 2140, '2020-12-01 00:19:25', '2020-12-01 00:19:25'),
(11770, 'Cắt dây chằng, gỡ dính ruột', 'Cắt dây chằng, gỡ dính ruột', ' 2,498,000', ' 2,498,000', '-', 23, 2140, '2020-12-01 00:19:25', '2020-12-01 00:19:25'),
(11771, 'Gỡ dính sau mổ lại', 'Gỡ dính sau mổ lại', ' 2,498,000', ' 2,498,000', '-', 23, 2140, '2020-12-01 00:19:25', '2020-12-01 00:19:25'),
(11772, 'Phẫu thuật nội soi cắt dây dính hay dây chằng', 'Phẫu thuật nội soi cắt dây dính hay dây chằng', ' 2,498,000', ' 2,498,000', '-', 23, 2140, '2020-12-01 00:19:25', '2020-12-01 00:19:25'),
(11773, 'Nối vị tràng', 'Nối vị tràng', ' 2,664,000', ' 2,664,000', '-', 23, 2140, '2020-12-01 00:19:25', '2020-12-01 00:19:25'),
(11774, 'Phẫu thuật điều trị thoát vị vết mổ thành bụng', 'Phẫu thuật điều trị thoát vị vết mổ thành bụng', ' 3,258,000', ' 3,258,000', '-', 23, 2140, '2020-12-01 00:19:25', '2020-12-01 00:19:25'),
(11775, 'Phẫu thuật điều trị thốt vị bẹn 2 bên', 'Phẫu thuật điều trị thốt vị bẹn 2 bên', ' 3,258,000', ' 3,258,000', '-', 23, 2140, '2020-12-01 00:19:25', '2020-12-01 00:19:25'),
(11776, 'Phẫu thuật điều trị thoát vị bẹn bằng phương pháp Lichtenstein', 'Phẫu thuật điều trị thoát vị bẹn bằng phương pháp Lichtenstein', ' 3,258,000', ' 3,258,000', '-', 23, 2140, '2020-12-01 00:19:25', '2020-12-01 00:19:25'),
(11777, 'Phẫu thuật điều trị thoát vị bẹn bằng phương pháp Bassini', 'Phẫu thuật điều trị thoát vị bẹn bằng phương pháp Bassini', ' 3,258,000', ' 3,258,000', '-', 23, 2140, '2020-12-01 00:19:25', '2020-12-01 00:19:25'),
(11778, 'Phẫu thuật điều trị thoát vị bẹn bằng phương pháp Shouldice', 'Phẫu thuật điều trị thoát vị bẹn bằng phương pháp Shouldice', ' 3,258,000', ' 3,258,000', '-', 23, 2140, '2020-12-01 00:19:25', '2020-12-01 00:19:25'),
(11779, 'Phẫu thuật điều trị thoát vị đùi', 'Phẫu thuật điều trị thoát vị đùi', ' 3,258,000', ' 3,258,000', '-', 23, 2140, '2020-12-01 00:19:25', '2020-12-01 00:19:25'),
(11780, 'Phẫu thuật điều trị thoát vị bẹn tái phát', 'Phẫu thuật điều trị thoát vị bẹn tái phát', ' 3,258,000', ' 3,258,000', '-', 23, 2140, '2020-12-01 00:19:25', '2020-12-01 00:19:25'),
(11781, 'Phẫu thuật điều trị thoát vị thành bụng khác', 'Phẫu thuật điều trị thoát vị thành bụng khác', ' 3,258,000', ' 3,258,000', '-', 23, 2140, '2020-12-01 00:19:25', '2020-12-01 00:19:25'),
(11782, 'Phẫu thuật điều trị thoát vị cơ hoành', 'Phẫu thuật điều trị thoát vị cơ hoành', ' 2,851,000', ' 2,851,000', '-', 23, 2140, '2020-12-01 00:19:25', '2020-12-01 00:19:25'),
(11783, 'Phẫu thuật điều trị thoát vị khe hoành', 'Phẫu thuật điều trị thoát vị khe hoành', ' 2,851,000', ' 2,851,000', '-', 23, 2140, '2020-12-01 00:19:25', '2020-12-01 00:19:25'),
(11784, 'Phẫu thuật khâu lỗ thủng cơ hồnh do vết thương', 'Phẫu thuật khâu lỗ thủng cơ hồnh do vết thương', ' 2,851,000', ' 2,851,000', '-', 23, 2140, '2020-12-01 00:19:25', '2020-12-01 00:19:25'),
(11785, 'Phẫu thuật khâu vỡ cơ hoành', 'Phẫu thuật khâu vỡ cơ hoành', ' 2,851,000', ' 2,851,000', '-', 23, 2140, '2020-12-01 00:19:25', '2020-12-01 00:19:25'),
(11786, 'Phẫu thuật nội soi khâu cơ hành', 'Phẫu thuật nội soi khâu cơ hành', ' 2,167,000', ' 2,167,000', '-', 23, 2140, '2020-12-01 00:19:25', '2020-12-01 00:19:25'),
(11787, 'Phẫu thuật nội soi khâu thủng cơ hoành', 'Phẫu thuật nội soi khâu thủng cơ hoành', ' 2,167,000', ' 2,167,000', '-', 23, 2140, '2020-12-01 00:19:25', '2020-12-01 00:19:25'),
(11788, 'Phẫu thuật rò, nang ống rốn tràng, niệu rốn', 'Phẫu thuật rò, nang ống rốn tràng, niệu rốn', ' 1,965,000', ' 1,965,000', '-', 23, 2140, '2020-12-01 00:19:25', '2020-12-01 00:19:25'),
(11789, 'Phẫu thuật nội soi cắt túi thừa Meckel', 'Phẫu thuật nội soi cắt túi thừa Meckel', ' 4,241,000', ' 4,241,000', '-', 23, 2140, '2020-12-01 00:19:25', '2020-12-01 00:19:25'),
(11790, 'Cắt chỏm nang gan', 'Cắt chỏm nang gan', ' 2,851,000', ' 2,851,000', '-', 23, 2140, '2020-12-01 00:19:25', '2020-12-01 00:19:25'),
(11791, 'Cắt thuỳ gan trái', 'Cắt thuỳ gan trái', ' 8,133,000', ' 8,133,000', '-', 23, 2140, '2020-12-01 00:19:25', '2020-12-01 00:19:25'),
(11792, 'Cắt hạ phân thuỳ 2', 'Cắt hạ phân thuỳ 2', ' 8,133,000', ' 8,133,000', '-', 23, 2140, '2020-12-01 00:19:25', '2020-12-01 00:19:25'),
(11793, 'Cắt hạ phân thuỳ 3', 'Cắt hạ phân thuỳ 3', ' 8,133,000', ' 8,133,000', '-', 23, 2140, '2020-12-01 00:19:25', '2020-12-01 00:19:25'),
(11794, 'Cắt hạ phân thuỳ 6', 'Cắt hạ phân thuỳ 6', ' 8,133,000', ' 8,133,000', '-', 23, 2140, '2020-12-01 00:19:25', '2020-12-01 00:19:25'),
(11795, 'Cắt hạ phân thuỳ 7', 'Cắt hạ phân thuỳ 7', ' 8,133,000', ' 8,133,000', '-', 23, 2140, '2020-12-01 00:19:25', '2020-12-01 00:19:25'),
(11796, 'Cắt gan nhỏ', 'Cắt gan nhỏ', ' 8,133,000', ' 8,133,000', '-', 23, 2140, '2020-12-01 00:19:25', '2020-12-01 00:19:25'),
(11797, 'Thắt động mạch gan (riêng, phải, trái)', 'Thắt động mạch gan (riêng, phải, trái)', ' 2,851,000', ' 2,851,000', '-', 23, 2140, '2020-12-01 00:19:25', '2020-12-01 00:19:25'),
(11798, 'Lấy bỏ u gan', 'Lấy bỏ u gan', ' 8,133,000', ' 8,133,000', '-', 23, 2140, '2020-12-01 00:19:25', '2020-12-01 00:19:25'),
(11799, 'Cắt lọc nhu mô gan', 'Cắt lọc nhu mô gan', ' 8,133,000', ' 8,133,000', '-', 23, 2140, '2020-12-01 00:19:25', '2020-12-01 00:19:25'),
(11800, 'Dẫn lưu áp xe gan', 'Dẫn lưu áp xe gan', ' 2,832,000', ' 2,832,000', '-', 23, 2140, '2020-12-01 00:19:25', '2020-12-01 00:19:25'),
(11801, 'Dẫn lưu áp xe tồn dư sau mổ gan', 'Dẫn lưu áp xe tồn dư sau mổ gan', ' 2,832,000', ' 2,832,000', '-', 23, 2140, '2020-12-01 00:19:25', '2020-12-01 00:19:25'),
(11802, 'Cầm máu nhu mô gan', 'Cầm máu nhu mô gan', ' 5,273,000', ' 5,273,000', '-', 23, 2140, '2020-12-01 00:19:25', '2020-12-01 00:19:25'),
(11803, 'Chèn gạc nhu mô gan cầm máu', 'Chèn gạc nhu mô gan cầm máu', ' 5,273,000', ' 5,273,000', '-', 23, 2140, '2020-12-01 00:19:25', '2020-12-01 00:19:25'),
(11804, 'Lấy máu tụ bao gan', 'Lấy máu tụ bao gan', ' 5,273,000', ' 5,273,000', '-', 23, 2140, '2020-12-01 00:19:25', '2020-12-01 00:19:25'),
(11805, 'Phẫu thuật nội soi cắt chỏm nang gan', 'Phẫu thuật nội soi cắt chỏm nang gan', ' 2,167,000', ' 2,167,000', '-', 23, 2140, '2020-12-01 00:19:25', '2020-12-01 00:19:25'),
(11806, 'Phẫu thuật nội soi dẫn lưu áp - xe gan', 'Phẫu thuật nội soi dẫn lưu áp - xe gan', ' 2,167,000', ' 2,167,000', '-', 23, 2140, '2020-12-01 00:19:25', '2020-12-01 00:19:25'),
(11807, 'Cắt túi mật', 'Cắt túi mật', ' 4,523,000', ' 4,523,000', '-', 23, 2140, '2020-12-01 00:19:25', '2020-12-01 00:19:25'),
(11808, 'Phẫu thuật nội soi cắt túi mật', 'Phẫu thuật nội soi cắt túi mật', ' 3,093,000', ' 3,093,000', '-', 23, 2140, '2020-12-01 00:19:25', '2020-12-01 00:19:25'),
(11809, 'Mở ống mật chủ lấy sỏi đường mật, dẫn lưu đường mật', 'Mở ống mật chủ lấy sỏi đường mật, dẫn lưu đường mật', ' 4,499,000', ' 4,499,000', '-', 23, 2140, '2020-12-01 00:19:25', '2020-12-01 00:19:25'),
(11810, 'Mở thông túi mật', 'Mở thông túi mật', ' 1,965,000', ' 1,965,000', '-', 23, 2140, '2020-12-01 00:19:25', '2020-12-01 00:19:25'),
(11811, 'Nối mật ruột bên - bên', 'Nối mật ruột bên - bên', ' 4,399,000', ' 4,399,000', '-', 23, 2140, '2020-12-01 00:19:25', '2020-12-01 00:19:25'),
(11812, 'Nối mật ruột tận - bên', 'Nối mật ruột tận - bên', ' 4,399,000', ' 4,399,000', '-', 23, 2140, '2020-12-01 00:19:25', '2020-12-01 00:19:25'),
(11813, 'Phẫu thuật nội soi mở ống mật chủ lấy sỏi', 'Phẫu thuật nội soi mở ống mật chủ lấy sỏi', ' 3,093,000', ' 3,093,000', '-', 23, 2140, '2020-12-01 00:19:25', '2020-12-01 00:19:25'),
(11814, 'Phẫu thuật nội soi mở ống mật chủ lấy sỏi + cắt túi mật', 'Phẫu thuật nội soi mở ống mật chủ lấy sỏi + cắt túi mật', ' 3,816,000', ' 3,816,000', '-', 23, 2140, '2020-12-01 00:19:25', '2020-12-01 00:19:25'),
(11815, 'Phẫu thuật nội soi mở túi mật ra da', 'Phẫu thuật nội soi mở túi mật ra da', ' 2,167,000', ' 2,167,000', '-', 23, 2140, '2020-12-01 00:19:25', '2020-12-01 00:19:25'),
(11816, 'Phẫu thuật nội soi nối túi mật - hỗng tràng', 'Phẫu thuật nội soi nối túi mật - hỗng tràng', ' 3,093,000', ' 3,093,000', '-', 23, 2140, '2020-12-01 00:19:25', '2020-12-01 00:19:25'),
(11817, 'Phẫu thuật nội soi lấy sỏi OMC có dẫn lưu Kehr', 'Phẫu thuật nội soi lấy sỏi OMC có dẫn lưu Kehr', ' 3,316,000', ' 3,316,000', '-', 23, 2140, '2020-12-01 00:19:25', '2020-12-01 00:19:25'),
(11818, 'Khâu vết thương tụy và dẫn lưu', 'Khâu vết thương tụy và dẫn lưu', ' 4,485,000', ' 4,485,000', '-', 23, 2140, '2020-12-01 00:19:25', '2020-12-01 00:19:25'),
(11819, 'Cắt bỏ nang tụy', 'Cắt bỏ nang tụy', ' 4,485,000', ' 4,485,000', '-', 23, 2140, '2020-12-01 00:19:25', '2020-12-01 00:19:25'),
(11820, 'Cắt đuôi tụy bảo tồn lách', 'Cắt đuôi tụy bảo tồn lách', ' 4,485,000', ' 4,485,000', '-', 23, 2140, '2020-12-01 00:19:25', '2020-12-01 00:19:25'),
(11821, 'Lấy tổ chức tụy hoại tử, dẫn lưu', 'Lấy tổ chức tụy hoại tử, dẫn lưu', ' 2,664,000', ' 2,664,000', '-', 23, 2140, '2020-12-01 00:19:25', '2020-12-01 00:19:25'),
(11822, 'Nối nang tụy với dạ dày', 'Nối nang tụy với dạ dày', ' 2,664,000', ' 2,664,000', '-', 23, 2140, '2020-12-01 00:19:25', '2020-12-01 00:19:25'),
(11823, 'Nối nang tụy với hỗng tràng', 'Nối nang tụy với hỗng tràng', ' 2,664,000', ' 2,664,000', '-', 23, 2140, '2020-12-01 00:19:25', '2020-12-01 00:19:25'),
(11824, 'Nối tụy ruột', 'Nối tụy ruột', ' 4,399,000', ' 4,399,000', '-', 23, 2140, '2020-12-01 00:19:25', '2020-12-01 00:19:25'),
(11825, 'Cắt thân đuôi tụy kèm cắt lách', 'Cắt thân đuôi tụy kèm cắt lách', ' 4,485,000', ' 4,485,000', '-', 23, 2140, '2020-12-01 00:19:25', '2020-12-01 00:19:25'),
(11826, 'Cắt lách bệnh lý', 'Cắt lách bệnh lý', ' 4,472,000', ' 4,472,000', '-', 23, 2140, '2020-12-01 00:19:25', '2020-12-01 00:19:25'),
(11827, 'Cắt lách do chấn thương', 'Cắt lách do chấn thương', ' 4,472,000', ' 4,472,000', '-', 23, 2140, '2020-12-01 00:19:25', '2020-12-01 00:19:25'),
(11828, 'Cắt lách bán phần', 'Cắt lách bán phần', ' 4,472,000', ' 4,472,000', '-', 23, 2140, '2020-12-01 00:19:25', '2020-12-01 00:19:25'),
(11829, 'Khâu vết thương lách', 'Khâu vết thương lách', ' 2,851,000', ' 2,851,000', '-', 23, 2140, '2020-12-01 00:19:25', '2020-12-01 00:19:25'),
(11830, 'Rửa bàng quang [NG]', 'Rửa bàng quang [NG]', ' 198,000', ' 198,000', '-', 23, 2140, '2020-12-01 00:19:25', '2020-12-01 00:19:25'),
(11831, 'Thay ống thông dẫn lưu thận, bàng quang', 'Thay ống thông dẫn lưu thận, bàng quang', ' 300,000', ' 300,000', '-', 23, 2140, '2020-12-01 00:19:25', '2020-12-01 00:19:25'),
(11832, 'Phẫu thuật cấp cứu vỡ bàng quang', 'Phẫu thuật cấp cứu vỡ bàng quang', ' 4,151,000', ' 4,151,000', '-', 23, 2140, '2020-12-01 00:19:25', '2020-12-01 00:19:25'),
(11833, 'Lấy sỏi bàng quang', 'Lấy sỏi bàng quang', ' 4,098,000', ' 4,098,000', '-', 23, 2140, '2020-12-01 00:19:25', '2020-12-01 00:19:25'),
(11834, 'Phẫu thuật cắt túi thừa bàng quang', 'Phẫu thuật cắt túi thừa bàng quang', ' 5,434,000', ' 5,434,000', '-', 23, 2140, '2020-12-01 00:19:25', '2020-12-01 00:19:25'),
(11835, 'Dẫn lưu bàng quang bằng chọc trôca', 'Dẫn lưu bàng quang bằng chọc trôca', ' 979,000', ' 979,000', '-', 23, 2140, '2020-12-01 00:19:25', '2020-12-01 00:19:25'),
(11836, 'Dẫn lưu nước tiểu bàng quang', 'Dẫn lưu nước tiểu bàng quang', ' 1,751,000', ' 1,751,000', '-', 23, 2140, '2020-12-01 00:19:25', '2020-12-01 00:19:25'),
(11837, 'Dẫn lưu bàng quang đơn thuần', 'Dẫn lưu bàng quang đơn thuần', ' 1,242,000', ' 1,242,000', '-', 23, 2140, '2020-12-01 00:19:25', '2020-12-01 00:19:25'),
(11838, 'Cắt u ống niệu rốn và một phần bàng quang', 'Cắt u ống niệu rốn và một phần bàng quang', ' 5,434,000', ' 5,434,000', '-', 23, 2140, '2020-12-01 00:19:25', '2020-12-01 00:19:25'),
(11839, 'Cắt bỏ tinh hoàn', 'Cắt bỏ tinh hoàn', ' 2,321,000', ' 2,321,000', '-', 23, 2140, '2020-12-01 00:19:25', '2020-12-01 00:19:25'),
(11840, 'Cắt dương vật khơng vét hạch, cắt một nửa dương vật', 'Cắt dương vật khơng vét hạch, cắt một nửa dương vật', ' 1,965,000', ' 1,965,000', '-', 23, 2140, '2020-12-01 00:19:25', '2020-12-01 00:19:25'),
(11841, 'Cắt hẹp bao quy đầu', 'Cắt hẹp bao quy đầu', ' 1,242,000', ' 1,242,000', '-', 23, 2140, '2020-12-01 00:19:25', '2020-12-01 00:19:25'),
(11842, 'Cắt bỏ bao da qui đầu do dính hoặ dài', 'Cắt bỏ bao da qui đầu do dính hoặ dài', ' 1,242,000', ' 1,242,000', '-', 23, 2140, '2020-12-01 00:19:25', '2020-12-01 00:19:25'),
(11843, 'Cắt nang thừng tinh hai bên', 'Cắt nang thừng tinh hai bên', ' 2,754,000', ' 2,754,000', '-', 23, 2140, '2020-12-01 00:19:25', '2020-12-01 00:19:25'),
(11844, 'Cắt nang thừng tinh một bên', 'Cắt nang thừng tinh một bên', ' 1,784,000', ' 1,784,000', '-', 23, 2140, '2020-12-01 00:19:25', '2020-12-01 00:19:25'),
(11845, 'Cắt bỏ tinh hoàn lạc chỗ', 'Cắt bỏ tinh hoàn lạc chỗ', ' 2,321,000', ' 2,321,000', '-', 23, 2140, '2020-12-01 00:19:25', '2020-12-01 00:19:25'),
(11846, 'Thắt tĩnh mạch tinh trên bụng', 'Thắt tĩnh mạch tinh trên bụng', ' 1,242,000', ' 1,242,000', '-', 23, 2140, '2020-12-01 00:19:25', '2020-12-01 00:19:25'),
(11847, 'Cắt u lành dương vật ', 'Cắt u lành dương vật ', ' 1,965,000', ' 1,965,000', '-', 23, 2140, '2020-12-01 00:19:25', '2020-12-01 00:19:25'),
(11848, 'Cắt u sùi đầu miệng sáo', 'Cắt u sùi đầu miệng sáo', ' 1,206,000', ' 1,206,000', '-', 23, 2140, '2020-12-01 00:19:25', '2020-12-01 00:19:25'),
(11849, 'Phẫu thuật tái tạo miệng sáo do hẹp miệng sáo', 'Phẫu thuật tái tạo miệng sáo do hẹp miệng sáo', ' 1,242,000', ' 1,242,000', '-', 23, 2140, '2020-12-01 00:19:25', '2020-12-01 00:19:25'),
(11850, 'Phẫu thuật tràn dịch màng tinh hoàn', 'Phẫu thuật tràn dịch màng tinh hoàn', ' 1,242,000', ' 1,242,000', '-', 23, 2140, '2020-12-01 00:19:25', '2020-12-01 00:19:25'),
(11851, 'Phẫu thuật xoắn, vỡ tinh hoàn', 'Phẫu thuật xoắn, vỡ tinh hoàn', ' 2,321,000', ' 2,321,000', '-', 23, 2140, '2020-12-01 00:19:25', '2020-12-01 00:19:25'),
(11852, 'Hạ tinh hoàn ẩn, tinh hoàn lạc chổ', 'Hạ tinh hoàn ẩn, tinh hoàn lạc chổ', ' 2,321,000', ' 2,321,000', '-', 23, 2140, '2020-12-01 00:19:25', '2020-12-01 00:19:25'),
(11853, 'Phẫu thuật vỡ vật hang do gẫy dương vật', 'Phẫu thuật vỡ vật hang do gẫy dương vật', ' 1,242,000', ' 1,242,000', '-', 23, 2140, '2020-12-01 00:19:25', '2020-12-01 00:19:25'),
(11854, 'Nong da bao qui đầu', 'Nong da bao qui đầu', '-', ' 300,000', '-', 23, 2140, '2020-12-01 00:19:25', '2020-12-01 00:19:25'),
(11855, 'Phẫu thuật nội soi u nang buồng trứng', 'Phẫu thuật nội soi u nang buồng trứng', ' 5,071,000', ' 5,071,000', '-', 23, 2140, '2020-12-01 00:19:25', '2020-12-01 00:19:25'),
(11856, 'Dẫn lưu áp xe khoang Retzius', 'Dẫn lưu áp xe khoang Retzius', ' 1,751,000', ' 1,751,000', '-', 23, 2140, '2020-12-01 00:19:25', '2020-12-01 00:19:25'),
(11857, 'Dẫn lưu viêm tấy quanh thận, áp xe thận', 'Dẫn lưu viêm tấy quanh thận, áp xe thận', ' 1,751,000', ' 1,751,000', '-', 23, 2140, '2020-12-01 00:19:25', '2020-12-01 00:19:25'),
(11858, 'Lấy sỏi niệu quản đơn thuần', 'Lấy sỏi niệu quản đơn thuần', ' 4,098,000', ' 4,098,000', '-', 23, 2140, '2020-12-01 00:19:25', '2020-12-01 00:19:25'),
(11859, 'Phẫu thuật nội soi sau phúc mạc lấy sỏi niệu quản', 'Phẫu thuật nội soi sau phúc mạc lấy sỏi niệu quản', ' 4,027,000', ' 4,027,000', '-', 23, 2140, '2020-12-01 00:19:25', '2020-12-01 00:19:25'),
(11860, 'Phẫu thuật cắt lọc, xử lý vết thương tầng sinh môn đơn giản ', 'Phẫu thuật cắt lọc, xử lý vết thương tầng sinh môn đơn giản ', ' 4,616,000', ' 4,616,000', '-', 23, 2140, '2020-12-01 00:19:25', '2020-12-01 00:19:25'),
(11861, 'Phẫu thuật cắt lọc, xử lý vết thương tầng sinh môn phức tạp', 'Phẫu thuật cắt lọc, xử lý vết thương tầng sinh môn phức tạp', ' 4,616,000', ' 4,616,000', '-', 23, 2140, '2020-12-01 00:19:25', '2020-12-01 00:19:25'),
(11862, 'Nắn, bó bột trật khớp khuỷu', 'Nắn, bó bột trật khớp khuỷu', ' 399,000', ' 399,000', '-', 23, 2140, '2020-12-01 00:19:25', '2020-12-01 00:19:25'),
(11863, 'Nắn, bó bột bong sụn tiếp khớp khuỷu, khớp cổ tay', 'Nắn, bó bột bong sụn tiếp khớp khuỷu, khớp cổ tay', ' 399,000', ' 399,000', '-', 23, 2140, '2020-12-01 00:19:25', '2020-12-01 00:19:25'),
(11864, 'Nắn, bó bột trật khớp vai ', 'Nắn, bó bột trật khớp vai ', ' 319,000', ' 319,000', '-', 23, 2140, '2020-12-01 00:19:25', '2020-12-01 00:19:25'),
(11865, 'Nắn, bó bột trật khớp gối', 'Nắn, bó bột trật khớp gối', ' 259,000', ' 259,000', '-', 23, 2140, '2020-12-01 00:19:25', '2020-12-01 00:19:25'),
(11866, 'Nắn, bó bột trật khớp cổ chân', 'Nắn, bó bột trật khớp cổ chân', ' 259,000', ' 259,000', '-', 23, 2140, '2020-12-01 00:19:25', '2020-12-01 00:19:25'),
(11867, 'Nắn, bó bột trật khớp háng', 'Nắn, bó bột trật khớp háng', ' 714,000', ' 714,000', '-', 23, 2140, '2020-12-01 00:19:25', '2020-12-01 00:19:25'),
(11868, 'Nắn, bó bột gãy 1/3 trên xương đùi', 'Nắn, bó bột gãy 1/3 trên xương đùi', ' 624,000', ' 624,000', '-', 23, 2140, '2020-12-01 00:19:25', '2020-12-01 00:19:25'),
(11869, 'Nắn, bó bột gãy 1/3 dưới xương đùi', 'Nắn, bó bột gãy 1/3 dưới xương đùi', ' 624,000', ' 624,000', '-', 23, 2140, '2020-12-01 00:19:25', '2020-12-01 00:19:25'),
(11870, 'Nắn, bó bột gãy lồi cầu xương đùi', 'Nắn, bó bột gãy lồi cầu xương đùi', ' 624,000', ' 624,000', '-', 23, 2140, '2020-12-01 00:19:25', '2020-12-01 00:19:25'),
(11871, 'Nắn, bó bột gãy xương chậu', 'Nắn, bó bột gãy xương chậu', '-', ' 624,000', '-', 23, 2140, '2020-12-01 00:19:25', '2020-12-01 00:19:25'),
(11872, 'Nắn, bó bột cột sống', 'Nắn, bó bột cột sống', '-', ' 624,000', '-', 23, 2140, '2020-12-01 00:19:25', '2020-12-01 00:19:25'),
(11873, 'Nắn, bó bột gãy 1/3 trên hai xương cẳng chân', 'Nắn, bó bột gãy 1/3 trên hai xương cẳng chân', ' 335,000', ' 335,000', '-', 23, 2140, '2020-12-01 00:19:25', '2020-12-01 00:19:25'),
(11874, 'Nắn, bó bột gãy 1/3 giữa hai xương cẳng chân', 'Nắn, bó bột gãy 1/3 giữa hai xương cẳng chân', ' 335,000', ' 335,000', '-', 23, 2140, '2020-12-01 00:19:25', '2020-12-01 00:19:25'),
(11875, 'Nắn, bó bột gãy 1/3 dưới hai xương cẳng chân', 'Nắn, bó bột gãy 1/3 dưới hai xương cẳng chân', ' 335,000', ' 335,000', '-', 23, 2140, '2020-12-01 00:19:25', '2020-12-01 00:19:25'),
(11876, 'Nắn, bó bột gãy 1/3 trên thân xương cánh tay', 'Nắn, bó bột gãy 1/3 trên thân xương cánh tay', ' 335,000', ' 335,000', '-', 23, 2140, '2020-12-01 00:19:25', '2020-12-01 00:19:25'),
(11877, 'Nắn, bó bột gãy 1/3 giữa thân xương cánh tay', 'Nắn, bó bột gãy 1/3 giữa thân xương cánh tay', ' 335,000', ' 335,000', '-', 23, 2140, '2020-12-01 00:19:25', '2020-12-01 00:19:25'),
(11878, 'Nắn, bó bột gãy 1/3 dưới thân xương cánh tay', 'Nắn, bó bột gãy 1/3 dưới thân xương cánh tay', ' 335,000', ' 335,000', '-', 23, 2140, '2020-12-01 00:19:25', '2020-12-01 00:19:25'),
(11879, 'Nắn, bó bột gãy cổ xương cánh tay', 'Nắn, bó bột gãy cổ xương cánh tay', ' 335,000', ' 335,000', '-', 23, 2140, '2020-12-01 00:19:25', '2020-12-01 00:19:25'),
(11880, 'Nắn, bó bột gãy một xương cẳng tay', 'Nắn, bó bột gãy một xương cẳng tay', ' 335,000', ' 335,000', '-', 23, 2140, '2020-12-01 00:19:25', '2020-12-01 00:19:25'),
(11881, 'Nắn, bó bột gãy Pouteau - Colles', 'Nắn, bó bột gãy Pouteau - Colles', ' 335,000', ' 335,000', '-', 23, 2140, '2020-12-01 00:19:25', '2020-12-01 00:19:25'),
(11882, 'Nắn, bó bột gãy Monteggia', 'Nắn, bó bột gãy Monteggia', ' 335,000', ' 335,000', '-', 23, 2140, '2020-12-01 00:19:25', '2020-12-01 00:19:25'),
(11883, 'Nắn, bó bột gãy xương bàn, ngón tay', 'Nắn, bó bột gãy xương bàn, ngón tay', ' 234,000', ' 234,000', '-', 23, 2140, '2020-12-01 00:19:25', '2020-12-01 00:19:25'),
(11884, 'Nắn, bó bột gãy xương bàn chân', 'Nắn, bó bột gãy xương bàn chân', ' 234,000', ' 234,000', '-', 23, 2140, '2020-12-01 00:19:25', '2020-12-01 00:19:25'),
(11885, 'Nắn, bó bột gãy xương ngón chân', 'Nắn, bó bột gãy xương ngón chân', ' 234,000', ' 234,000', '-', 23, 2140, '2020-12-01 00:19:25', '2020-12-01 00:19:25'),
(11886, 'Nắn, bó bột gãy xương chày', 'Nắn, bó bột gãy xương chày', ' 234,000', ' 234,000', '-', 23, 2140, '2020-12-01 00:19:25', '2020-12-01 00:19:25'),
(11887, 'Nắn, bó bột gãy mâm chày', 'Nắn, bó bột gãy mâm chày', ' 335,000', ' 335,000', '-', 23, 2140, '2020-12-01 00:19:25', '2020-12-01 00:19:25'),
(11888, 'Nắn, bó bột gãy xương gót', 'Nắn, bó bột gãy xương gót', ' 144,000', ' 144,000', '-', 23, 2140, '2020-12-01 00:19:25', '2020-12-01 00:19:25'),
(11889, 'Nẹp bột các loại không nắn', 'Nẹp bột các loại không nắn', '-', ' 400,000', '-', 23, 2140, '2020-12-01 00:19:25', '2020-12-01 00:19:25'),
(11890, 'Bó bột ống trong gãy xương bánh chè', 'Bó bột ống trong gãy xương bánh chè', ' 144,000', ' 144,000', '-', 23, 2140, '2020-12-01 00:19:25', '2020-12-01 00:19:25'),
(11891, 'Tháo bột (Cột sống/Lưng/ Khớp háng/Xương đùi/Xương chậu)', 'Tháo bột (Cột sống/Lưng/ Khớp háng/Xương đùi/Xương chậu)', ' 63,600', ' 63,600', '-', 23, 2140, '2020-12-01 00:19:25', '2020-12-01 00:19:25'),
(11892, 'Tháo bột các loại', 'Tháo bột các loại', ' 52,900', ' 52,900', '-', 23, 2140, '2020-12-01 00:19:25', '2020-12-01 00:19:25'),
(11893, 'Phẫu thuật trật bánh chè bẩm sinh', 'Phẫu thuật trật bánh chè bẩm sinh', ' 2,829,000', ' 2,829,000', '-', 23, 2140, '2020-12-01 00:19:25', '2020-12-01 00:19:25'),
(11894, 'Phẫu thuật trật bánh chè mắc phải', 'Phẫu thuật trật bánh chè mắc phải', ' 2,829,000', ' 2,829,000', '-', 23, 2140, '2020-12-01 00:19:25', '2020-12-01 00:19:25'),
(11895, 'Cố định gãy xương sườn bằng băng dính to bản', 'Cố định gãy xương sườn bằng băng dính to bản', ' 49,900', ' 49,900', '-', 23, 2140, '2020-12-01 00:19:25', '2020-12-01 00:19:25'),
(11896, 'Cắt u lành phần mềm đường kính', 'Cắt u lành phần mềm đường kính', ' 1,784,000', ' 1,784,000', '-', 23, 2140, '2020-12-01 00:19:25', '2020-12-01 00:19:25'),
(11897, 'Cắt u bao gân', 'Cắt u bao gân', ' 1,784,000', ' 1,784,000', '-', 23, 2140, '2020-12-01 00:19:25', '2020-12-01 00:19:25'),
(11898, 'Cắt u nang bao hoạt dịch (cổ tay, khoeo chân, cổ chân) [GM]', 'Cắt u nang bao hoạt dịch (cổ tay, khoeo chân, cổ chân) [GM]', ' 1,206,000', ' 1,206,000', '-', 23, 2140, '2020-12-01 00:19:25', '2020-12-01 00:19:25'),
(11899, 'Phẫu thuật điều trị viêm bao hoạt dịch của gân gấp bàn ngón tay', 'Phẫu thuật điều trị viêm bao hoạt dịch của gân gấp bàn ngón tay', ' 2,758,000', ' 2,758,000', '-', 23, 2140, '2020-12-01 00:19:25', '2020-12-01 00:19:25'),
(11900, 'Phẫu thuật KHX gãy xương đốt bàn ngón tay', 'Phẫu thuật KHX gãy xương đốt bàn ngón tay', ' 3,750,000', ' 3,750,000', '-', 23, 2140, '2020-12-01 00:19:25', '2020-12-01 00:19:25'),
(11901, 'Phẫu thuật KHX gãy nội khớp xương khớp ngón tay', 'Phẫu thuật KHX gãy nội khớp xương khớp ngón tay', ' 3,750,000', ' 3,750,000', '-', 23, 2140, '2020-12-01 00:19:25', '2020-12-01 00:19:25'),
(11902, 'Phẫu thuật KHX gãy lồi cầu xương khớp ngón tay', 'Phẫu thuật KHX gãy lồi cầu xương khớp ngón tay', ' 3,750,000', ' 3,750,000', '-', 23, 2140, '2020-12-01 00:19:25', '2020-12-01 00:19:25'),
(11903, 'Phẫu thuật tái tạo dây chằng bên của ngón 1 bàn tay', 'Phẫu thuật tái tạo dây chằng bên của ngón 1 bàn tay', ' 2,963,000', ' 2,963,000', '-', 23, 2140, '2020-12-01 00:19:25', '2020-12-01 00:19:25'),
(11904, 'Phẫu thuật điề trị bệnh DE QUER VAIN và ngón tay cò súng', 'Phẫu thuật điề trị bệnh DE QUER VAIN và ngón tay cò súng', ' 3,570,000', ' 3,570,000', '-', 23, 2140, '2020-12-01 00:19:25', '2020-12-01 00:19:25'),
(11905, 'Phẫu thuật làm mỏm cụt ngón và đốt bàn ngón', 'Phẫu thuật làm mỏm cụt ngón và đốt bàn ngón', ' 2,887,000', ' 2,887,000', '-', 23, 2140, '2020-12-01 00:19:25', '2020-12-01 00:19:25'),
(11906, 'Phẫu thuật sửa mỏm cụt chi', 'Phẫu thuật sửa mỏm cụt chi', ' 2,887,000', ' 2,887,000', '-', 23, 2140, '2020-12-01 00:19:25', '2020-12-01 00:19:25'),
(11907, 'Phẫu thuật sửa mỏm cụt ngón tay/ngón chân (1 ngón)', 'Phẫu thuật sửa mỏm cụt ngón tay/ngón chân (1 ngón)', ' 2,887,000', ' 2,887,000', '-', 23, 2140, '2020-12-01 00:19:25', '2020-12-01 00:19:25'),
(11908, 'Thương tích bàn tay phức tạp', 'Thương tích bàn tay phức tạp', ' 4,616,000', ' 4,616,000', '-', 23, 2140, '2020-12-01 00:19:25', '2020-12-01 00:19:25'),
(11909, 'PT bệnh lý nhiễm trùng bàn tay', 'PT bệnh lý nhiễm trùng bàn tay', ' 2,887,000', ' 2,887,000', '-', 23, 2140, '2020-12-01 00:19:25', '2020-12-01 00:19:25'),
(11910, 'Phẫu thuật gỡ dính thần kinh [PT]', 'Phẫu thuật gỡ dính thần kinh [PT]', ' 2,758,000', ' 2,758,000', '-', 23, 2140, '2020-12-01 00:19:25', '2020-12-01 00:19:25'),
(11911, 'Phẫu thuật chuyển giường thần kinh trụ', 'Phẫu thuật chuyển giường thần kinh trụ', ' 2,318,000', ' 2,318,000', '-', 23, 2140, '2020-12-01 00:19:25', '2020-12-01 00:19:25'),
(11912, 'Phẫu thuật giải ép thần kinh (ống cổ tay, Khuỷu...)', 'Phẫu thuật giải ép thần kinh (ống cổ tay, Khuỷu...)', ' 2,318,000', ' 2,318,000', '-', 23, 2140, '2020-12-01 00:19:25', '2020-12-01 00:19:25'),
(11913, 'Phẫu thuật điều trị hội chứng ống cổ tay [1 bên]', 'Phẫu thuật điều trị hội chứng ống cổ tay [1 bên]', ' 2,318,000', ' 2,318,000', '-', 23, 2140, '2020-12-01 00:19:25', '2020-12-01 00:19:25'),
(11914, 'Phẫu thuật điều trị hội chứng ống cổ tay [2 bên]', 'Phẫu thuật điều trị hội chứng ống cổ tay [2 bên]', ' 2,318,000', ' 2,318,000', '-', 23, 2140, '2020-12-01 00:19:25', '2020-12-01 00:19:25'),
(11915, 'Phẫu thuật cắt cụt cẳng tay, cánh tay [Cắt cụt cẳng tay]', 'Phẫu thuật cắt cụt cẳng tay, cánh tay [Cắt cụt cẳng tay]', ' 3,741,000', ' 3,741,000', '-', 23, 2140, '2020-12-01 00:19:25', '2020-12-01 00:19:25'),
(11916, 'Phẫu thuật KHX gãy thân 2 xương cẳng tay', 'Phẫu thuật KHX gãy thân 2 xương cẳng tay', ' 3,750,000', ' 3,750,000', '-', 23, 2140, '2020-12-01 00:19:25', '2020-12-01 00:19:25'),
(11917, 'Phẫu thuật kết hợp xương gãy 2 xương cẳng tay [trẻ em]', 'Phẫu thuật kết hợp xương gãy 2 xương cẳng tay [trẻ em]', ' 3,750,000', ' 3,750,000', '-', 23, 2140, '2020-12-01 00:19:25', '2020-12-01 00:19:25'),
(11918, 'Phẫu thuật KHX gãy hở I thân hai xương cẳng tay', 'Phẫu thuật KHX gãy hở I thân hai xương cẳng tay', ' 3,750,000', ' 3,750,000', '-', 23, 2140, '2020-12-01 00:19:25', '2020-12-01 00:19:25'),
(11919, 'Phẫu thuật KHX gãy hở II thân hai xương cẳng tay', 'Phẫu thuật KHX gãy hở II thân hai xương cẳng tay', ' 3,750,000', ' 3,750,000', '-', 23, 2140, '2020-12-01 00:19:25', '2020-12-01 00:19:25'),
(11920, 'Phẫu thuật KHX gãy hở III thân hai xương cẳng tay', 'Phẫu thuật KHX gãy hở III thân hai xương cẳng tay', ' 3,750,000', ' 3,750,000', '-', 23, 2140, '2020-12-01 00:19:25', '2020-12-01 00:19:25'),
(11921, 'Phẫu thuật KHX gãy thân xương cánh tay', 'Phẫu thuật KHX gãy thân xương cánh tay', ' 3,750,000', ' 3,750,000', '-', 23, 2140, '2020-12-01 00:19:25', '2020-12-01 00:19:25'),
(11922, 'Phẫu thuật KHX khớp giả xương cánh tay', 'Phẫu thuật KHX khớp giả xương cánh tay', ' 4,634,000', ' 4,634,000', '-', 23, 2140, '2020-12-01 00:19:25', '2020-12-01 00:19:25'),
(11923, 'Phẫu thuật KHX gãy thân xương cánh tay phức tạp', 'Phẫu thuật KHX gãy thân xương cánh tay phức tạp', ' 3,750,000', ' 3,750,000', '-', 23, 2140, '2020-12-01 00:19:25', '2020-12-01 00:19:25'),
(11924, 'Phẫu thuật KHX gãy hở độ I thân xương cánh tay', 'Phẫu thuật KHX gãy hở độ I thân xương cánh tay', ' 3,750,000', ' 3,750,000', '-', 23, 2140, '2020-12-01 00:19:25', '2020-12-01 00:19:25'),
(11925, 'Phẫu thuật KHX gãy hở độ II thân xương cánh tay', 'Phẫu thuật KHX gãy hở độ II thân xương cánh tay', ' 3,750,000', ' 3,750,000', '-', 23, 2140, '2020-12-01 00:19:25', '2020-12-01 00:19:25'),
(11926, 'Phẫu thuật KHX gãy hở độ III thân xương cánh tay', 'Phẫu thuật KHX gãy hở độ III thân xương cánh tay', ' 3,750,000', ' 3,750,000', '-', 23, 2140, '2020-12-01 00:19:25', '2020-12-01 00:19:25'),
(11927, 'Cố đinh ngoại vi trong điều trị gãy hở chi trên', 'Cố đinh ngoại vi trong điều trị gãy hở chi trên', ' 2,829,000', ' 2,829,000', '-', 23, 2140, '2020-12-01 00:19:25', '2020-12-01 00:19:25'),
(11928, 'Cố đinh ngoại vi trong điều trị gãy hở chi dưới', 'Cố đinh ngoại vi trong điều trị gãy hở chi dưới', ' 2,829,000', ' 2,829,000', '-', 23, 2140, '2020-12-01 00:19:25', '2020-12-01 00:19:25'),
(11929, 'Phẫu thuật cắt cụt cẳng tay, cánh tay [Cắt cụt cánh tay]', 'Phẫu thuật cắt cụt cẳng tay, cánh tay [Cắt cụt cánh tay]', ' 3,741,000', ' 3,741,000', '-', 23, 2140, '2020-12-01 00:19:25', '2020-12-01 00:19:25'),
(11930, 'Phẫu thuật KHX gãy liên lồi cầu xương cánh tay', 'Phẫu thuật KHX gãy liên lồi cầu xương cánh tay', ' 3,750,000', ' 3,750,000', '-', 23, 2140, '2020-12-01 00:19:25', '2020-12-01 00:19:25'),
(11931, 'Phẫu thuật KHX gãy lồi cầu ngoài xương cánh tay', 'Phẫu thuật KHX gãy lồi cầu ngoài xương cánh tay', ' 3,750,000', ' 3,750,000', '-', 23, 2140, '2020-12-01 00:19:25', '2020-12-01 00:19:25'),
(11932, 'Phẫu thuật KHX gãy trên lồi cầu xương cánh tay', 'Phẫu thuật KHX gãy trên lồi cầu xương cánh tay', ' 3,750,000', ' 3,750,000', '-', 23, 2140, '2020-12-01 00:19:25', '2020-12-01 00:19:25'),
(11933, 'Phẫu thuật KHX gãy ròng rọc xương cánh tay', 'Phẫu thuật KHX gãy ròng rọc xương cánh tay', ' 3,750,000', ' 3,750,000', '-', 23, 2140, '2020-12-01 00:19:25', '2020-12-01 00:19:25'),
(11934, 'Phẫu thuật chuyển da, cơ che phủ', 'Phẫu thuật chuyển da, cơ che phủ', ' 3,325,000', ' 3,325,000', '-', 23, 2140, '2020-12-01 00:19:25', '2020-12-01 00:19:25'),
(11935, 'Phẫu thuật KHX gãy xương mác đơn thuần', 'Phẫu thuật KHX gãy xương mác đơn thuần', ' 3,750,000', ' 3,750,000', '-', 23, 2140, '2020-12-01 00:19:25', '2020-12-01 00:19:25'),
(11936, 'Nắn, bó bột gãy cổ xương đùi, vỡ ổ cối và trật khớp háng', 'Nắn, bó bột gãy cổ xương đùi, vỡ ổ cối và trật khớp háng', ' 624,000', ' 624,000', '-', 23, 2140, '2020-12-01 00:19:25', '2020-12-01 00:19:25'),
(11937, 'Phẫu thuật KHX gãy Monteggia', 'Phẫu thuật KHX gãy Monteggia', ' 3,750,000', ' 3,750,000', '-', 23, 2140, '2020-12-01 00:19:25', '2020-12-01 00:19:25'),
(11938, 'Phẫu thuật KHX gãy xương đòn', 'Phẫu thuật KHX gãy xương đòn', ' 3,750,000', ' 3,750,000', '-', 23, 2140, '2020-12-01 00:19:25', '2020-12-01 00:19:25'),
(11939, 'Phẫu thuật KHX khớp giả xương đòn', 'Phẫu thuật KHX khớp giả xương đòn', ' 3,750,000', ' 3,750,000', '-', 23, 2140, '2020-12-01 00:19:25', '2020-12-01 00:19:25'),
(11940, 'Phẫu thuật tạo hình điều trị tật dính ngón tay', 'Phẫu thuật tạo hình điều trị tật dính ngón tay', ' 2,790,000', ' 2,790,000', '-', 23, 2140, '2020-12-01 00:19:25', '2020-12-01 00:19:25'),
(11941, 'Phẫu thuật KHX trật khớp cùng đòn [ĐG]', 'Phẫu thuật KHX trật khớp cùng đòn [ĐG]', ' 3,750,000', ' 3,750,000', '-', 23, 2140, '2020-12-01 00:19:25', '2020-12-01 00:19:25'),
(11942, 'Phẫu thuật vết thương khớp', 'Phẫu thuật vết thương khớp', ' 2,758,000', ' 2,758,000', '-', 23, 2140, '2020-12-01 00:19:25', '2020-12-01 00:19:25'),
(11943, 'Phẫu thuật cắt cụt chi', 'Phẫu thuật cắt cụt chi', ' 3,741,000', ' 3,741,000', '-', 23, 2140, '2020-12-01 00:19:25', '2020-12-01 00:19:25'),
(11944, 'Cụt chấn thương cổ và bàn chân', 'Cụt chấn thương cổ và bàn chân', ' 2,887,000', ' 2,887,000', '-', 23, 2140, '2020-12-01 00:19:25', '2020-12-01 00:19:25'),
(11945, 'Phẫu thuật ghép xương tự thân', 'Phẫu thuật ghép xương tự thân', ' 4,634,000', ' 4,634,000', '-', 23, 2140, '2020-12-01 00:19:25', '2020-12-01 00:19:25'),
(11946, 'Phẫu thuật đứt gân cơ nhị đầu', 'Phẫu thuật đứt gân cơ nhị đầu', ' 2,963,000', ' 2,963,000', '-', 23, 2140, '2020-12-01 00:19:25', '2020-12-01 00:19:25'),
(11947, 'Phẫu thuật KHX gãy thân 2 xương cẳng chân', 'Phẫu thuật KHX gãy thân 2 xương cẳng chân', ' 3,750,000', ' 3,750,000', '-', 23, 2140, '2020-12-01 00:19:25', '2020-12-01 00:19:25'),
(11948, 'Phẫu thuật KHX gãy hở độ I hai xương cẳng chân', 'Phẫu thuật KHX gãy hở độ I hai xương cẳng chân', ' 3,750,000', ' 3,750,000', '-', 23, 2140, '2020-12-01 00:19:25', '2020-12-01 00:19:25'),
(11949, 'Phẫu thuật KHX gãy hở độ II hai xương cẳng chân', 'Phẫu thuật KHX gãy hở độ II hai xương cẳng chân', ' 3,750,000', ' 3,750,000', '-', 23, 2140, '2020-12-01 00:19:25', '2020-12-01 00:19:25'),
(11950, 'Phẫu thuật KHX gãy hở độ III hai xương cẳng chân', 'Phẫu thuật KHX gãy hở độ III hai xương cẳng chân', ' 3,750,000', ' 3,750,000', '-', 23, 2140, '2020-12-01 00:19:25', '2020-12-01 00:19:25'),
(11951, 'Phẫu thuật KHX gãy đài quay', 'Phẫu thuật KHX gãy đài quay', ' 3,750,000', ' 3,750,000', '-', 23, 2140, '2020-12-01 00:19:25', '2020-12-01 00:19:25'),
(11952, 'Phẫu thuật KHX gãy đài quay phức tạp', 'Phẫu thuật KHX gãy đài quay phức tạp', ' 3,750,000', ' 3,750,000', '-', 23, 2140, '2020-12-01 00:19:25', '2020-12-01 00:19:25'),
(11953, 'Phẫu thuật KHX gãy đầu dưới xương quay', 'Phẫu thuật KHX gãy đầu dưới xương quay', ' 3,750,000', ' 3,750,000', '-', 23, 2140, '2020-12-01 00:19:25', '2020-12-01 00:19:25'),
(11954, 'Phẫu thuật KHX gãy nội khớp đầu dưới xương quay', 'Phẫu thuật KHX gãy nội khớp đầu dưới xương quay', ' 3,750,000', ' 3,750,000', '-', 23, 2140, '2020-12-01 00:19:25', '2020-12-01 00:19:25'),
(11955, 'KHX qua da bằng K.Wire gãy đầu dưới xương quay', 'KHX qua da bằng K.Wire gãy đầu dưới xương quay', ' 5,122,000', ' 5,122,000', '-', 23, 2140, '2020-12-01 00:19:25', '2020-12-01 00:19:25'),
(11956, 'Phẫu thuật chỉnh trục Cal lệch đầu dưới xương quay', 'Phẫu thuật chỉnh trục Cal lệch đầu dưới xương quay', ' 3,750,000', ' 3,750,000', '-', 23, 2140, '2020-12-01 00:19:25', '2020-12-01 00:19:25'),
(11957, 'Phẫu thuật KHX gãy xương quay kèm trật khớp quay trụ dưới', 'Phẫu thuật KHX gãy xương quay kèm trật khớp quay trụ dưới', ' 3,750,000', ' 3,750,000', '-', 23, 2140, '2020-12-01 00:19:25', '2020-12-01 00:19:25'),
(11958, 'Phẫu thuật và điều trị trật khớp quay trụ dưới', 'Phẫu thuật và điều trị trật khớp quay trụ dưới', ' 2,851,000', ' 2,851,000', '-', 23, 2140, '2020-12-01 00:19:25', '2020-12-01 00:19:25'),
(11959, 'Phẫu thuật KHX gãy lồi cầu ngoài xương đùi', 'Phẫu thuật KHX gãy lồi cầu ngoài xương đùi', ' 3,750,000', ' 3,750,000', '-', 23, 2140, '2020-12-01 00:19:25', '2020-12-01 00:19:25'),
(11960, 'Phẫu thuật KHX gãy lồi cầu trong xương đùi', 'Phẫu thuật KHX gãy lồi cầu trong xương đùi', ' 3,750,000', ' 3,750,000', '-', 23, 2140, '2020-12-01 00:19:25', '2020-12-01 00:19:25'),
(11961, 'Phẫu thuật KHX gãy thân xương đùi', 'Phẫu thuật KHX gãy thân xương đùi', ' 3,750,000', ' 3,750,000', '-', 23, 2140, '2020-12-01 00:19:25', '2020-12-01 00:19:25'),
(11962, 'Phẫu thuật KHX gãy bán phần chỏm xương đùi', 'Phẫu thuật KHX gãy bán phần chỏm xương đùi', ' 3,750,000', ' 3,750,000', '-', 23, 2140, '2020-12-01 00:19:25', '2020-12-01 00:19:25'),
(11963, 'Phẫu thuật KHX gãy cổ xương đùi', 'Phẫu thuật KHX gãy cổ xương đùi', ' 3,750,000', ' 3,750,000', '-', 23, 2140, '2020-12-01 00:19:25', '2020-12-01 00:19:25'),
(11964, 'Phẫu thuật KHX gãy trên lồi cầu xương đùi', 'Phẫu thuật KHX gãy trên lồi cầu xương đùi', ' 3,750,000', ' 3,750,000', '-', 23, 2140, '2020-12-01 00:19:25', '2020-12-01 00:19:25'),
(11965, 'Phẫu thuật KHX gãy trên và liên lồi cầu xương đùi', 'Phẫu thuật KHX gãy trên và liên lồi cầu xương đùi', ' 3,750,000', ' 3,750,000', '-', 23, 2140, '2020-12-01 00:19:25', '2020-12-01 00:19:25'),
(11966, 'Phẫu thuật KHX gãy liên mấu chuyển xương đùi', 'Phẫu thuật KHX gãy liên mấu chuyển xương đùi', ' 3,750,000', ' 3,750,000', '-', 23, 2140, '2020-12-01 00:19:25', '2020-12-01 00:19:25'),
(11967, 'Phẫu thuật KHX gãy cổ mấu chuyển xương đùi', 'Phẫu thuật KHX gãy cổ mấu chuyển xương đùi', ' 3,750,000', ' 3,750,000', '-', 23, 2140, '2020-12-01 00:19:25', '2020-12-01 00:19:25'),
(11968, 'Phẫu thuật KHX gãy trật cổ xương đùi', 'Phẫu thuật KHX gãy trật cổ xương đùi', ' 3,750,000', ' 3,750,000', '-', 23, 2140, '2020-12-01 00:19:25', '2020-12-01 00:19:25'),
(11969, 'Phẫu thuật KHX gãy thân xương đùi phức tạp', 'Phẫu thuật KHX gãy thân xương đùi phức tạp', ' 3,750,000', ' 3,750,000', '-', 23, 2140, '2020-12-01 00:19:25', '2020-12-01 00:19:25'),
(11970, 'Phẫu thuật KHX gãy mâm chày trong', 'Phẫu thuật KHX gãy mâm chày trong', ' 3,750,000', ' 3,750,000', '-', 23, 2140, '2020-12-01 00:19:25', '2020-12-01 00:19:25'),
(11971, 'Phẫu thuật KHX gãy mâm chày ngoài', 'Phẫu thuật KHX gãy mâm chày ngoài', ' 3,750,000', ' 3,750,000', '-', 23, 2140, '2020-12-01 00:19:25', '2020-12-01 00:19:25'),
(11972, 'Phẫu thuật KHX gãy hai mâm chày', 'Phẫu thuật KHX gãy hai mâm chày', ' 3,750,000', ' 3,750,000', '-', 23, 2140, '2020-12-01 00:19:25', '2020-12-01 00:19:25'),
(11973, 'Phẫu thuật KHX gãy thân xương chày', 'Phẫu thuật KHX gãy thân xương chày', ' 3,750,000', ' 3,750,000', '-', 23, 2140, '2020-12-01 00:19:25', '2020-12-01 00:19:25'),
(11974, 'Phẫu thuật KHX gãy mâm chày + thân xương chày', 'Phẫu thuật KHX gãy mâm chày + thân xương chày', ' 3,750,000', ' 3,750,000', '-', 23, 2140, '2020-12-01 00:19:25', '2020-12-01 00:19:25'),
(11975, 'Phẫu thuật kết hợp xương trật khớp cổ chân', 'Phẫu thuật kết hợp xương trật khớp cổ chân', ' 3,985,000', ' 3,985,000', '-', 23, 2140, '2020-12-01 00:19:25', '2020-12-01 00:19:25'),
(11976, 'Phẫu thuật KHX gãy mắt cá kèm trật khớp cổ chân', 'Phẫu thuật KHX gãy mắt cá kèm trật khớp cổ chân', ' 3,750,000', ' 3,750,000', '-', 23, 2140, '2020-12-01 00:19:25', '2020-12-01 00:19:25'),
(11977, 'Phẫu thuật KHX gãy mắt cá ngoài', 'Phẫu thuật KHX gãy mắt cá ngoài', ' 3,750,000', ' 3,750,000', '-', 23, 2140, '2020-12-01 00:19:25', '2020-12-01 00:19:25'),
(11978, 'Phẫu thuật KHX gãy mắt cá trong', 'Phẫu thuật KHX gãy mắt cá trong', ' 3,750,000', ' 3,750,000', '-', 23, 2140, '2020-12-01 00:19:25', '2020-12-01 00:19:25'),
(11979, 'Phẫu thuật KHX gãy 2 mắt cá cổ chân', 'Phẫu thuật KHX gãy 2 mắt cá cổ chân', ' 3,750,000', ' 3,750,000', '-', 23, 2140, '2020-12-01 00:19:25', '2020-12-01 00:19:25'),
(11980, 'Phẫu thuật KHX gãy mỏm khuỷu', 'Phẫu thuật KHX gãy mỏm khuỷu', ' 3,985,000', ' 3,985,000', '-', 23, 2140, '2020-12-01 00:19:25', '2020-12-01 00:19:25'),
(11981, 'Phẫu thuật KHX gãy mỏm khuỷu phức tạp', 'Phẫu thuật KHX gãy mỏm khuỷu phức tạp', ' 3,985,000', ' 3,985,000', '-', 23, 2140, '2020-12-01 00:19:25', '2020-12-01 00:19:25'),
(11982, 'Phẫu thuật kết hợp xương gãy xương đốt bàn và đốt ngón chân', 'Phẫu thuật kết hợp xương gãy xương đốt bàn và đốt ngón chân', ' 3,750,000', ' 3,750,000', '-', 23, 2140, '2020-12-01 00:19:25', '2020-12-01 00:19:25'),
(11983, 'Phẫu thuật làm cứng khớp quay Trụ dưới', 'Phẫu thuật làm cứng khớp quay Trụ dưới', ' 3,649,000', ' 3,649,000', '-', 23, 2140, '2020-12-01 00:19:25', '2020-12-01 00:19:25'),
(11984, 'Phẫu thuật làm sạch ổ khớp', 'Phẫu thuật làm sạch ổ khớp', ' 2,758,000', ' 2,758,000', '-', 23, 2140, '2020-12-01 00:19:25', '2020-12-01 00:19:25'),
(11985, 'Phẫu thuật KHX gãy phức tạp khớp khuỷu', 'Phẫu thuật KHX gãy phức tạp khớp khuỷu', ' 3,750,000', ' 3,750,000', '-', 23, 2140, '2020-12-01 00:19:25', '2020-12-01 00:19:25'),
(11986, 'Phẫu thuật KHX gãy bánh chè ', 'Phẫu thuật KHX gãy bánh chè ', ' 3,985,000', ' 3,985,000', '-', 23, 2140, '2020-12-01 00:19:25', '2020-12-01 00:19:25'),
(11987, 'Phẫu thuật KHX gãy xương bánh chè phức tạp', 'Phẫu thuật KHX gãy xương bánh chè phức tạp', ' 3,985,000', ' 3,985,000', '-', 23, 2140, '2020-12-01 00:19:25', '2020-12-01 00:19:25'),
(11988, 'Phẫu thuật vết thương phần mềm phức tạp ', 'Phẫu thuật vết thương phần mềm phức tạp ', ' 4,616,000', ' 4,616,000', '-', 23, 2140, '2020-12-01 00:19:25', '2020-12-01 00:19:25'),
(11989, 'Phẫu thuật vết thương phần mềm tổn thương gân gấp', 'Phẫu thuật vết thương phần mềm tổn thương gân gấp', ' 2,963,000', ' 2,963,000', '-', 23, 2140, '2020-12-01 00:19:25', '2020-12-01 00:19:25'),
(11990, 'Khâu tổn thương gân gấp vùng I, III, IV, V', 'Khâu tổn thương gân gấp vùng I, III, IV, V', ' 2,963,000', ' 2,963,000', '-', 23, 2140, '2020-12-01 00:19:25', '2020-12-01 00:19:25'),
(11991, 'Khâu tổn thương gân gấp bàn tay ở vùng II', 'Khâu tổn thương gân gấp bàn tay ở vùng II', ' 2,963,000', ' 2,963,000', '-', 23, 2140, '2020-12-01 00:19:25', '2020-12-01 00:19:25'),
(11992, 'Khâu phục hồi tổn thương gân duỗi', 'Khâu phục hồi tổn thương gân duỗi', ' 2,963,000', ' 2,963,000', '-', 23, 2140, '2020-12-01 00:19:25', '2020-12-01 00:19:25'),
(11993, 'Phẫu thuật điều trị tổn thương gân cơ chóp xoay', 'Phẫu thuật điều trị tổn thương gân cơ chóp xoay', ' 2,963,000', ' 2,963,000', '-', 23, 2140, '2020-12-01 00:19:25', '2020-12-01 00:19:25'),
(11994, 'Phẫu thuật vết thương phần mềm đơn giản/rách da đầu', 'Phẫu thuật vết thương phần mềm đơn giản/rách da đầu', ' 2,598,000', ' 2,598,000', '-', 23, 2140, '2020-12-01 00:19:25', '2020-12-01 00:19:25'),
(11995, 'Phẫu thuật thương tích phần mềm các cơ quan vận động [GM]', 'Phẫu thuật thương tích phần mềm các cơ quan vận động [GM]', ' 4,616,000', ' 4,616,000', '-', 23, 2140, '2020-12-01 00:19:25', '2020-12-01 00:19:25'),
(11996, 'Phẫu thuật dập nát phần mềm các cơ quan vận động', 'Phẫu thuật dập nát phần mềm các cơ quan vận động', ' 4,616,000', ' 4,616,000', '-', 23, 2140, '2020-12-01 00:19:25', '2020-12-01 00:19:25'),
(11997, 'Gỡ dính gân', 'Gỡ dính gân', ' 2,963,000', ' 2,963,000', '-', 23, 2140, '2020-12-01 00:19:25', '2020-12-01 00:19:25'),
(11998, ' Phẫu thuật gỡ dính gân duỗi', ' Phẫu thuật gỡ dính gân duỗi', ' 2,758,000', ' 2,758,000', '-', 23, 2140, '2020-12-01 00:19:25', '2020-12-01 00:19:25'),
(11999, 'Phẫu thuật gỡ dính gân gấp', 'Phẫu thuật gỡ dính gân gấp', ' 2,758,000', ' 2,758,000', '-', 23, 2140, '2020-12-01 00:19:25', '2020-12-01 00:19:25'),
(12000, 'Phẫu thuật nối gân duỗi/ kéo dài gân(1 gân)', 'Phẫu thuật nối gân duỗi/ kéo dài gân(1 gân)', ' 2,963,000', ' 2,963,000', '-', 23, 2140, '2020-12-01 00:19:25', '2020-12-01 00:19:25'),
(12001, 'Phẫu thuật nối gân gấp/ kéo dài gân (1 gân) [GM]', 'Phẫu thuật nối gân gấp/ kéo dài gân (1 gân) [GM]', ' 2,963,000', ' 2,963,000', '-', 23, 2140, '2020-12-01 00:19:25', '2020-12-01 00:19:25'),
(12002, 'Phẫu thuật tổn thương gân Achille', 'Phẫu thuật tổn thương gân Achille', ' 2,963,000', ' 2,963,000', '-', 23, 2140, '2020-12-01 00:19:25', '2020-12-01 00:19:25'),
(12003, ' Phẫu thuật tổn thương gân chày trước', ' Phẫu thuật tổn thương gân chày trước', ' 2,963,000', ' 2,963,000', '-', 23, 2140, '2020-12-01 00:19:25', '2020-12-01 00:19:25'),
(12004, 'Phẫu thuật tổn thương gân cơ chày sau', 'Phẫu thuật tổn thương gân cơ chày sau', ' 2,963,000', ' 2,963,000', '-', 23, 2140, '2020-12-01 00:19:25', '2020-12-01 00:19:25'),
(12005, 'Phẫu thuật tổn thương gân cơ mác bên', 'Phẫu thuật tổn thương gân cơ mác bên', ' 2,963,000', ' 2,963,000', '-', 23, 2140, '2020-12-01 00:19:25', '2020-12-01 00:19:25'),
(12006, 'Phẫu thuật điều trị xơ cứng gân cơ/xơ cứng khớp', 'Phẫu thuật điều trị xơ cứng gân cơ/xơ cứng khớp', ' 3,570,000', ' 3,570,000', '-', 23, 2140, '2020-12-01 00:19:25', '2020-12-01 00:19:25'),
(12007, 'Phẫu thuật tổn thương gân duỗi cẳng và bàn ngón tay', 'Phẫu thuật tổn thương gân duỗi cẳng và bàn ngón tay', ' 2,963,000', ' 2,963,000', '-', 23, 2140, '2020-12-01 00:19:25', '2020-12-01 00:19:25'),
(12008, 'Phẫu thuật tổn thương gân duỗi dài ngón I', 'Phẫu thuật tổn thương gân duỗi dài ngón I', ' 2,963,000', ' 2,963,000', '-', 23, 2140, '2020-12-01 00:19:25', '2020-12-01 00:19:25'),
(12009, 'Phẫu thuật tổn thương gân gấp bàn - cổ tay', 'Phẫu thuật tổn thương gân gấp bàn - cổ tay', ' 2,963,000', ' 2,963,000', '-', 23, 2140, '2020-12-01 00:19:25', '2020-12-01 00:19:25'),
(12010, 'Phẫu thuật tổn thương gân gấp của cổ tay và cẳng tay', 'Phẫu thuật tổn thương gân gấp của cổ tay và cẳng tay', ' 2,963,000', ' 2,963,000', '-', 23, 2140, '2020-12-01 00:19:25', '2020-12-01 00:19:25'),
(12011, 'Phẫu thuật tổn thương gân gấp dài ngón I', 'Phẫu thuật tổn thương gân gấp dài ngón I', ' 2,963,000', ' 2,963,000', '-', 23, 2140, '2020-12-01 00:19:25', '2020-12-01 00:19:25'),
(12012, 'Phẫu thuật điều trị đứt gân Achille', 'Phẫu thuật điều trị đứt gân Achille', ' 2,963,000', ' 2,963,000', '-', 23, 2140, '2020-12-01 00:19:25', '2020-12-01 00:19:25'),
(12013, 'Phẫu thuật xơ cứng gân cơ tứ đầu đùi ', 'Phẫu thuật xơ cứng gân cơ tứ đầu đùi ', ' 3,570,000', ' 3,570,000', '-', 23, 2140, '2020-12-01 00:19:25', '2020-12-01 00:19:25'),
(12014, ' Phẫu thuật điều trị gân bánh chè', ' Phẫu thuật điều trị gân bánh chè', ' 2,963,000', ' 2,963,000', '-', 23, 2140, '2020-12-01 00:19:25', '2020-12-01 00:19:25'),
(12015, 'Phầu thuật vết thương bàn tay tổn thương gân duỗi', 'Phầu thuật vết thương bàn tay tổn thương gân duỗi', '2,963,000', '2,963,000', '-', 23, 2140, '2020-12-01 00:19:25', '2020-12-01 00:19:25'),
(12016, 'Phẫu thuật chuyển gân điều trị liệt thần kinh giữa', 'Phẫu thuật chuyển gân điều trị liệt thần kinh giữa', '2,925,000', '2,925,000', '-', 23, 2140, '2020-12-01 00:19:25', '2020-12-01 00:19:25'),
(12017, 'Phẫu thuật chuyển gân điều trị liệt thần kinh trụ', 'Phẫu thuật chuyển gân điều trị liệt thần kinh trụ', '2,925,000', '2,925,000', '-', 23, 2140, '2020-12-01 00:19:25', '2020-12-01 00:19:25'),
(12018, 'Phẫu thuật chuyển gân điều trị liệt thần kinh quay', 'Phẫu thuật chuyển gân điều trị liệt thần kinh quay', '2,925,000', '2,925,000', '-', 23, 2140, '2020-12-01 00:19:25', '2020-12-01 00:19:25'),
(12019, 'Phẫu thuật điều trị liệt thần kinh giữa và thần kinh trụ', 'Phẫu thuật điều trị liệt thần kinh giữa và thần kinh trụ', '2,925,000', '2,925,000', '-', 23, 2140, '2020-12-01 00:19:25', '2020-12-01 00:19:25'),
(12020, 'Phẫu thuật gỡ dính thần kinh', 'Phẫu thuật gỡ dính thần kinh', '2,758,000', '2,758,000', '-', 23, 2140, '2020-12-01 00:19:25', '2020-12-01 00:19:25'),
(12021, 'Phẫu thuật u thần kinh ngoại biên', 'Phẫu thuật u thần kinh ngoại biên', '2,318,000', '2,318,000', '-', 23, 2140, '2020-12-01 00:19:25', '2020-12-01 00:19:25'),
(12022, 'Phẫu thuật điều trị hội chứng chèn ép thần kinh quay', 'Phẫu thuật điều trị hội chứng chèn ép thần kinh quay', '2,318,000', '2,318,000', '-', 23, 2140, '2020-12-01 00:19:25', '2020-12-01 00:19:25'),
(12023, 'Phẫu thuật xử lý vết thương da đầu phức tạp', 'Phẫu thuật xử lý vết thương da đầu phức tạp', '4,616,000', '4,616,000', '-', 23, 2140, '2020-12-01 00:19:25', '2020-12-01 00:19:25'),
(12024, 'Phẫu thuật giải phóng chèn ép TK ngoại biên', 'Phẫu thuật giải phóng chèn ép TK ngoại biên', '2,318,000', '2,318,000', '-', 23, 2140, '2020-12-01 00:19:25', '2020-12-01 00:19:25'),
(12025, 'Rút đinh/tháo phương tiện kết hợp xương', 'Rút đinh/tháo phương tiện kết hợp xương', '1,731,000', '1,731,000', '-', 23, 2140, '2020-12-01 00:19:25', '2020-12-01 00:19:25'),
(12026, 'Phẫu thuật rút nẹp, dụng cụ kết hợp xương', 'Phẫu thuật rút nẹp, dụng cụ kết hợp xương', '2,686,000', '2,686,000', '-', 23, 2140, '2020-12-01 00:19:25', '2020-12-01 00:19:25'),
(12027, 'Tháo bỏ các ngón tay, đốt ngón tay', 'Tháo bỏ các ngón tay, đốt ngón tay', '2,887,000', '2,887,000', '-', 23, 2140, '2020-12-01 00:19:25', '2020-12-01 00:19:25'),
(12028, 'Tháo bỏ các ngón chân', 'Tháo bỏ các ngón chân', '2,887,000', '2,887,000', '-', 23, 2140, '2020-12-01 00:19:25', '2020-12-01 00:19:25'),
(12029, 'Tháo đốt bàn', 'Tháo đốt bàn', '2,887,000', '2,887,000', '-', 23, 2140, '2020-12-01 00:19:25', '2020-12-01 00:19:25'),
(12030, 'Phẫu thuật tháo khớp cổ tay', 'Phẫu thuật tháo khớp cổ tay', '1,965,000', '1,965,000', '-', 23, 2140, '2020-12-01 00:19:25', '2020-12-01 00:19:25'),
(12031, 'Tháo khớp gối', 'Tháo khớp gối', '3,741,000', '3,741,000', '-', 23, 2140, '2020-12-01 00:19:25', '2020-12-01 00:19:25'),
(12032, 'Tháo khớp khuỷu', 'Tháo khớp khuỷu', '3,741,000', '3,741,000', '-', 23, 2140, '2020-12-01 00:19:25', '2020-12-01 00:19:25'),
(12033, 'Tháo khớp kiểu PIRIGOFF', 'Tháo khớp kiểu PIRIGOFF', '3,741,000', '3,741,000', '-', 23, 2140, '2020-12-01 00:19:25', '2020-12-01 00:19:25'),
(12034, 'Phẫu thuật tháo khớp va', 'Phẫu thuật tháo khớp va', '2,758,000', '2,758,000', '-', 23, 2140, '2020-12-01 00:19:25', '2020-12-01 00:19:25'),
(12035, 'Phẫu thuật tháo khớp chi', 'Phẫu thuật tháo khớp chi', '3,741,000', '3,741,000', '-', 23, 2140, '2020-12-01 00:19:25', '2020-12-01 00:19:25'),
(12036, 'Cắt đoạn xương bàn chân trên người bệnh đái tháo đường', 'Cắt đoạn xương bàn chân trên người bệnh đái tháo đường', '2,887,000', '2,887,000', '-', 23, 2140, '2020-12-01 00:19:25', '2020-12-01 00:19:25'),
(12037, 'Nạo xương viêm trên người bệnh đái tháo đường', 'Nạo xương viêm trên người bệnh đái tháo đường', '2,477,000', '2,477,000', '-', 23, 2140, '2020-12-01 00:19:25', '2020-12-01 00:19:25'),
(12038, 'Tháo khớp ngón chân trên người bệnh đái tháo đường', 'Tháo khớp ngón chân trên người bệnh đái tháo đường', '2,477,000', '2,477,000', '-', 23, 2140, '2020-12-01 00:19:25', '2020-12-01 00:19:25'),
(12039, 'Rạch hoại tử bỏng giải thoát chèn ép', 'Rạch hoại tử bỏng giải thoát chèn ép', '558,000', '558,000', '-', 23, 2140, '2020-12-01 00:19:25', '2020-12-01 00:19:25'),
(12040, 'Khâu cầm máu, thắt mạch máu để cấp cứu chảy máu trong bỏng sâu', 'Khâu cầm máu, thắt mạch máu để cấp cứu chảy máu trong bỏng sâu', '182,000', '182,000', '-', 23, 2140, '2020-12-01 00:19:25', '2020-12-01 00:19:25');
INSERT INTO `db_chidinh` (`id`, `name`, `slug`, `price_bhyt`, `price_dichvu`, `price_dichvutyc`, `group_id`, `category_id`, `created_at`, `updated_at`) VALUES
(12041, 'Cắt bỏ hoại tử tiếp tuyến bỏng sâu từ 5% - 10% diện tích cơ thể ở người lớn', 'Cắt bỏ hoại tử tiếp tuyến bỏng sâu từ 5% - 10% diện tích cơ thể ở người lớn', '3,268,000', '3,268,000', '-', 23, 2140, '2020-12-01 00:19:25', '2020-12-01 00:19:25'),
(12042, 'Cắt bỏ hoại tử tiếp tuyến bỏng sâu dưới 5% diện tích cơ thể ở người lớn', 'Cắt bỏ hoại tử tiếp tuyến bỏng sâu dưới 5% diện tích cơ thể ở người lớn', '2,269,000', '2,269,000', '-', 23, 2140, '2020-12-01 00:19:25', '2020-12-01 00:19:25'),
(12043, 'Cắt bỏ hoại tử tiếp tuyến bỏng sâu từ 3% - 5% diện tích cơ thể ở trẻ em', 'Cắt bỏ hoại tử tiếp tuyến bỏng sâu từ 3% - 5% diện tích cơ thể ở trẻ em', '2,886,000', '2,886,000', '-', 23, 2140, '2020-12-01 00:19:25', '2020-12-01 00:19:25'),
(12044, 'Cắt bỏ hoại tử tiếp tuyến bỏng sâu dưới 3% diện tích cơ thể ở trẻ em', 'Cắt bỏ hoại tử tiếp tuyến bỏng sâu dưới 3% diện tích cơ thể ở trẻ em', '2,269,000', '2,269,000', '-', 23, 2140, '2020-12-01 00:19:25', '2020-12-01 00:19:25'),
(12045, 'Cắt bỏ hoại tử toàn lớp bỏng sâu từ 3% - 5% diện tích cơ thể ở người lớn', 'Cắt bỏ hoại tử toàn lớp bỏng sâu từ 3% - 5% diện tích cơ thể ở người lớn', '3,285,000', '3,285,000', '-', 23, 2140, '2020-12-01 00:19:25', '2020-12-01 00:19:25'),
(12046, 'Cắt bỏ hoại tử toàn lớp bỏng sâu dưới 3% diện tích cơ thể ở người lớn', 'Cắt bỏ hoại tử toàn lớp bỏng sâu dưới 3% diện tích cơ thể ở người lớn', '2,298,000', '2,298,000', '-', 23, 2140, '2020-12-01 00:19:25', '2020-12-01 00:19:25'),
(12047, 'Cắt bỏ hoại tử toàn lớp bỏng sâu từ 1% - 3% diện tích cơ thể ở trẻ em', 'Cắt bỏ hoại tử toàn lớp bỏng sâu từ 1% - 3% diện tích cơ thể ở trẻ em', '2,920,000', '2,920,000', '-', 23, 2140, '2020-12-01 00:19:25', '2020-12-01 00:19:25'),
(12048, 'Cắt bỏ hoại tử toàn lớp bỏng sâu dưới 1% diện tích cơ thể ở trẻ em', 'Cắt bỏ hoại tử toàn lớp bỏng sâu dưới 1% diện tích cơ thể ở trẻ em', '2,298,000', '2,298,000', '-', 23, 2140, '2020-12-01 00:19:25', '2020-12-01 00:19:25'),
(12049, 'Ghép da tự thân bằng mảnh da tròn nhỏ', 'Ghép da tự thân bằng mảnh da tròn nhỏ', '4,228,000', '4,228,000', '-', 23, 2140, '2020-12-01 00:19:25', '2020-12-01 00:19:25'),
(12050, 'Ghép da tự thân mảnh lớn từ 5% - 10% diện tích cơ thể ở người lớn', 'Ghép da tự thân mảnh lớn từ 5% - 10% diện tích cơ thể ở người lớn', '3,982,000', '3,982,000', '-', 23, 2140, '2020-12-01 00:19:25', '2020-12-01 00:19:25'),
(12051, 'Ghép da tự thân mảnh lớn dưới 5% diện tích cơ thể ở người lớn', 'Ghép da tự thân mảnh lớn dưới 5% diện tích cơ thể ở người lớn', '2,818,000', '2,818,000', '-', 23, 2140, '2020-12-01 00:19:25', '2020-12-01 00:19:25'),
(12052, 'Ghép da tự thân bằng mảnh da dài mỏng trên người bệnh đái tháo đường', 'Ghép da tự thân bằng mảnh da dài mỏng trên người bệnh đái tháo đường', '2,790,000', '2,790,000', '-', 23, 2140, '2020-12-01 00:19:25', '2020-12-01 00:19:25'),
(12053, 'Cắt lọc, lấy bỏ tổ chức hoại tử cho các nhiễm trùng bàn chân vết loét khu trú ở ngón chân trên người bệnh đái tháo đường', 'Cắt lọc, lấy bỏ tổ chức hoại tử cho các nhiễm trùng bàn chân vết loét khu trú ở ngón chân trên người bệnh đái tháo đường', '246,000', '246,000', '-', 23, 2140, '2020-12-01 00:19:25', '2020-12-01 00:19:25'),
(12054, 'Cắt lọc, lấy bỏ tổ chức hoại tử cho các nhiễm trùng bàn chân vết loét rộng < 1/4 bàn chân trên người bệnh đái tháo đường', 'Cắt lọc, lấy bỏ tổ chức hoại tử cho các nhiễm trùng bàn chân vết loét rộng < 1/4 bàn chân trên người bệnh đái tháo đường', '392,000', '392,000', '-', 23, 2140, '2020-12-01 00:19:25', '2020-12-01 00:19:25'),
(12055, 'Cắt lọc, lấy bỏ tổ chức hoại tử cho các nhiễm trùng bàn chân vết loét rộng < 1/2 bàn chân trên người bệnh đái tháo đường', 'Cắt lọc, lấy bỏ tổ chức hoại tử cho các nhiễm trùng bàn chân vết loét rộng < 1/2 bàn chân trên người bệnh đái tháo đường', '616,000', '616,000', '-', 23, 2140, '2020-12-01 00:19:25', '2020-12-01 00:19:25'),
(12056, 'Cắt lọc, lấy bỏ tổ chức hoại tử cho các nhiễm trùng bàn chân vết loét rộng lan tỏa cả bàn chân trên người bệnh đái tháo đường', 'Cắt lọc, lấy bỏ tổ chức hoại tử cho các nhiễm trùng bàn chân vết loét rộng lan tỏa cả bàn chân trên người bệnh đái tháo đường', '616,000', '616,000', '-', 23, 2140, '2020-12-01 00:19:25', '2020-12-01 00:19:25'),
(12057, 'Cắt lọc, lấy bỏ tổ chức hoại tử cho các nhiễm trùng phần mềm trên người bệnh đái tháo đường', 'Cắt lọc, lấy bỏ tổ chức hoại tử cho các nhiễm trùng phần mềm trên người bệnh đái tháo đường', '246,000', '246,000', '-', 23, 2140, '2020-12-01 00:19:25', '2020-12-01 00:19:25'),
(12058, 'TẠO HÌNH', 'TẠO HÌNH', '-', '                      -   ', '-', 23, 2140, '2020-12-01 00:19:25', '2020-12-01 00:19:25'),
(12059, 'Phẫu thuật tạo hình điều trị tật thừa ngón tay', 'Phẫu thuật tạo hình điều trị tật thừa ngón tay', '2,887,000', '2,887,000', '-', 23, 2140, '2020-12-01 00:19:25', '2020-12-01 00:19:25'),
(12060, 'Phẫu thuật phì đại tuyến vú nam', 'Phẫu thuật phì đại tuyến vú nam', '2,862,000', '2,862,000', '-', 23, 2140, '2020-12-01 00:19:25', '2020-12-01 00:19:25'),
(12061, 'Phẫu thuật chỉnh hình cắt bỏ sẹo xấu do lao thành ngực', 'Phẫu thuật chỉnh hình cắt bỏ sẹo xấu do lao thành ngực', '3,288,000', '3,288,000', '-', 23, 2140, '2020-12-01 00:19:25', '2020-12-01 00:19:25'),
(12062, 'Phẫu thuật chỉnh hình cắt bỏ sẹo xấu do lao hạch cổ', 'Phẫu thuật chỉnh hình cắt bỏ sẹo xấu do lao hạch cổ', '3,288,000', '3,288,000', '-', 23, 2140, '2020-12-01 00:19:25', '2020-12-01 00:19:25'),
(12063, 'Cắt sẹo khâu kín', 'Cắt sẹo khâu kín', '3,288,000', '3,288,000', '-', 23, 2140, '2020-12-01 00:19:25', '2020-12-01 00:19:25'),
(12064, 'Cắt sẹo ghép da mảnh trung bình', 'Cắt sẹo ghép da mảnh trung bình', '3,609,000', '3,609,000', '-', 23, 2140, '2020-12-01 00:19:25', '2020-12-01 00:19:25'),
(12065, 'Phẫu thuật sửa sẹo co nách bằng vạt da tại chỗ', 'Phẫu thuật sửa sẹo co nách bằng vạt da tại chỗ', '3,325,000', '3,325,000', '-', 23, 2140, '2020-12-01 00:19:25', '2020-12-01 00:19:25'),
(12066, 'Phẫu thuật điều trị vết thương ngón tay bằng các vạt da lân cận', 'Phẫu thuật điều trị vết thương ngón tay bằng các vạt da lân cận', '3,325,000', '3,325,000', '-', 23, 2140, '2020-12-01 00:19:25', '2020-12-01 00:19:25'),
(12067, 'Phẫu thuật điều trị vết thương ngón tay bằng các vạt da tại chỗ', 'Phẫu thuật điều trị vết thương ngón tay bằng các vạt da tại chỗ', '3,325,000', '3,325,000', '-', 23, 2140, '2020-12-01 00:19:25', '2020-12-01 00:19:25'),
(12068, 'Phẫu thuật điều trị vết thương bàn tay bằng các vạt da tại chỗ', 'Phẫu thuật điều trị vết thương bàn tay bằng các vạt da tại chỗ', '3,325,000', '3,325,000', '-', 23, 2140, '2020-12-01 00:19:25', '2020-12-01 00:19:25'),
(12069, 'Phẫu thuật điều trị vết thương bàn tay bằng ghép da tự thân', 'Phẫu thuật điều trị vết thương bàn tay bằng ghép da tự thân', '4,907,000', '4,907,000', '-', 23, 2140, '2020-12-01 00:19:25', '2020-12-01 00:19:25'),
(12070, 'Phẫu thuật sửa sẹo co khuỷu bằng vạt tại chỗ', 'Phẫu thuật sửa sẹo co khuỷu bằng vạt tại chỗ', '3,325,000', '3,325,000', '-', 23, 2140, '2020-12-01 00:19:25', '2020-12-01 00:19:25'),
(12071, 'Phẫu thuật cắt bỏ u da lành tính vùng da đầu dưới 2cm', 'Phẫu thuật cắt bỏ u da lành tính vùng da đầu dưới 2cm', '705,000', '705,000', '-', 23, 2140, '2020-12-01 00:19:25', '2020-12-01 00:19:25'),
(12072, 'Phẫu thuật cắt bỏ u da lành tính vùng da đầu từ 2cm trở lên', 'Phẫu thuật cắt bỏ u da lành tính vùng da đầu từ 2cm trở lên', '705,000', '705,000', '-', 23, 2140, '2020-12-01 00:19:25', '2020-12-01 00:19:25'),
(12073, 'Phẫu thuật cắt bỏ u lành tính vùng mũi (dưới 2cm)', 'Phẫu thuật cắt bỏ u lành tính vùng mũi (dưới 2cm)', '724,000', '724,000', '-', 23, 2140, '2020-12-01 00:19:25', '2020-12-01 00:19:25'),
(12074, 'Khâu vết thương vùng môi', 'Khâu vết thương vùng môi', '1,242,000', '1,242,000', '-', 23, 2140, '2020-12-01 00:19:25', '2020-12-01 00:19:25'),
(12075, 'Phẫu thuật cắt bỏ tổ chức hoại tử trong ổ loét tì đè', 'Phẫu thuật cắt bỏ tổ chức hoại tử trong ổ loét tì đè', '2,887,000', '2,887,000', '-', 23, 2140, '2020-12-01 00:19:25', '2020-12-01 00:19:25'),
(12076, 'Phẫu thuật điều trị vết thương dương vật', 'Phẫu thuật điều trị vết thương dương vật', '2,598,000', '2,598,000', '-', 23, 2140, '2020-12-01 00:19:25', '2020-12-01 00:19:25'),
(12077, 'Phẫu thuật điều trị vết thương ngón tay bằng các vạt da từ xa', 'Phẫu thuật điều trị vết thương ngón tay bằng các vạt da từ xa', '3,325,000', '3,325,000', '-', 23, 2140, '2020-12-01 00:19:25', '2020-12-01 00:19:25'),
(12078, 'Khâu nối thần kinh khhông sử dụng vi phẫu thuật', 'Khâu nối thần kinh khhông sử dụng vi phẫu thuật', '2,963,000', '2,963,000', '-', 23, 2140, '2020-12-01 00:19:25', '2020-12-01 00:19:25'),
(12079, 'Phẫu thuật tạo hình các khuyết da vùng đùi bằng ghép da tự thân', 'Phẫu thuật tạo hình các khuyết da vùng đùi bằng ghép da tự thân', '4,228,000', '4,228,000', '-', 23, 2140, '2020-12-01 00:19:25', '2020-12-01 00:19:25'),
(12080, 'Phẫu thuật tạo hình các khuyết da vùng khoeo bằng ghép da tự thân', 'Phẫu thuật tạo hình các khuyết da vùng khoeo bằng ghép da tự thân', '4,228,000', '4,228,000', '-', 23, 2140, '2020-12-01 00:19:25', '2020-12-01 00:19:25'),
(12081, 'Phẫu thuật tạo hình các khuyết da vùng cẳng bằng ghép da tự thân', 'Phẫu thuật tạo hình các khuyết da vùng cẳng bằng ghép da tự thân', '4,228,000', '4,228,000', '-', 23, 2140, '2020-12-01 00:19:25', '2020-12-01 00:19:25'),
(12082, 'Vá lỗ tai 1 bên', 'Vá lỗ tai 1 bên', '-', '-', ' 400,000 ', 23, 2140, '2020-12-01 00:19:25', '2020-12-01 00:19:25'),
(12083, 'Vá lỗ tai 2 bên', 'Vá lỗ tai 2 bên', '-', '-', ' 700,000 ', 23, 2140, '2020-12-01 00:19:25', '2020-12-01 00:19:25'),
(12084, 'Lấy dị vật', 'Lấy dị vật', '-', '-', '300,000-600,000', 23, 2140, '2020-12-01 00:19:25', '2020-12-01 00:19:25'),
(12085, 'Cắt bỏ những u nhỏ, kyst, sẹo của da, tổ chức dưới da', 'Cắt bỏ những u nhỏ, kyst, sẹo của da, tổ chức dưới da', '-', '-', ' 300,000 ', 23, 2140, '2020-12-01 00:19:25', '2020-12-01 00:19:25'),
(12086, 'Tiêm thuốc điều trị sẹo lồi', 'Tiêm thuốc điều trị sẹo lồi', '-', '-', ' 400,000 ', 23, 2140, '2020-12-01 00:19:25', '2020-12-01 00:19:25'),
(12087, 'Phẫu thuật điều trị móng cuộn, móng quặp [bóc móng]', 'Phẫu thuật điều trị móng cuộn, móng quặp [bóc móng]', '752,000', '752,000', '-', 23, 2140, '2020-12-01 00:19:25', '2020-12-01 00:19:25'),
(12088, 'Phẫu thuật điều trị móng cuộn, móng quặp [móng quặp 1 bên]', 'Phẫu thuật điều trị móng cuộn, móng quặp [móng quặp 1 bên]', '752,000', '752,000', '-', 23, 2140, '2020-12-01 00:19:25', '2020-12-01 00:19:25'),
(12089, 'Phẫu thuật điều trị móng cuộn, móng quặp [móng quặp 2 bên]', 'Phẫu thuật điều trị móng cuộn, móng quặp [móng quặp 2 bên]', '752,000', '752,000', '-', 23, 2140, '2020-12-01 00:19:25', '2020-12-01 00:19:25'),
(12090, 'Tháo móng quặp trên người bệnh đái tháo đường', 'Tháo móng quặp trên người bệnh đái tháo đường', '392,000', '392,000', '-', 23, 2140, '2020-12-01 00:19:25', '2020-12-01 00:19:25'),
(12091, 'Điều trị sùi mào gà bằng Laser CO2', 'Điều trị sùi mào gà bằng Laser CO2', '682,000', '682,000', '-', 23, 2140, '2020-12-01 00:19:25', '2020-12-01 00:19:25'),
(12092, 'Điều trị bằng Laser CO2', 'Điều trị bằng Laser CO2', '333,000', '333,000', '-', 23, 2140, '2020-12-01 00:19:25', '2020-12-01 00:19:25'),
(12093, 'Điều trị u ống tuyến mồ hôi bằng Laser CO2', 'Điều trị u ống tuyến mồ hôi bằng Laser CO2', '333,000', '333,000', '-', 23, 2140, '2020-12-01 00:19:25', '2020-12-01 00:19:25'),
(12094, 'Điều trị u mềm treo bằng Laser CO2', 'Điều trị u mềm treo bằng Laser CO2', '333,000', '333,000', '-', 23, 2140, '2020-12-01 00:19:25', '2020-12-01 00:19:25'),
(12095, 'Điều trị dày sừng da dầu bằng Laser CO2', 'Điều trị dày sừng da dầu bằng Laser CO2', '333,000', '333,000', '-', 23, 2140, '2020-12-01 00:19:25', '2020-12-01 00:19:25'),
(12096, 'Điều trị dày sừng ánh nắng bằng Laser CO2', 'Điều trị dày sừng ánh nắng bằng Laser CO2', '333,000', '333,000', '-', 23, 2140, '2020-12-01 00:19:25', '2020-12-01 00:19:25'),
(12097, 'Điều trị sẩn cục bằng Laser CO2', 'Điều trị sẩn cục bằng Laser CO2', '333,000', '333,000', '-', 23, 2140, '2020-12-01 00:19:25', '2020-12-01 00:19:25'),
(12098, 'Điều trị bớt sùi bằng Laser CO2', 'Điều trị bớt sùi bằng Laser CO2', '333,000', '333,000', '-', 23, 2140, '2020-12-01 00:19:25', '2020-12-01 00:19:25'),
(12099, 'Điều trị hạt cơm bằng Laser CO2', 'Điều trị hạt cơm bằng Laser CO2', '333,000', '333,000', '-', 23, 2140, '2020-12-01 00:19:25', '2020-12-01 00:19:25'),
(12100, 'Điều trị sẹo lồi bằng tiêm Triamcinolon trong thương tổn', 'Điều trị sẹo lồi bằng tiêm Triamcinolon trong thương tổn', '-', '-', ' 200,000 ', 23, 2140, '2020-12-01 00:19:25', '2020-12-01 00:19:25'),
(12101, 'Phẫu thuật điều trị móng chọc thịt', 'Phẫu thuật điều trị móng chọc thịt', '752,000', '752,000', '-', 23, 2140, '2020-12-01 00:19:25', '2020-12-01 00:19:25'),
(12102, 'Phẫu thuật điều trị móng chọc thịt', 'Phẫu thuật điều trị móng chọc thịt', '752,000', '752,000', '-', 23, 2140, '2020-12-01 00:19:25', '2020-12-01 00:19:25'),
(12103, 'Gọt chai chân (gọt nốt chai) trên người bệnh đái tháo đường', 'Gọt chai chân (gọt nốt chai) trên người bệnh đái tháo đường', '258,000', '258,000', '-', 23, 2140, '2020-12-01 00:19:25', '2020-12-01 00:19:25'),
(12104, 'Đốt mụn cóc', 'Đốt mụn cóc', '-', '-', ' 100,000 ', 23, 2140, '2020-12-01 00:19:25', '2020-12-01 00:19:25'),
(12105, 'Tẩy tàn nhang, nốt ruồi', 'Tẩy tàn nhang, nốt ruồi', '-', '-', ' 100,000 ', 23, 2140, '2020-12-01 00:19:25', '2020-12-01 00:19:25'),
(12106, 'Xóa xâm diện tích < 10cm2', 'Xóa xâm diện tích < 10cm2', '-', '-', '500,000-1,000,000', 23, 2140, '2020-12-01 00:19:25', '2020-12-01 00:19:25'),
(12107, 'Ngón tay cò súng', 'Ngón tay cò súng', '-', '-', ' 500,000 ', 23, 2140, '2020-12-01 00:19:25', '2020-12-01 00:19:25'),
(12108, 'Cắt phymosis', 'Cắt phymosis', '237,000', '237,000', '-', 23, 2140, '2020-12-01 00:19:25', '2020-12-01 00:19:25'),
(12109, 'Phẫu thuật tim kín khác', 'Phẫu thuật tim kín khác', '-', '13,725,000', '-', 23, 2140, '2020-12-01 00:19:25', '2020-12-01 00:19:25'),
(12110, 'Phẫu thuật điều trị ngón tay cò súng', 'Phẫu thuật điều trị ngón tay cò súng', '120,000', '500,000', '-', 23, 2140, '2020-12-01 00:19:25', '2020-12-01 00:19:25'),
(12111, 'Phẫu thuật điều trị hội chứng chền ép thần kinh trụ', 'Phẫu thuật điều trị hội chứng chền ép thần kinh trụ', '2,318,000', '2,318,000', '-', 23, 2140, '2020-12-01 00:19:25', '2020-12-01 00:19:25'),
(12112, 'Phẫu thuật điều trị hội chứng chền ép thần kinh quay', 'Phẫu thuật điều trị hội chứng chền ép thần kinh quay', '2,318,000', '2,318,000', '-', 23, 2140, '2020-12-01 00:19:25', '2020-12-01 00:19:25'),
(12113, 'Phụ thu phẫu thuật ngoài giờ (PT ruột thừa/dạ dày)', 'Phụ thu phẫu thuật ngoài giờ (PT ruột thừa/dạ dày)', '-', '-', ' 500,000 ', 23, 2140, '2020-12-01 00:19:25', '2020-12-01 00:19:25'),
(12114, 'Phụ thu phẫu thuật ngoài giờ (PT các xương nhỏ)', 'Phụ thu phẫu thuật ngoài giờ (PT các xương nhỏ)', '-', '-', ' 200,000 ', 23, 2140, '2020-12-01 00:19:25', '2020-12-01 00:19:25'),
(12115, 'Phụ thu phẫu thuật ngoài giờ (PT các xương lớn)', 'Phụ thu phẫu thuật ngoài giờ (PT các xương lớn)', '-', '-', ' 500,000 ', 23, 2140, '2020-12-01 00:19:25', '2020-12-01 00:19:25'),
(12116, 'Phụ thu phẫu thuật ngoài giờ (PT tiêu hóa)', 'Phụ thu phẫu thuật ngoài giờ (PT tiêu hóa)', '-', '-', ' 1,000,000 ', 23, 2140, '2020-12-01 00:19:25', '2020-12-01 00:19:25'),
(12117, 'Khám YHCT', 'Khám YHCT', ' 34,500', ' 34,500', ' 70,000', 23, 2141, '2020-12-01 00:19:25', '2020-12-01 00:19:25'),
(12118, 'Khám BHYT ngoài giờ', 'Khám BHYT ngoài giờ', '-', '-', ' 35,000', 23, 2141, '2020-12-01 00:19:25', '2020-12-01 00:19:25'),
(12119, 'Hào châm (kim ngắn)', 'Hào châm (kim ngắn)', ' 65,300', ' 65,300', ' 75,000', 23, 2141, '2020-12-01 00:19:25', '2020-12-01 00:19:25'),
(12120, 'Điện châm (có kim dài)', 'Điện châm (có kim dài)', ' 74,300', ' 74,300', ' 80,000', 23, 2141, '2020-12-01 00:19:25', '2020-12-01 00:19:25'),
(12121, 'Điện châm (kim ngắn)', 'Điện châm (kim ngắn)', ' 67,300', ' 67,300', ' 80,000', 23, 2141, '2020-12-01 00:19:25', '2020-12-01 00:19:25'),
(12122, ' Điều trị bằng tia hồng ngoại [đông y]', ' Điều trị bằng tia hồng ngoại [đông y]', ' 35,200', ' 35,200', ' 45,000', 23, 2141, '2020-12-01 00:19:25', '2020-12-01 00:19:25'),
(12123, 'Cứu', 'Cứu', ' 35,500', ' 35,500', ' 40,000', 23, 2141, '2020-12-01 00:19:25', '2020-12-01 00:19:25'),
(12124, 'Điều trị bằng các dòng điện xung [đông y', 'Điều trị bằng các dòng điện xung [đông y', ' 41,400', ' 41,400', ' 45,000', 23, 2141, '2020-12-01 00:19:25', '2020-12-01 00:19:25'),
(12125, 'Laser châm', 'Laser châm', ' 47,400', ' 47,400', ' 60,000', 23, 2141, '2020-12-01 00:19:25', '2020-12-01 00:19:25'),
(12126, 'Xoa bóp bấm huyệt điều trị liệt dây thần kinh số VII ngoại biên', 'Xoa bóp bấm huyệt điều trị liệt dây thần kinh số VII ngoại biên', ' 65,500', ' 65,500', ' 70,000', 23, 2141, '2020-12-01 00:19:25', '2020-12-01 00:19:25'),
(12127, 'Xoa bóp bấm huyệt điều trị liệt chi trên', 'Xoa bóp bấm huyệt điều trị liệt chi trên', ' 65,500', ' 65,500', ' 70,000', 23, 2141, '2020-12-01 00:19:25', '2020-12-01 00:19:25'),
(12128, 'Xoa bóp bấm huyệt điều trị liệt chi dưới', 'Xoa bóp bấm huyệt điều trị liệt chi dưới', ' 65,500', ' 65,500', ' 70,000', 23, 2141, '2020-12-01 00:19:25', '2020-12-01 00:19:25'),
(12129, 'Xoa bóp bấm huyệt điều trị liệt nửa người do tai biến mạch máu não', 'Xoa bóp bấm huyệt điều trị liệt nửa người do tai biến mạch máu não', ' 65,500', ' 65,500', ' 70,000', 23, 2141, '2020-12-01 00:19:25', '2020-12-01 00:19:25'),
(12130, 'Xoa bóp bấm huyệt điều trị hội chứng thắt lưng- hông', 'Xoa bóp bấm huyệt điều trị hội chứng thắt lưng- hông', ' 65,500', ' 65,500', ' 70,000', 23, 2141, '2020-12-01 00:19:25', '2020-12-01 00:19:25'),
(12131, 'Xoa bóp bấm huyệt điều trị cứng khớp chi trên', 'Xoa bóp bấm huyệt điều trị cứng khớp chi trên', ' 65,500', ' 65,500', ' 70,000', 23, 2141, '2020-12-01 00:19:25', '2020-12-01 00:19:25'),
(12132, 'Xoa bóp bấm huyệt điều trị cứng khớp chi dưới', 'Xoa bóp bấm huyệt điều trị cứng khớp chi dưới', ' 65,500', ' 65,500', ' 70,000', 23, 2141, '2020-12-01 00:19:26', '2020-12-01 00:19:26'),
(12133, 'Xoa bóp bấm huyệt điều trị liệt do bệnh của cơ', 'Xoa bóp bấm huyệt điều trị liệt do bệnh của cơ', ' 65,500', ' 65,500', ' 70,000', 23, 2141, '2020-12-01 00:19:26', '2020-12-01 00:19:26'),
(12134, 'Xoa bóp bấm huyệt điều trị hội chứng ngoại tháp', 'Xoa bóp bấm huyệt điều trị hội chứng ngoại tháp', ' 65,500', ' 65,500', ' 70,000', 23, 2141, '2020-12-01 00:19:26', '2020-12-01 00:19:26'),
(12135, 'Xoa bóp bấm huyệt điều trị đau đầu, đau nửa đầu', 'Xoa bóp bấm huyệt điều trị đau đầu, đau nửa đầu', ' 65,500', ' 65,500', ' 70,000', 23, 2141, '2020-12-01 00:19:26', '2020-12-01 00:19:26'),
(12136, 'Xoa bóp bấm huyệt điều trị mất ngủ', 'Xoa bóp bấm huyệt điều trị mất ngủ', ' 65,500', ' 65,500', ' 70,000', 23, 2141, '2020-12-01 00:19:26', '2020-12-01 00:19:26'),
(12137, 'Xoa bóp bấm huyệt điều trị hội chứng stress', 'Xoa bóp bấm huyệt điều trị hội chứng stress', ' 65,500', ' 65,500', ' 70,000', 23, 2141, '2020-12-01 00:19:26', '2020-12-01 00:19:26'),
(12138, 'Xoa bóp bấm huyệt điều trị thiểu năng tuần hoàn não mạn tính', 'Xoa bóp bấm huyệt điều trị thiểu năng tuần hoàn não mạn tính', ' 65,500', ' 65,500', ' 70,000', 23, 2141, '2020-12-01 00:19:26', '2020-12-01 00:19:26'),
(12139, 'Xoa bóp bấm huyệt điều trị tổn thương rễ, đám rối và dây thần kinh', 'Xoa bóp bấm huyệt điều trị tổn thương rễ, đám rối và dây thần kinh', ' 65,500', ' 65,500', ' 70,000', 23, 2141, '2020-12-01 00:19:26', '2020-12-01 00:19:26'),
(12140, 'Xoa bóp bấm huyệt điều trị tổn thương dây thần kinh V', 'Xoa bóp bấm huyệt điều trị tổn thương dây thần kinh V', ' 65,500', ' 65,500', ' 70,000', 23, 2141, '2020-12-01 00:19:26', '2020-12-01 00:19:26'),
(12141, 'Xoa bóp bấm huyệt điều trị hội chứng tiền đình', 'Xoa bóp bấm huyệt điều trị hội chứng tiền đình', ' 65,500', ' 65,500', ' 70,000', 23, 2141, '2020-12-01 00:19:26', '2020-12-01 00:19:26'),
(12142, 'Xoa bóp bấm huyệt điều trị viêm mũi xoang', 'Xoa bóp bấm huyệt điều trị viêm mũi xoang', ' 65,500', ' 65,500', ' 70,000', 23, 2141, '2020-12-01 00:19:26', '2020-12-01 00:19:26'),
(12143, 'Xoa bóp bấm huyệt điều trị huyết áp thấp', 'Xoa bóp bấm huyệt điều trị huyết áp thấp', ' 65,500', ' 65,500', ' 70,000', 23, 2141, '2020-12-01 00:19:26', '2020-12-01 00:19:26'),
(12144, 'Xoa bóp bấm huyệt điều trị đau thần kinh liên sườn', 'Xoa bóp bấm huyệt điều trị đau thần kinh liên sườn', ' 65,500', ' 65,500', ' 70,000', 23, 2141, '2020-12-01 00:19:26', '2020-12-01 00:19:26'),
(12145, 'Xoa bóp bấm huyệt điều trị viêm khớp dạng thấp', 'Xoa bóp bấm huyệt điều trị viêm khớp dạng thấp', ' 65,500', ' 65,500', ' 70,000', 23, 2141, '2020-12-01 00:19:26', '2020-12-01 00:19:26'),
(12146, 'Xoa bóp bấm huyệt điều trị đau do thoái hoá khớp', 'Xoa bóp bấm huyệt điều trị đau do thoái hoá khớp', ' 65,500', ' 65,500', ' 70,000', 23, 2141, '2020-12-01 00:19:26', '2020-12-01 00:19:26'),
(12147, 'Xoa bóp bấm huyệt điều trị đau lưng', 'Xoa bóp bấm huyệt điều trị đau lưng', ' 65,500', ' 65,500', ' 70,000', 23, 2141, '2020-12-01 00:19:26', '2020-12-01 00:19:26'),
(12148, 'Xoa bóp bấm huyệt điều trị viêm quanh khớp vai', 'Xoa bóp bấm huyệt điều trị viêm quanh khớp vai', ' 65,500', ' 65,500', ' 70,000', 23, 2141, '2020-12-01 00:19:26', '2020-12-01 00:19:26'),
(12149, 'Xoa bóp bấm huyệt điều trị hội chứng vai gáy', 'Xoa bóp bấm huyệt điều trị hội chứng vai gáy', ' 65,500', ' 65,500', ' 70,000', 23, 2141, '2020-12-01 00:19:26', '2020-12-01 00:19:26'),
(12150, 'Xoa bóp bấm huyệt điều trị chứng tic cơ mặt', 'Xoa bóp bấm huyệt điều trị chứng tic cơ mặt', ' 65,500', ' 65,500', ' 70,000', 23, 2141, '2020-12-01 00:19:26', '2020-12-01 00:19:26'),
(12151, 'Xoa bóp bấm huyệt điều trị rối loạn chức năng vận động do chấn thương sọ não', 'Xoa bóp bấm huyệt điều trị rối loạn chức năng vận động do chấn thương sọ não', ' 65,500', ' 65,500', ' 70,000', 23, 2141, '2020-12-01 00:19:26', '2020-12-01 00:19:26'),
(12152, 'Xoa bóp bấm huyệt điều trị liệt tứ chi do chấn thương cột sống', 'Xoa bóp bấm huyệt điều trị liệt tứ chi do chấn thương cột sống', ' 65,500', ' 65,500', ' 70,000', 23, 2141, '2020-12-01 00:19:26', '2020-12-01 00:19:26'),
(12153, 'Xoa bóp bấm huyệt điều trị sụp mi', 'Xoa bóp bấm huyệt điều trị sụp mi', ' 65,500', ' 65,500', ' 70,000', 23, 2141, '2020-12-01 00:19:26', '2020-12-01 00:19:26'),
(12154, 'Tập với ghế tập mạnh cơ Tứ đầu đùi', 'Tập với ghế tập mạnh cơ Tứ đầu đùi', ' 11,200', ' 11,200', ' 15,000', 23, 2142, '2020-12-01 00:19:26', '2020-12-01 00:19:26'),
(12155, 'Tập với ròng rọc', 'Tập với ròng rọc', ' 11,200', ' 11,200', ' 15,000', 23, 2142, '2020-12-01 00:19:26', '2020-12-01 00:19:26'),
(12156, 'Tập với xe đạp tập', 'Tập với xe đạp tập', ' 11,200', ' 11,200', ' 15,000', 23, 2142, '2020-12-01 00:19:26', '2020-12-01 00:19:26'),
(12157, 'Tập do cứng khớp', 'Tập do cứng khớp', ' 45,700', ' 45,700', ' 50,000', 23, 2142, '2020-12-01 00:19:26', '2020-12-01 00:19:26'),
(12158, 'Kỹ thuật xoa bóp vùng', 'Kỹ thuật xoa bóp vùng', ' 41,800', ' 41,800', ' 65,000', 23, 2142, '2020-12-01 00:19:26', '2020-12-01 00:19:26'),
(12159, 'Kỹ thuật xoa bóp toàn thân', 'Kỹ thuật xoa bóp toàn thân', ' 50,700', ' 50,700', ' 95,000', 23, 2142, '2020-12-01 00:19:26', '2020-12-01 00:19:26'),
(12160, 'Điều trị bằng tia hồng ngoại [VLTL]', 'Điều trị bằng tia hồng ngoại [VLTL]', ' 35,200', ' 35,200', ' 45,000', 23, 2142, '2020-12-01 00:19:26', '2020-12-01 00:19:26'),
(12161, 'Tập vận động thụ động', 'Tập vận động thụ động', ' 46,900', ' 46,900', ' 50,000', 23, 2142, '2020-12-01 00:19:26', '2020-12-01 00:19:26'),
(12162, 'Tập vận động có trợ giúp', 'Tập vận động có trợ giúp', ' 46,900', ' 46,900', ' 50,000', 23, 2142, '2020-12-01 00:19:26', '2020-12-01 00:19:26'),
(12163, 'Tập vận động có kháng trở', 'Tập vận động có kháng trở', ' 46,900', ' 46,900', ' 50,000', 23, 2142, '2020-12-01 00:19:26', '2020-12-01 00:19:26'),
(12164, 'Kỹ thuật tập đứng và đi cho người bệnh liệt nửa người', 'Kỹ thuật tập đứng và đi cho người bệnh liệt nửa người', ' 46,900', ' 46,900', ' 50,000', 23, 2142, '2020-12-01 00:19:26', '2020-12-01 00:19:26'),
(12165, 'Tập ngồi thăng bằng tĩnh và động', 'Tập ngồi thăng bằng tĩnh và động', ' 46,900', ' 46,900', ' 50,000', 23, 2142, '2020-12-01 00:19:26', '2020-12-01 00:19:26'),
(12166, 'Tập đứng thăng bằng tĩnh và động', 'Tập đứng thăng bằng tĩnh và động', ' 46,900', ' 46,900', ' 50,000', 23, 2142, '2020-12-01 00:19:26', '2020-12-01 00:19:26'),
(12167, 'Tập đi với thanh song song', 'Tập đi với thanh song song', ' 29,000', ' 29,000', ' 35,000', 23, 2142, '2020-12-01 00:19:26', '2020-12-01 00:19:26'),
(12168, 'Tập đi với khung tập đi', 'Tập đi với khung tập đi', ' 29,000', ' 29,000', ' 35,000', 23, 2142, '2020-12-01 00:19:26', '2020-12-01 00:19:26'),
(12169, 'Tập đi với nạng (nạng nách, nạng khuỷu)', 'Tập đi với nạng (nạng nách, nạng khuỷu)', ' 29,000', ' 29,000', ' 35,000', 23, 2142, '2020-12-01 00:19:26', '2020-12-01 00:19:26'),
(12170, 'Tập đi với gậy', 'Tập đi với gậy', ' 29,000', ' 29,000', ' 35,000', 23, 2142, '2020-12-01 00:19:26', '2020-12-01 00:19:26'),
(12171, 'Tập lên, xuống cầu thang', 'Tập lên, xuống cầu thang', ' 29,000', ' 29,000', ' 35,000', 23, 2142, '2020-12-01 00:19:26', '2020-12-01 00:19:26'),
(12172, 'Tập đi với chân giả trên gối', 'Tập đi với chân giả trên gối', ' 29,000', ' 29,000', ' 35,000', 23, 2142, '2020-12-01 00:19:26', '2020-12-01 00:19:26'),
(12173, 'Tập đi với chân giả dưới gối', 'Tập đi với chân giả dưới gối', ' 29,000', ' 29,000', ' 35,000', 23, 2142, '2020-12-01 00:19:26', '2020-12-01 00:19:26'),
(12174, 'Tập vận động trên bóng', 'Tập vận động trên bóng', ' 29,000', ' 29,000', ' 35,000', 23, 2142, '2020-12-01 00:19:26', '2020-12-01 00:19:26'),
(12175, 'Tập với thang tường', 'Tập với thang tường', ' 29,000', ' 29,000', ' 35,000', 23, 2142, '2020-12-01 00:19:26', '2020-12-01 00:19:26'),
(12176, 'Tập với dụng cụ quay khớp vai', 'Tập với dụng cụ quay khớp vai', ' 29,000', ' 29,000', ' 35,000', 23, 2142, '2020-12-01 00:19:26', '2020-12-01 00:19:26'),
(12177, 'Tập các kiểu thở', 'Tập các kiểu thở', ' 30,100', ' 30,100', ' 35,000', 23, 2142, '2020-12-01 00:19:26', '2020-12-01 00:19:26'),
(12178, 'Tập ho có trợ giúp', 'Tập ho có trợ giúp', ' 30,100', ' 30,100', ' 35,000', 23, 2142, '2020-12-01 00:19:26', '2020-12-01 00:19:26'),
(12179, 'Kỹ thuật tập sử dụng và điều khiển xe lăn', 'Kỹ thuật tập sử dụng và điều khiển xe lăn', ' 29,000', ' 29,000', ' 35,000', 23, 2142, '2020-12-01 00:19:26', '2020-12-01 00:19:26'),
(12180, 'Kỹ thuật tập tay và bàn tay cho người bệnh liệt nửa người', 'Kỹ thuật tập tay và bàn tay cho người bệnh liệt nửa người', ' 42,300', ' 42,300', ' 50,000', 23, 2142, '2020-12-01 00:19:26', '2020-12-01 00:19:26'),
(12181, 'Điều trị bằng các dòng điện xung [VLTL]', 'Điều trị bằng các dòng điện xung [VLTL]', ' 41,400', ' 41,400', ' 45,000', 23, 2142, '2020-12-01 00:19:26', '2020-12-01 00:19:26'),
(12182, 'Điều trị bằng từ trường', 'Điều trị bằng từ trường', ' 38,400', ' 38,400', ' 45,000', 23, 2142, '2020-12-01 00:19:26', '2020-12-01 00:19:26'),
(12183, 'Điều trị bằng siêu âm', 'Điều trị bằng siêu âm', ' 45,600', ' 45,600', ' 50,000', 23, 2142, '2020-12-01 00:19:26', '2020-12-01 00:19:26'),
(12184, 'Điều trị bằng sóng ngắn', 'Điều trị bằng sóng ngắn', ' 34,900', ' 34,900', ' 45,000', 23, 2142, '2020-12-01 00:19:26', '2020-12-01 00:19:26'),
(12185, 'Điều trị bằng dòng giao thoa', 'Điều trị bằng dòng giao thoa', ' 28,800', ' 28,800', ' 35,000', 23, 2142, '2020-12-01 00:19:26', '2020-12-01 00:19:26'),
(12186, 'Điều trị bằng máy kéo giãn cột sống [cột sống cổ]', 'Điều trị bằng máy kéo giãn cột sống [cột sống cổ]', ' 45,800', ' 45,800', ' 50,000', 23, 2142, '2020-12-01 00:19:26', '2020-12-01 00:19:26'),
(12187, 'Điều trị bằng máy kéo giãn cột sống [cột sống thắt lưng]', 'Điều trị bằng máy kéo giãn cột sống [cột sống thắt lưng]', ' 45,800', ' 45,800', ' 50,000', 23, 2142, '2020-12-01 00:19:26', '2020-12-01 00:19:26'),
(12188, 'Kỹ thuật kéo nắn trị liệu', 'Kỹ thuật kéo nắn trị liệu', ' 45,300', ' 45,300', ' 50,500', 23, 2142, '2020-12-01 00:19:26', '2020-12-01 00:19:26'),
(12189, 'Kéo dãn cột sống lưng bằng máy kéo Altrac', 'Kéo dãn cột sống lưng bằng máy kéo Altrac', '-', ' 30,000', ' 35,000', 23, 2142, '2020-12-01 00:19:26', '2020-12-01 00:19:26'),
(12190, 'Kéo dãn cột sống cổ bằng máy kéo Altrac', 'Kéo dãn cột sống cổ bằng máy kéo Altrac', '-', ' 30,000', ' 35,000', 23, 2142, '2020-12-01 00:19:26', '2020-12-01 00:19:26'),
(12191, 'Giường Hồi sức cấp cứu Hạng II - Khoa Hồi sức cấp cứu', 'Giường Hồi sức cấp cứu Hạng II - Khoa Hồi sức cấp cứu', ' 325,000 đ/người/ngày ', ' 325,000 đ/người/ngày ', ' 325,000 đ/người/ngày ', 24, 2143, '2020-12-01 00:31:34', '2020-12-01 00:31:34'),
(12192, 'Giường Nội khoa loại 1 Hạng II - Khoa Nội tiết', 'Giường Nội khoa loại 1 Hạng II - Khoa Nội tiết', ' 187,100 đ/người/ngày ', ' 187,100 đ/người/ngày ', ' 187,100 đ/người/ngày ', 24, 2143, '2020-12-01 00:31:34', '2020-12-01 00:31:34'),
(12193, 'Giường Nội khoa loại 1 Hạng II - Khoa Nhi', 'Giường Nội khoa loại 1 Hạng II - Khoa Nhi', ' 187,100 đ/người/ngày ', ' 187,100 đ/người/ngày ', ' 187,100 đ/người/ngày ', 24, 2143, '2020-12-01 00:31:34', '2020-12-01 00:31:34'),
(12194, 'Giường Nội khoa loại 2 Hạng II - Khoa Ngoại tổng hợp', 'Giường Nội khoa loại 2 Hạng II - Khoa Ngoại tổng hợp', ' 160,000 đ/người/ngày ', ' 160,000 đ/người/ngày ', ' 160,000 đ/người/ngày ', 24, 2143, '2020-12-01 00:31:34', '2020-12-01 00:31:34'),
(12195, 'Giường Nội khoa loại 2 Hạng II - Khoa Phụ - Sản', 'Giường Nội khoa loại 2 Hạng II - Khoa Phụ - Sản', ' 160,000 đ/người/ngày ', ' 160,000 đ/người/ngày ', ' 160,000 đ/người/ngày ', 24, 2143, '2020-12-01 00:31:34', '2020-12-01 00:31:34'),
(12196, 'Giường Nội khoa loại 2 Hạng II - Khoa Tai - Mũi - Họng', 'Giường Nội khoa loại 2 Hạng II - Khoa Tai - Mũi - Họng', ' 160,000 đ/người/ngày ', ' 160,000 đ/người/ngày ', ' 160,000 đ/người/ngày ', 24, 2143, '2020-12-01 00:31:34', '2020-12-01 00:31:34'),
(12197, 'Giường Nội khoa loại 2 Hạng II - Khoa Mắt', 'Giường Nội khoa loại 2 Hạng II - Khoa Mắt', ' 160,000 đ/người/ngày ', ' 160,000 đ/người/ngày ', ' 160,000 đ/người/ngày ', 24, 2143, '2020-12-01 00:31:34', '2020-12-01 00:31:34'),
(12198, 'Giường Hồi sức cấp cứu Hạng II - Khoa Nội tiết', 'Giường Hồi sức cấp cứu Hạng II - Khoa Nội tiết', ' 325,000 đ/người/ngày ', ' 325,000 đ/người/ngày ', ' 325,000 đ/người/ngày ', 24, 2144, '2020-12-01 00:31:34', '2020-12-01 00:31:34'),
(12199, 'Giường Nội khoa loại 1 Hạng II - Khoa Nội tiết', 'Giường Nội khoa loại 1 Hạng II - Khoa Nội tiết', ' 187,100 đ/người/ngày ', ' 187,100 đ/người/ngày ', ' 187,100 đ/người/ngày ', 24, 2144, '2020-12-01 00:31:34', '2020-12-01 00:31:34'),
(12200, 'Giường Hồi sức cấp cứu Hạng II - Khoa Nhi', 'Giường Hồi sức cấp cứu Hạng II - Khoa Nhi', ' 325,000 đ/người/ngày ', ' 325,000 đ/người/ngày ', '-', 24, 2145, '2020-12-01 00:31:34', '2020-12-01 00:31:34'),
(12201, 'Giường Nội khoa loại 1 Hạng II - Khoa Nhi', 'Giường Nội khoa loại 1 Hạng II - Khoa Nhi', ' 187,100 đ/người/ngày ', ' 187,100 đ/người/ngày ', '-', 24, 2145, '2020-12-01 00:31:34', '2020-12-01 00:31:34'),
(12202, 'Giường Nội khoa loại 2 Hạng II - Khoa Phụ - Sản', 'Giường Nội khoa loại 2 Hạng II - Khoa Phụ - Sản', ' 160,000 đ/người/ngày ', ' 160,000 đ/người/ngày ', ' 160,000 đ/người/ngày ', 24, 2146, '2020-12-01 00:31:34', '2020-12-01 00:31:34'),
(12203, 'Giường Ngoại khoa loại 1 Hạng II - Khoa Phụ - Sản', 'Giường Ngoại khoa loại 1 Hạng II - Khoa Phụ - Sản', ' 256,300 đ/người/ngày ', ' 256,300 đ/người/ngày ', ' 256,300 đ/người/ngày ', 24, 2146, '2020-12-01 00:31:34', '2020-12-01 00:31:34'),
(12204, 'Giường Ngoại khoa loại 2 Hạng II - Khoa Phụ - Sản', 'Giường Ngoại khoa loại 2 Hạng II - Khoa Phụ - Sản', ' 223,800 đ/người/ngày ', ' 223,800 đ/người/ngày ', ' 223,800 đ/người/ngày ', 24, 2146, '2020-12-01 00:31:34', '2020-12-01 00:31:34'),
(12205, 'Giường Ngoại khoa loại 3 Hạng II - Khoa Phụ - Sản', 'Giường Ngoại khoa loại 3 Hạng II - Khoa Phụ - Sản', ' 199,200 đ/người/ngày ', ' 199,200 đ/người/ngày ', ' 199,200 đ/người/ngày ', 24, 2146, '2020-12-01 00:31:34', '2020-12-01 00:31:34'),
(12206, 'Giường Ngoại khoa loại 4 Hạng II - Khoa Phụ - Sản', 'Giường Ngoại khoa loại 4 Hạng II - Khoa Phụ - Sản', ' 170,800 đ/người/ngày ', ' 170,800 đ/người/ngày ', ' 170,800 đ/người/ngày ', 24, 2146, '2020-12-01 00:31:34', '2020-12-01 00:31:34'),
(12207, 'Giường Nội khoa loại 2 Hạng II - Khoa Mắt', 'Giường Nội khoa loại 2 Hạng II - Khoa Mắt', ' 160,000 đ/người/ngày ', ' 160,000 đ/người/ngày ', ' 160,000 đ/người/ngày ', 24, 2147, '2020-12-01 00:31:34', '2020-12-01 00:31:34'),
(12208, 'Giường Ngoại khoa loại 1 Hạng II - Khoa Mắt', 'Giường Ngoại khoa loại 1 Hạng II - Khoa Mắt', ' 256,300 đ/người/ngày ', ' 256,300 đ/người/ngày ', ' 256,300 đ/người/ngày ', 24, 2147, '2020-12-01 00:31:34', '2020-12-01 00:31:34'),
(12209, 'Giường Ngoại khoa loại 2 Hạng II - Khoa Mắt', 'Giường Ngoại khoa loại 2 Hạng II - Khoa Mắt', ' 223,800 đ/người/ngày ', ' 223,800 đ/người/ngày ', ' 223,800 đ/người/ngày ', 24, 2147, '2020-12-01 00:31:34', '2020-12-01 00:31:34'),
(12210, 'Giường Ngoại khoa loại 3 Hạng II - Khoa Mắt', 'Giường Ngoại khoa loại 3 Hạng II - Khoa Mắt', ' 199,200 đ/người/ngày ', ' 199,200 đ/người/ngày ', ' 199,200 đ/người/ngày ', 24, 2147, '2020-12-01 00:31:34', '2020-12-01 00:31:34'),
(12211, 'Giường Ngoại khoa loại 4 Hạng II - Khoa Mắt', 'Giường Ngoại khoa loại 4 Hạng II - Khoa Mắt', ' 170,800 đ/người/ngày ', ' 170,800 đ/người/ngày ', ' 170,800 đ/người/ngày ', 24, 2147, '2020-12-01 00:31:34', '2020-12-01 00:31:34'),
(12212, 'Giường Nội khoa loại 2 Hạng II - Khoa Tai - Mũi - Họng', 'Giường Nội khoa loại 2 Hạng II - Khoa Tai - Mũi - Họng', ' 160,000 đ/người/ngày ', ' 160,000 đ/người/ngày ', ' 160,000 đ/người/ngày ', 24, 2148, '2020-12-01 00:31:34', '2020-12-01 00:31:34'),
(12213, 'Giường Ngoại khoa loại 1 Hạng II - Khoa Tai - Mũi - Họng', 'Giường Ngoại khoa loại 1 Hạng II - Khoa Tai - Mũi - Họng', ' 256,300 đ/người/ngày ', ' 256,300 đ/người/ngày ', ' 256,300 đ/người/ngày ', 24, 2148, '2020-12-01 00:31:34', '2020-12-01 00:31:34'),
(12214, 'Giường Ngoại khoa loại 2 Hạng II - Khoa Tai - Mũi - Họng', 'Giường Ngoại khoa loại 2 Hạng II - Khoa Tai - Mũi - Họng', ' 223,800 đ/người/ngày ', ' 223,800 đ/người/ngày ', ' 223,800 đ/người/ngày ', 24, 2148, '2020-12-01 00:31:34', '2020-12-01 00:31:34'),
(12215, 'Giường Ngoại khoa loại 3 Hạng II - Khoa Tai - Mũi - Họng', 'Giường Ngoại khoa loại 3 Hạng II - Khoa Tai - Mũi - Họng', ' 199,200 đ/người/ngày ', ' 199,200 đ/người/ngày ', ' 199,200 đ/người/ngày ', 24, 2148, '2020-12-01 00:31:34', '2020-12-01 00:31:34'),
(12216, 'Giường Ngoại khoa loại 4 Hạng II - Khoa Tai - Mũi - Họng', 'Giường Ngoại khoa loại 4 Hạng II - Khoa Tai - Mũi - Họng', ' 170,800 đ/người/ngày ', ' 170,800 đ/người/ngày ', ' 170,800 đ/người/ngày ', 24, 2148, '2020-12-01 00:31:34', '2020-12-01 00:31:34'),
(12217, 'Giường Nội khoa loại 2 Hạng II - Khoa Ngoại tổng hợp', 'Giường Nội khoa loại 2 Hạng II - Khoa Ngoại tổng hợp', ' 160,000 đ/người/ngày ', ' 160,000 đ/người/ngày ', ' 160,000 đ/người/ngày ', 24, 2149, '2020-12-01 00:31:34', '2020-12-01 00:31:34'),
(12218, 'Giường Ngoại khoa loại 1 Hạng II - Khoa Ngoại tổng hợp', 'Giường Ngoại khoa loại 1 Hạng II - Khoa Ngoại tổng hợp', ' 256,300 đ/người/ngày ', ' 256,300 đ/người/ngày ', ' 256,300 đ/người/ngày ', 24, 2149, '2020-12-01 00:31:34', '2020-12-01 00:31:34'),
(12219, 'Giường Ngoại khoa loại 2 Hạng II - Khoa Ngoại tổng hợp', 'Giường Ngoại khoa loại 2 Hạng II - Khoa Ngoại tổng hợp', ' 223,800 đ/người/ngày ', ' 223,800 đ/người/ngày ', ' 223,800 đ/người/ngày ', 24, 2149, '2020-12-01 00:31:34', '2020-12-01 00:31:34'),
(12220, 'Giường Ngoại khoa loại 3 Hạng II - Khoa Ngoại tổng hợp', 'Giường Ngoại khoa loại 3 Hạng II - Khoa Ngoại tổng hợp', ' 199,200 đ/người/ngày ', ' 199,200 đ/người/ngày ', ' 199,200 đ/người/ngày ', 24, 2149, '2020-12-01 00:31:34', '2020-12-01 00:31:34'),
(12221, 'Giường Ngoại khoa loại 4 Hạng II - Khoa Ngoại tổng hợp', 'Giường Ngoại khoa loại 4 Hạng II - Khoa Ngoại tổng hợp', ' 170,800 đ/người/ngày ', ' 170,800 đ/người/ngày ', ' 170,800 đ/người/ngày ', 24, 2149, '2020-12-01 00:31:34', '2020-12-01 00:31:34'),
(12222, 'Giường Hồi sức cấp cứu Hạng II - Khoa Bỏng', 'Giường Hồi sức cấp cứu Hạng II - Khoa Bỏng', ' 325,000 đ/người/ngày ', ' 325,000 đ/người/ngày ', ' 325,000 đ/người/ngày ', 24, 2150, '2020-12-01 00:31:34', '2020-12-01 00:31:34'),
(12223, 'Giường Ngoại khoa loại 1 Hạng II - Khoa Bỏng', 'Giường Ngoại khoa loại 1 Hạng II - Khoa Bỏng', ' 256,300 đ/người/ngày ', ' 256,300 đ/người/ngày ', ' 256,300 đ/người/ngày ', 24, 2150, '2020-12-01 00:31:34', '2020-12-01 00:31:34'),
(12224, 'Giường Ngoại khoa loại 2 Hạng II - Khoa Bỏng', 'Giường Ngoại khoa loại 2 Hạng II - Khoa Bỏng', ' 223,800 đ/người/ngày ', ' 223,800 đ/người/ngày ', ' 223,800 đ/người/ngày ', 24, 2150, '2020-12-01 00:31:34', '2020-12-01 00:31:34'),
(12225, 'Giường Ngoại khoa loại 3 Hạng II - Khoa Bỏng', 'Giường Ngoại khoa loại 3 Hạng II - Khoa Bỏng', ' 199,200 đ/người/ngày ', ' 199,200 đ/người/ngày ', ' 199,200 đ/người/ngày ', 24, 2150, '2020-12-01 00:31:34', '2020-12-01 00:31:34'),
(12226, 'Giường Ngoại khoa loại 4 Hạng II - Khoa Bỏng', 'Giường Ngoại khoa loại 4 Hạng II - Khoa Bỏng', ' 170,800 đ/người/ngày ', ' 170,800 đ/người/ngày ', ' 170,800 đ/người/ngày ', 24, 2150, '2020-12-01 00:31:34', '2020-12-01 00:31:34'),
(12227, ' PHÒNG HẠNG 1 (bao gồm : tủ lạnh, ti vi, máy lạnh, máy nóng lạnh) ', ' PHÒNG HẠNG 1 (bao gồm : tủ lạnh, ti vi, máy lạnh, máy nóng lạnh) ', '-', '-', ' 420,000 đ/người/ngày (17.500/giờ) ', 24, 2151, '2020-12-01 00:31:34', '2020-12-01 00:31:34'),
(12228, ' PHÒNG HẠNG 2 (bao gồm : ti vi, máy lạnh, máy nóng lạnh) ', ' PHÒNG HẠNG 2 (bao gồm : ti vi, máy lạnh, máy nóng lạnh) ', '-', '-', ' 336,000 đ/người/ngày (14.000/giờ) ', 24, 2151, '2020-12-01 00:31:34', '2020-12-01 00:31:34'),
(12229, ' PHÒNG HẠNG 3 (bao gồm : máy lạnh, máy nóng lạnh) ', ' PHÒNG HẠNG 3 (bao gồm : máy lạnh, máy nóng lạnh) ', '-', '-', ' 264,000 đ/người/ngày (11.000/giờ) ', 24, 2151, '2020-12-01 00:31:34', '2020-12-01 00:31:34'),
(12230, ' PHÒNG GÂY MÊ HỒI SỨC ', ' PHÒNG GÂY MÊ HỒI SỨC ', '-', '-', ' 300,000 đ/người/ngày (12.500/giờ) ', 24, 2151, '2020-12-01 00:31:34', '2020-12-01 00:31:34'),
(12231, ' CHÊNH LỆCH TIỀN PHÒNG HẠNG 1 (bao trọn) (Nội/ nhi) ', ' CHÊNH LỆCH TIỀN PHÒNG HẠNG 1 (bao trọn) (Nội/ nhi) ', '-', '-', '  1,072,900 đ/ngày  ', 24, 2152, '2020-12-01 00:31:34', '2020-12-01 00:31:34'),
(12232, ' CHÊNH LỆCH TIỀN PHÒNG HẠNG 2 (bao trọn) (Nội/ nhi) ', ' CHÊNH LỆCH TIỀN PHÒNG HẠNG 2 (bao trọn) (Nội/ nhi) ', '-', '-', '  820,900 đ/ngày  ', 24, 2152, '2020-12-01 00:31:34', '2020-12-01 00:31:34'),
(12233, ' CHÊNH LỆCH TIỀN PHÒNG HẠNG 3 (bao trọn) (Nội/ nhi)  ', ' CHÊNH LỆCH TIỀN PHÒNG HẠNG 3 (bao trọn) (Nội/ nhi)  ', '-', '-', '  604,900 đ/ngày  ', 24, 2152, '2020-12-01 00:31:34', '2020-12-01 00:31:34'),
(12234, ' CHÊNH LỆCH TIỀN PHÒNG HẠNG 1 (Nội/ nhi) ', ' CHÊNH LỆCH TIỀN PHÒNG HẠNG 1 (Nội/ nhi) ', '-', '-', '  232,900 đ/ngày  ', 24, 2152, '2020-12-01 00:31:34', '2020-12-01 00:31:34'),
(12235, ' CHÊNH LỆCH TIỀN PHÒNG HẠNG 2 (Nội/ nhi) ', ' CHÊNH LỆCH TIỀN PHÒNG HẠNG 2 (Nội/ nhi) ', '-', '-', '  148,900 đ/ngày  ', 24, 2152, '2020-12-01 00:31:34', '2020-12-01 00:31:34'),
(12236, ' CHÊNH LỆCH TIỀN PHÒNG HẠNG 3 (Nội/ nhi)  ', ' CHÊNH LỆCH TIỀN PHÒNG HẠNG 3 (Nội/ nhi)  ', '-', '-', '  76,900 đ/ngày  ', 24, 2152, '2020-12-01 00:31:34', '2020-12-01 00:31:34'),
(12237, 'CHÊNH LỆCH TIỀN PHÒNG HẠNG 1 (bao trọn) (NG/S/TMH/M) ', 'CHÊNH LỆCH TIỀN PHÒNG HẠNG 1 (bao trọn) (NG/S/TMH/M) ', '-', '-', '1,100,000 đ/ngày  ', 24, 2153, '2020-12-01 00:31:34', '2020-12-01 00:31:34'),
(12238, ' CHÊNH LỆCH TIỀN PHÒNG HẠNG 2 (bao trọn) (NG/S/TMH/M) ', ' CHÊNH LỆCH TIỀN PHÒNG HẠNG 2 (bao trọn) (NG/S/TMH/M) ', '-', '-', '  848,000 đ/ngày  ', 24, 2153, '2020-12-01 00:31:34', '2020-12-01 00:31:34'),
(12239, ' CHÊNH LỆCH TIỀN PHÒNG HẠNG 3(bao trọn) (NG/S/TMH/M) ', ' CHÊNH LỆCH TIỀN PHÒNG HẠNG 3(bao trọn) (NG/S/TMH/M) ', '-', '-', '  632,000 đ/ngày  ', 24, 2153, '2020-12-01 00:31:34', '2020-12-01 00:31:34'),
(12240, ' CHÊNH LỆCH TIỀN PHÒNG HẠNG 1 (NG/S/TMH/M) ', ' CHÊNH LỆCH TIỀN PHÒNG HẠNG 1 (NG/S/TMH/M) ', '-', '-', '  260,000 đ/ngày  ', 24, 2153, '2020-12-01 00:31:34', '2020-12-01 00:31:34'),
(12241, ' CHÊNH LỆCH TIỀN PHÒNG HẠNG 2 (NG/S/TMH/M) ', ' CHÊNH LỆCH TIỀN PHÒNG HẠNG 2 (NG/S/TMH/M) ', '-', '-', '  176,000 đ/ngày  ', 24, 2153, '2020-12-01 00:31:34', '2020-12-01 00:31:34'),
(12242, ' CHÊNH LỆCH TIỀN PHÒNG HẠNG 3 (NG/S/TMH/M) ', ' CHÊNH LỆCH TIỀN PHÒNG HẠNG 3 (NG/S/TMH/M) ', '-', '-', '  104,000 đ/ngày ', 24, 2153, '2020-12-01 00:31:34', '2020-12-01 00:31:34'),
(12243, 'CHÊNH LỆCH TIỀN PHÒNG HẠNG 1 (bao PHÒNG) (GIƯỜNG NGOẠI KHOA LOẠI 1 - SAU PT LOẠI ĐB) ', 'CHÊNH LỆCH TIỀN PHÒNG HẠNG 1 (bao PHÒNG) (GIƯỜNG NGOẠI KHOA LOẠI 1 - SAU PT LOẠI ĐB) ', '-', '-', '1,003,700 đ/ngày  ', 24, 2154, '2020-12-01 00:31:34', '2020-12-01 00:31:34'),
(12244, ' CHÊNH LỆCH TIỀN PHÒNG HẠNG 2 (bao PHÒNG) (GIƯỜNG NGOẠI KHOA LOẠI 1 - SAU PT LOẠI ĐB) ', ' CHÊNH LỆCH TIỀN PHÒNG HẠNG 2 (bao PHÒNG) (GIƯỜNG NGOẠI KHOA LOẠI 1 - SAU PT LOẠI ĐB) ', '-', '-', '  751,700 đ/ngày  ', 24, 2154, '2020-12-01 00:31:34', '2020-12-01 00:31:34'),
(12245, ' CHÊNH LỆCH TIỀN PHÒNG HẠNG 3 (bao PHÒNG) (GIƯỜNG NGOẠI KHOA LOẠI 1 - SAU PT LOẠI ĐB) ', ' CHÊNH LỆCH TIỀN PHÒNG HẠNG 3 (bao PHÒNG) (GIƯỜNG NGOẠI KHOA LOẠI 1 - SAU PT LOẠI ĐB) ', '-', '-', '  535,700 đ/ngày  ', 24, 2154, '2020-12-01 00:31:34', '2020-12-01 00:31:34'),
(12246, ' CHÊNH LỆCH  TIỀN PHÒNG HẠNG 1 (GIƯỜNG NGOẠI KHOA LOẠI 1 - SAU PT LOẠI ĐB) ', ' CHÊNH LỆCH  TIỀN PHÒNG HẠNG 1 (GIƯỜNG NGOẠI KHOA LOẠI 1 - SAU PT LOẠI ĐB) ', '-', '-', '  163,700 đ/ngày  ', 24, 2154, '2020-12-01 00:31:34', '2020-12-01 00:31:34'),
(12247, ' CHÊNH LỆCH  TIỀN PHÒNG HẠNG 2 (GIƯỜNG NGOẠI KHOA LOẠI 1 - SAU PT LOẠI ĐB) ', ' CHÊNH LỆCH  TIỀN PHÒNG HẠNG 2 (GIƯỜNG NGOẠI KHOA LOẠI 1 - SAU PT LOẠI ĐB) ', '-', '-', '  79,700 đ/ngày  ', 24, 2154, '2020-12-01 00:31:34', '2020-12-01 00:31:34'),
(12248, ' CHÊNH LỆCH  TIỀN PHÒNG HẠNG 3 (GIƯỜNG NGOẠI KHOA LOẠI 1 - SAU PT LOẠI ĐB) ', ' CHÊNH LỆCH  TIỀN PHÒNG HẠNG 3 (GIƯỜNG NGOẠI KHOA LOẠI 1 - SAU PT LOẠI ĐB) ', '-', '-', '  7,700 đ/ngày  ', 24, 2154, '2020-12-01 00:31:34', '2020-12-01 00:31:34'),
(12249, ' CHÊNH LỆCH TIỀN PHÒNG HẠNG 1 (bao PHÒNG) (GIƯỜNG NGOẠI KHOA LOẠI 2 - SAU PT LOẠI I) ', ' CHÊNH LỆCH TIỀN PHÒNG HẠNG 1 (bao PHÒNG) (GIƯỜNG NGOẠI KHOA LOẠI 2 - SAU PT LOẠI I) ', '-', '-', '  1,036,200 đ/ngày  ', 24, 2155, '2020-12-01 00:31:34', '2020-12-01 00:31:34'),
(12250, ' CHÊNH LỆCH TIỀN PHÒNG HẠNG 2 (bao PHÒNG) (GIƯỜNG NGOẠI KHOA LOẠI 2 - SAU PT LOẠI I)  ', ' CHÊNH LỆCH TIỀN PHÒNG HẠNG 2 (bao PHÒNG) (GIƯỜNG NGOẠI KHOA LOẠI 2 - SAU PT LOẠI I)  ', '-', '-', '  784,200 đ/ngày  ', 24, 2155, '2020-12-01 00:31:34', '2020-12-01 00:31:34'),
(12251, ' CHÊNH LỆCH TIỀN PHÒNG HẠNG 3 (bao PHÒNG) (GIƯỜNG NGOẠI KHOA LOẠI 2 - SAU PT LOẠI I) ', ' CHÊNH LỆCH TIỀN PHÒNG HẠNG 3 (bao PHÒNG) (GIƯỜNG NGOẠI KHOA LOẠI 2 - SAU PT LOẠI I) ', '-', '-', '  568,200 đ/ngày  ', 24, 2155, '2020-12-01 00:31:34', '2020-12-01 00:31:34'),
(12252, ' CHÊNH LỆCH  TIỀN PHÒNG HẠNG 1 (GIƯỜNG NGOẠI KHOA LOẠI 2 - SAU PT LOẠI I) ', ' CHÊNH LỆCH  TIỀN PHÒNG HẠNG 1 (GIƯỜNG NGOẠI KHOA LOẠI 2 - SAU PT LOẠI I) ', '-', '-', '  196,200 đ/ngày  ', 24, 2155, '2020-12-01 00:31:34', '2020-12-01 00:31:34'),
(12253, ' CHÊNH LỆCH  TIỀN PHÒNG HẠNG 2 (GIƯỜNG NGOẠI KHOA LOẠI 2 - SAU PT LOẠI I) ', ' CHÊNH LỆCH  TIỀN PHÒNG HẠNG 2 (GIƯỜNG NGOẠI KHOA LOẠI 2 - SAU PT LOẠI I) ', '-', '-', '  112,200 đ/ngày  ', 24, 2155, '2020-12-01 00:31:34', '2020-12-01 00:31:34'),
(12254, ' CHÊNH LỆCH  TIỀN PHÒNG HẠNG 3 (GIƯỜNG NGOẠI KHOA LOẠI 2 - SAU PT LOẠI I) ', ' CHÊNH LỆCH  TIỀN PHÒNG HẠNG 3 (GIƯỜNG NGOẠI KHOA LOẠI 2 - SAU PT LOẠI I) ', '-', '-', '  40,200 đ/ngày  ', 24, 2155, '2020-12-01 00:31:34', '2020-12-01 00:31:34'),
(12255, ' CHÊNH LỆCH TIỀN PHÒNG HẠNG 1 (bao PHÒNG) (GIƯỜNG NGOẠI KHOA LOẠI 3 - SAU PT LOẠI II) ', ' CHÊNH LỆCH TIỀN PHÒNG HẠNG 1 (bao PHÒNG) (GIƯỜNG NGOẠI KHOA LOẠI 3 - SAU PT LOẠI II) ', '-', '-', '  1,060,800 đ/ngày  ', 24, 2156, '2020-12-01 00:31:34', '2020-12-01 00:31:34'),
(12256, ' CHÊNH LỆCH TIỀN PHÒNG HẠNG 2 (bao PHÒNG) (GIƯỜNG NGOẠI KHOA LOẠI 3 - SAU PT LOẠI II) ', ' CHÊNH LỆCH TIỀN PHÒNG HẠNG 2 (bao PHÒNG) (GIƯỜNG NGOẠI KHOA LOẠI 3 - SAU PT LOẠI II) ', '-', '-', '  808,800 đ/ngày  ', 24, 2156, '2020-12-01 00:31:34', '2020-12-01 00:31:34'),
(12257, ' CHÊNH LỆCH TIỀN PHÒNG HẠNG 3 (bao PHÒNG) (GIƯỜNG NGOẠI KHOA LOẠI 3 - SAU PT LOẠI II) ', ' CHÊNH LỆCH TIỀN PHÒNG HẠNG 3 (bao PHÒNG) (GIƯỜNG NGOẠI KHOA LOẠI 3 - SAU PT LOẠI II) ', '-', '-', '  592,800 đ/ngày  ', 24, 2156, '2020-12-01 00:31:34', '2020-12-01 00:31:34'),
(12258, ' CHÊNH LỆCH  TIỀN PHÒNG HẠNG 1 (GIƯỜNG NGOẠI KHOA LOẠI 3 - SAU PT LOẠI II) ', ' CHÊNH LỆCH  TIỀN PHÒNG HẠNG 1 (GIƯỜNG NGOẠI KHOA LOẠI 3 - SAU PT LOẠI II) ', '-', '-', '  220,800 đ/ngày  ', 24, 2156, '2020-12-01 00:31:34', '2020-12-01 00:31:34'),
(12259, ' CHÊNH LỆCH  TIỀN PHÒNG HẠNG 2 (GIƯỜNG NGOẠI KHOA LOẠI 3 - SAU PT LOẠI II) ', ' CHÊNH LỆCH  TIỀN PHÒNG HẠNG 2 (GIƯỜNG NGOẠI KHOA LOẠI 3 - SAU PT LOẠI II) ', '-', '-', '  136,800 đ/ngày  ', 24, 2156, '2020-12-01 00:31:34', '2020-12-01 00:31:34'),
(12260, ' CHÊNH LỆCH  TIỀN PHÒNG HẠNG 3 (GIƯỜNG NGOẠI KHOA LOẠI 3 - SAU PT LOẠI II) ', ' CHÊNH LỆCH  TIỀN PHÒNG HẠNG 3 (GIƯỜNG NGOẠI KHOA LOẠI 3 - SAU PT LOẠI II) ', '-', '-', '  64.800 đ/ngày  ', 24, 2156, '2020-12-01 00:31:34', '2020-12-01 00:31:34'),
(12261, ' CHÊNH LỆCH TIỀN PHÒNG HẠNG 1 (bao PHÒNG) (GIƯỜNG NGOẠI KHOA LOẠI 4 - SAU PT LOẠI III) ', ' CHÊNH LỆCH TIỀN PHÒNG HẠNG 1 (bao PHÒNG) (GIƯỜNG NGOẠI KHOA LOẠI 4 - SAU PT LOẠI III) ', '-', '-', '  1,089,200 đ/ngày  ', 24, 2157, '2020-12-01 00:31:34', '2020-12-01 00:31:34'),
(12262, ' CHÊNH LỆCH TIỀN PHÒNG HẠNG 2 (bao PHÒNG) (GIƯỜNG NGOẠI KHOA LOẠI 4 - SAU PT LOẠI III) ', ' CHÊNH LỆCH TIỀN PHÒNG HẠNG 2 (bao PHÒNG) (GIƯỜNG NGOẠI KHOA LOẠI 4 - SAU PT LOẠI III) ', '-', '-', '  837,200 đ/ngày  ', 24, 2157, '2020-12-01 00:31:34', '2020-12-01 00:31:34'),
(12263, ' CHÊNH LỆCH TIỀN PHÒNG HẠNG 3 (bao PHÒNG) (GIƯỜNG NGOẠI KHOA LOẠI 4 - SAU PT LOẠI III) ', ' CHÊNH LỆCH TIỀN PHÒNG HẠNG 3 (bao PHÒNG) (GIƯỜNG NGOẠI KHOA LOẠI 4 - SAU PT LOẠI III) ', '-', '-', '  621,200 đ/ngày  ', 24, 2157, '2020-12-01 00:31:34', '2020-12-01 00:31:34'),
(12264, ' CHÊNH LỆCH TIỀN PHÒNG HẠNG 1 (GIƯỜNG NGOẠI KHOA LOẠI 4 - SAU PT LOẠI III) ', ' CHÊNH LỆCH TIỀN PHÒNG HẠNG 1 (GIƯỜNG NGOẠI KHOA LOẠI 4 - SAU PT LOẠI III) ', '-', '-', '  249,200 đ/ngày  ', 24, 2157, '2020-12-01 00:31:34', '2020-12-01 00:31:34'),
(12265, ' CHÊNH LỆCH TIỀN PHÒNG HẠNG 2 (GIƯỜNG NGOẠI KHOA LOẠI 4 - SAU PT LOẠI III) ', ' CHÊNH LỆCH TIỀN PHÒNG HẠNG 2 (GIƯỜNG NGOẠI KHOA LOẠI 4 - SAU PT LOẠI III) ', '-', '-', '  165,200 đ/ngày  ', 24, 2157, '2020-12-01 00:31:34', '2020-12-01 00:31:34'),
(12266, ' CHÊNH LỆCH TIỀN PHÒNG HẠNG 3 (GIƯỜNG NGOẠI KHOA LOẠI 4 - SAU PT LOẠI III) ', ' CHÊNH LỆCH TIỀN PHÒNG HẠNG 3 (GIƯỜNG NGOẠI KHOA LOẠI 4 - SAU PT LOẠI III) ', '-', '-', '  93,200 đ/ngày  ', 24, 2157, '2020-12-01 00:31:34', '2020-12-01 00:31:34'),
(12267, 'Ghế bố cho thân nhân', 'Ghế bố cho thân nhân', '-', '-', '  20,000 đ/ghế/ngày   ', 24, 2158, '2020-12-01 00:31:34', '2020-12-01 00:31:34'),
(12268, 'Thay ra giường thêm', 'Thay ra giường thêm', '-', '-', '  10,000 đ/lần  ', 24, 2158, '2020-12-01 00:31:34', '2020-12-01 00:31:34'),
(12269, ' TƯ VẤN ', ' TƯ VẤN ', '-', '35,000 đ', '-', 24, 2159, '2020-12-01 00:31:34', '2020-12-01 00:31:34'),
(12270, ' VIÊM MÀNG NÃO MÔ CẦU ACYW-135 ', ' VIÊM MÀNG NÃO MÔ CẦU ACYW-135 ', '-', '1,130,000 đ', '-', 24, 2159, '2020-12-01 00:31:34', '2020-12-01 00:31:34'),
(12271, ' VIÊM MÀNG NÃO MÔ CẦU B&C ', ' VIÊM MÀNG NÃO MÔ CẦU B&C ', '-', '220,000 đ', '-', 24, 2159, '2020-12-01 00:31:34', '2020-12-01 00:31:34'),
(12272, ' THỦY ĐẬU (TRÁI RẠ) ', ' THỦY ĐẬU (TRÁI RẠ) ', '-', '590,000 đ', '-', 24, 2159, '2020-12-01 00:31:34', '2020-12-01 00:31:34'),
(12273, ' THỦY ĐẬU (TRÁI RẠ) ', ' THỦY ĐẬU (TRÁI RẠ) ', '-', '650,000 đ', '-', 24, 2159, '2020-12-01 00:31:34', '2020-12-01 00:31:34'),
(12274, ' SỞI - QUAI BỊ - RUBELLA ', ' SỞI - QUAI BỊ - RUBELLA ', '-', '200,000 đ', '-', 24, 2159, '2020-12-01 00:31:34', '2020-12-01 00:31:34'),
(12275, ' SỞI - QUAI BỊ - RUBELLA ', ' SỞI - QUAI BỊ - RUBELLA ', '-', '170,000 đ', '-', 24, 2159, '2020-12-01 00:31:34', '2020-12-01 00:31:34'),
(12276, ' NGỪA DẠI  ', ' NGỪA DẠI  ', '-', '215,000 đ', '-', 24, 2159, '2020-12-01 00:31:34', '2020-12-01 00:31:34'),
(12277, ' NGỪA DẠI  ', ' NGỪA DẠI  ', '-', '290,000 đ', '-', 24, 2159, '2020-12-01 00:31:34', '2020-12-01 00:31:34'),
(12278, ' VIÊM NÃO NHẬT BẢN B ', ' VIÊM NÃO NHẬT BẢN B ', '-', '80,000 đ', '-', 24, 2159, '2020-12-01 00:31:34', '2020-12-01 00:31:34'),
(12279, ' VIÊM NÃO NHẬT BẢN B ', ' VIÊM NÃO NHẬT BẢN B ', '-', '620,000 đ', '-', 24, 2159, '2020-12-01 00:31:34', '2020-12-01 00:31:34'),
(12280, ' NGỪA VIÊM GAN SIÊU VI B TRẺ EM ', ' NGỪA VIÊM GAN SIÊU VI B TRẺ EM ', '-', '80,000 đ', '-', 24, 2159, '2020-12-01 00:31:34', '2020-12-01 00:31:34'),
(12281, ' NGỪA VIÊM GAN SIÊU VI B TRẺ EM ', ' NGỪA VIÊM GAN SIÊU VI B TRẺ EM ', '-', '100,000 đ', '-', 24, 2159, '2020-12-01 00:31:34', '2020-12-01 00:31:34'),
(12282, ' NGỪA VIÊM GAN SIÊU VI B NGƯỜI LỚN ', ' NGỪA VIÊM GAN SIÊU VI B NGƯỜI LỚN ', '-', '130,000 đ', '-', 24, 2159, '2020-12-01 00:31:34', '2020-12-01 00:31:34'),
(12283, ' NGỪA VIÊM GAN SIÊU VI B NGƯỜI LỚN ', ' NGỪA VIÊM GAN SIÊU VI B NGƯỜI LỚN ', '-', '150,000 đ', '-', 24, 2159, '2020-12-01 00:31:34', '2020-12-01 00:31:34'),
(12284, ' NGỪA CÚM DƯỚI 3 TUỔI ', ' NGỪA CÚM DƯỚI 3 TUỔI ', '-', '220,000 đ', '-', 24, 2159, '2020-12-01 00:31:34', '2020-12-01 00:31:34'),
(12285, ' NGỪA CÚM NGƯỜI LỚN ', ' NGỪA CÚM NGƯỜI LỚN ', '-', '280,000 đ', '-', 24, 2159, '2020-12-01 00:31:34', '2020-12-01 00:31:34'),
(12286, ' NGỪA CÚM NGƯỜI LỚN ', ' NGỪA CÚM NGƯỜI LỚN ', '-', '260,000 đ', '-', 24, 2159, '2020-12-01 00:31:34', '2020-12-01 00:31:34'),
(12287, ' NGỪA BỆNH THƯƠNG HÀN  ', ' NGỪA BỆNH THƯƠNG HÀN  ', '-', '180,000 đ', '-', 24, 2159, '2020-12-01 00:31:34', '2020-12-01 00:31:34'),
(12288, ' NGỪA BỆNH  VIÊM GAN SV A  (< 16T) ', ' NGỪA BỆNH  VIÊM GAN SV A  (< 16T) ', '-', '430,000 đ', '-', 24, 2159, '2020-12-01 00:31:34', '2020-12-01 00:31:34'),
(12289, ' NGỪA VIÊM DẠ DÀY - RUỘT (do Rotavirus) ', ' NGỪA VIÊM DẠ DÀY - RUỘT (do Rotavirus) ', '-', '560,000 đ', '-', 24, 2159, '2020-12-01 00:31:34', '2020-12-01 00:31:34'),
(12290, ' TIÊU CHẢY (do Rotavirus) ', ' TIÊU CHẢY (do Rotavirus) ', '-', '770,000 đ', '-', 24, 2159, '2020-12-01 00:31:34', '2020-12-01 00:31:34');
INSERT INTO `db_chidinh` (`id`, `name`, `slug`, `price_bhyt`, `price_dichvu`, `price_dichvutyc`, `group_id`, `category_id`, `created_at`, `updated_at`) VALUES
(12291, ' PHẾ CẦU KHUẨN ', ' PHẾ CẦU KHUẨN ', '-', '900,000 đ', '-', 24, 2159, '2020-12-01 00:31:34', '2020-12-01 00:31:34'),
(12292, ' VACCIN 5 TRONG 1 (BẠCH HẦU - HO GÀ - UỐN VÁN - BẠI LIỆT - HIB) ', ' VACCIN 5 TRONG 1 (BẠCH HẦU - HO GÀ - UỐN VÁN - BẠI LIỆT - HIB) ', '-', '700,000 đ', '-', 24, 2159, '2020-12-01 00:31:34', '2020-12-01 00:31:34'),
(12293, ' VACXIN 6 TRONG 1(BẠCH HẦU - HO GÀ - UỐN VÁN - VIÊM GAN B - BẠI LIỆT - HIB) ', ' VACXIN 6 TRONG 1(BẠCH HẦU - HO GÀ - UỐN VÁN - VIÊM GAN B - BẠI LIỆT - HIB) ', '-', '900,000 đ', '-', 24, 2159, '2020-12-01 00:31:34', '2020-12-01 00:31:34'),
(12294, ' VACXIN 4 TRONG 1 (BẠCH HẦU - HO GÀ - UỐN VÁN - BẠI LIỆT) ', ' VACXIN 4 TRONG 1 (BẠCH HẦU - HO GÀ - UỐN VÁN - BẠI LIỆT) ', '-', '440,000 đ', '-', 24, 2159, '2020-12-01 00:31:34', '2020-12-01 00:31:34'),
(12295, ' NGỪA UNG THƯ CỔ TỬ CUNG ', ' NGỪA UNG THƯ CỔ TỬ CUNG ', '-', '840,000 đ', '-', 24, 2159, '2020-12-01 00:31:34', '2020-12-01 00:31:34');

-- --------------------------------------------------------

--
-- Table structure for table `db_group`
--

CREATE TABLE `db_group` (
  `id` bigint(20) UNSIGNED NOT NULL,
  `name` varchar(255) COLLATE utf8mb4_unicode_ci NOT NULL,
  `slug` varchar(255) COLLATE utf8mb4_unicode_ci DEFAULT NULL,
  `created_at` timestamp NULL DEFAULT NULL,
  `updated_at` timestamp NULL DEFAULT NULL
) ENGINE=InnoDB DEFAULT CHARSET=utf8mb4 COLLATE=utf8mb4_unicode_ci;

--
-- Dumping data for table `db_group`
--

INSERT INTO `db_group` (`id`, `name`, `slug`, `created_at`, `updated_at`) VALUES
(21, 'CẬN LÂM SÀN', 'CẬN LÂM SÀN', NULL, NULL),
(22, 'KHÁM BỆNH, KHÁM SỨC KHỎE', 'KHÁM BỆNH, KHÁM SỨC KHỎE', NULL, NULL),
(23, 'PHẪU THUẬT, THỦ THUẬT', 'PHẪU THUẬT, THỦ THUẬT', NULL, NULL),
(24, 'TIÊM CHỦNG, GÍA PHÒNG', 'TIÊM CHỦNG, GÍA PHÒNG', NULL, NULL),
(25, 'QUY TRÌNH', 'QUY TRÌNH', NULL, NULL);

-- --------------------------------------------------------

--
-- Table structure for table `failed_jobs`
--

CREATE TABLE `failed_jobs` (
  `id` bigint(20) UNSIGNED NOT NULL,
  `uuid` varchar(255) COLLATE utf8mb4_unicode_ci NOT NULL,
  `connection` text COLLATE utf8mb4_unicode_ci NOT NULL,
  `queue` text COLLATE utf8mb4_unicode_ci NOT NULL,
  `payload` longtext COLLATE utf8mb4_unicode_ci NOT NULL,
  `exception` longtext COLLATE utf8mb4_unicode_ci NOT NULL,
  `failed_at` timestamp NOT NULL DEFAULT current_timestamp()
) ENGINE=InnoDB DEFAULT CHARSET=utf8mb4 COLLATE=utf8mb4_unicode_ci;

-- --------------------------------------------------------

--
-- Table structure for table `migrations`
--

CREATE TABLE `migrations` (
  `id` int(10) UNSIGNED NOT NULL,
  `migration` varchar(255) COLLATE utf8mb4_unicode_ci NOT NULL,
  `batch` int(11) NOT NULL
) ENGINE=InnoDB DEFAULT CHARSET=utf8mb4 COLLATE=utf8mb4_unicode_ci;

--
-- Dumping data for table `migrations`
--

INSERT INTO `migrations` (`id`, `migration`, `batch`) VALUES
(1, '2014_10_12_000000_create_users_table', 1),
(2, '2014_10_12_100000_create_password_resets_table', 1),
(3, '2019_08_19_000000_create_failed_jobs_table', 1),
(4, '2020_11_03_102129_db_ChiDinh', 1),
(5, '2020_11_03_102129_db_point', 1),
(6, '2020_11_03_102206_db_category', 1),
(7, '2020_11_03_102249_db_group', 1);

-- --------------------------------------------------------

--
-- Table structure for table `password_resets`
--

CREATE TABLE `password_resets` (
  `email` varchar(255) COLLATE utf8mb4_unicode_ci NOT NULL,
  `token` varchar(255) COLLATE utf8mb4_unicode_ci NOT NULL,
  `created_at` timestamp NULL DEFAULT NULL
) ENGINE=InnoDB DEFAULT CHARSET=utf8mb4 COLLATE=utf8mb4_unicode_ci;

-- --------------------------------------------------------

--
-- Table structure for table `users`
--

CREATE TABLE `users` (
  `id` bigint(20) UNSIGNED NOT NULL,
  `name` varchar(255) COLLATE utf8mb4_unicode_ci NOT NULL,
  `email` varchar(255) COLLATE utf8mb4_unicode_ci NOT NULL,
  `email_verified_at` timestamp NULL DEFAULT NULL,
  `password` varchar(255) COLLATE utf8mb4_unicode_ci NOT NULL,
  `remember_token` varchar(100) COLLATE utf8mb4_unicode_ci DEFAULT NULL,
  `created_at` timestamp NULL DEFAULT NULL,
  `updated_at` timestamp NULL DEFAULT NULL
) ENGINE=InnoDB DEFAULT CHARSET=utf8mb4 COLLATE=utf8mb4_unicode_ci;

--
-- Indexes for dumped tables
--

--
-- Indexes for table `db_category`
--
ALTER TABLE `db_category`
  ADD PRIMARY KEY (`id`);

--
-- Indexes for table `db_chidinh`
--
ALTER TABLE `db_chidinh`
  ADD PRIMARY KEY (`id`);

--
-- Indexes for table `db_group`
--
ALTER TABLE `db_group`
  ADD PRIMARY KEY (`id`);

--
-- Indexes for table `failed_jobs`
--
ALTER TABLE `failed_jobs`
  ADD PRIMARY KEY (`id`),
  ADD UNIQUE KEY `failed_jobs_uuid_unique` (`uuid`);

--
-- Indexes for table `migrations`
--
ALTER TABLE `migrations`
  ADD PRIMARY KEY (`id`);

--
-- Indexes for table `password_resets`
--
ALTER TABLE `password_resets`
  ADD KEY `password_resets_email_index` (`email`);

--
-- Indexes for table `users`
--
ALTER TABLE `users`
  ADD PRIMARY KEY (`id`),
  ADD UNIQUE KEY `users_email_unique` (`email`);

--
-- AUTO_INCREMENT for dumped tables
--

--
-- AUTO_INCREMENT for table `db_category`
--
ALTER TABLE `db_category`
  MODIFY `id` bigint(20) UNSIGNED NOT NULL AUTO_INCREMENT, AUTO_INCREMENT=2160;

--
-- AUTO_INCREMENT for table `db_chidinh`
--
ALTER TABLE `db_chidinh`
  MODIFY `id` bigint(20) UNSIGNED NOT NULL AUTO_INCREMENT, AUTO_INCREMENT=12296;

--
-- AUTO_INCREMENT for table `db_group`
--
ALTER TABLE `db_group`
  MODIFY `id` bigint(20) UNSIGNED NOT NULL AUTO_INCREMENT, AUTO_INCREMENT=26;

--
-- AUTO_INCREMENT for table `failed_jobs`
--
ALTER TABLE `failed_jobs`
  MODIFY `id` bigint(20) UNSIGNED NOT NULL AUTO_INCREMENT;

--
-- AUTO_INCREMENT for table `migrations`
--
ALTER TABLE `migrations`
  MODIFY `id` int(10) UNSIGNED NOT NULL AUTO_INCREMENT, AUTO_INCREMENT=8;

--
-- AUTO_INCREMENT for table `users`
--
ALTER TABLE `users`
  MODIFY `id` bigint(20) UNSIGNED NOT NULL AUTO_INCREMENT;
COMMIT;

/*!40101 SET CHARACTER_SET_CLIENT=@OLD_CHARACTER_SET_CLIENT */;
/*!40101 SET CHARACTER_SET_RESULTS=@OLD_CHARACTER_SET_RESULTS */;
/*!40101 SET COLLATION_CONNECTION=@OLD_COLLATION_CONNECTION */;
